field_of_study,gpa,python,java,c_cpp,sql,machine_learning,data_analysis,cloud_computing,cybersecurity,web_development,devops,networking,communication,leadership,problem_solving,teamwork,adaptability,tech_total,soft_total,tech_soft_ratio,ds_score,da_score,da_score_v2,ba_score,mle_score,de_score,se_score,ce_score,is_data_engineer,is_data_analyst,is_software_dev,is_cloud_expert,is_heavy_ml,is_data_expert,dev_vs_data,ml_vs_dev,analytics_no_infra,infra_no_analytics,da_vs_ds
AI,3.88,1,0,0,0,1,1,0,0,0,0,0,1,4,5,4,4,3,18,0.15789473684210525,4,3,6,10,3,1,1,-1,0,0,0,0,1,0,-1,1,1,-1,0
Cybersecurity,3.89,0,0,1,1,0,0,1,1,1,0,1,4,2,1,3,4,6,14,0.4,1,6,8,11,1,7,5,5,0,0,1,0,0,0,1,-1,0,2,0
Computer Science,2.89,1,0,1,1,0,1,0,1,1,1,0,1,4,2,5,1,7,13,0.5,3,5,8,7,2,6,5,3,0,1,0,0,0,1,0,-1,1,0,1
Data Science,4.0,1,0,0,1,1,0,0,0,0,0,1,3,3,3,3,2,4,14,0.26666666666666666,4,5,8,10,3,5,2,1,0,0,0,0,1,0,-1,1,1,1,-1
Computer Science,3.26,0,0,0,0,1,0,1,1,1,1,1,5,4,3,2,3,6,17,0.3333333333333333,2,5,5,15,4,6,3,6,0,0,1,1,0,0,1,0,-2,3,-1
Computer Science,2.95,0,0,0,1,0,1,0,0,0,0,0,3,1,4,4,2,2,14,0.13333333333333333,2,7,10,12,0,3,1,0,0,1,0,0,0,1,-2,0,2,-1,1
Data Science,3.38,1,0,0,1,1,1,0,0,0,0,0,4,2,4,3,2,4,15,0.25,5,8,11,13,3,3,1,-1,0,0,0,0,1,1,-2,1,2,-1,0
Cybersecurity,3.02,0,1,1,0,1,0,0,1,1,1,1,4,3,3,3,3,7,16,0.4117647058823529,2,4,5,12,3,4,6,4,0,0,1,0,0,0,3,-1,-1,2,-1
Computer Science,2.97,0,0,0,1,1,0,1,1,0,1,1,3,5,1,4,3,6,16,0.35294117647058826,3,5,5,10,4,8,1,6,1,0,0,1,0,0,-1,1,-1,3,-1
Data Science,4.0,1,1,0,1,1,1,0,0,0,0,0,3,2,5,3,2,5,15,0.3125,5,7,10,12,3,3,3,-1,0,0,0,0,1,1,-1,0,2,-1,0
AI,2.86,0,1,1,0,0,0,0,0,0,1,1,5,3,4,2,1,4,15,0.25,0,5,7,16,1,5,5,4,0,0,1,0,0,0,2,-1,-1,2,0
Computer Science,3.93,1,0,1,1,0,0,1,1,0,1,0,4,1,5,3,4,6,17,0.3333333333333333,2,6,8,12,3,9,4,6,1,0,0,1,0,0,0,0,-1,2,0
Software Engineering,3.68,1,1,1,1,0,1,0,1,0,0,0,4,2,4,5,1,6,16,0.35294117647058826,3,8,12,14,1,4,5,1,0,1,0,0,0,1,0,-1,2,-1,1
AI,3.62,1,1,0,1,1,0,1,0,0,1,0,3,1,5,3,4,6,16,0.35294117647058826,4,5,6,9,5,8,4,4,1,0,1,1,1,0,0,0,-1,2,-1
Software Engineering,2.83,0,0,0,1,1,0,0,0,0,0,0,4,4,4,2,4,2,18,0.10526315789473684,3,6,8,15,2,3,1,0,0,0,0,0,0,0,-1,1,1,0,-1
Software Engineering,2.89,1,1,0,0,0,0,0,0,0,1,1,4,4,5,2,3,4,18,0.21052631578947367,1,4,7,15,2,6,5,4,0,0,1,0,0,0,1,-1,-1,2,0
Computer Science,3.43,0,0,0,1,0,1,0,0,1,1,0,3,2,4,3,5,4,17,0.2222222222222222,2,7,9,12,1,5,3,2,0,1,0,0,0,1,-1,-1,1,0,1
Software Engineering,3.18,0,1,0,0,0,0,1,1,0,1,0,4,4,3,1,3,4,15,0.25,0,4,5,14,2,6,4,6,0,0,1,1,0,0,1,-1,-2,2,0
Data Science,3.72,1,0,0,1,0,1,0,0,0,1,0,2,1,1,5,1,4,10,0.36363636363636365,3,6,9,5,2,6,2,2,0,1,0,0,0,1,-2,0,1,0,1
AI,3.69,1,1,0,1,0,0,1,0,0,1,1,2,2,3,3,3,6,13,0.42857142857142855,2,4,6,7,3,10,5,6,1,0,1,1,0,0,0,-1,-1,3,0
Computer Science,3.2,1,0,1,1,1,1,1,0,0,0,0,3,2,5,4,3,6,17,0.3333333333333333,5,7,9,12,4,5,2,1,0,0,0,0,1,1,-1,1,1,0,0
Data Science,2.59,1,1,0,0,1,0,0,1,1,0,1,2,3,1,4,3,6,13,0.42857142857142855,3,2,5,6,3,3,6,2,0,0,1,0,1,0,2,-1,0,1,-1
Data Science,2.99,1,0,0,1,0,0,1,1,1,1,1,2,3,5,5,2,7,17,0.3888888888888889,2,4,6,10,3,10,5,7,1,0,1,1,0,0,0,-1,-1,3,0
Cybersecurity,2.8,0,0,0,1,1,1,1,0,0,1,1,4,5,4,1,4,6,18,0.3157894736842105,4,8,8,16,4,7,0,4,1,0,0,1,0,1,-2,1,0,2,0
Cybersecurity,3.18,0,1,1,0,1,0,1,1,1,1,1,2,3,2,3,3,8,13,0.5714285714285714,2,2,2,7,4,6,6,6,0,0,1,1,0,0,3,-1,-2,3,-1
Software Engineering,2.96,0,0,0,1,0,1,0,0,1,0,0,4,2,4,5,4,3,19,0.15,2,8,11,15,0,3,3,0,0,1,0,0,0,1,-1,-1,2,-1,1
Cybersecurity,3.83,1,0,0,0,0,0,1,1,1,0,1,2,1,4,1,3,5,11,0.4166666666666667,1,2,5,8,2,6,5,5,0,0,1,0,0,0,1,-1,-1,2,0
Computer Science,2.9,1,1,1,0,0,0,0,0,0,0,1,5,4,2,3,4,4,18,0.21052631578947367,1,5,9,15,1,4,6,2,0,0,1,0,0,0,2,-1,0,1,0
Cybersecurity,3.49,0,0,1,0,0,0,0,0,0,1,0,5,1,2,5,4,2,17,0.1111111111111111,0,5,7,12,1,4,3,3,0,0,0,0,0,0,1,0,-1,1,0
Cybersecurity,3.4,1,0,0,1,1,0,0,0,0,1,0,5,3,2,4,4,4,18,0.21052631578947367,4,7,9,12,4,6,2,2,0,0,0,0,1,0,-1,1,0,1,-1
Data Science,3.45,1,0,0,1,1,1,0,0,1,0,0,4,3,4,3,3,5,17,0.2777777777777778,5,8,11,14,3,3,3,-1,0,0,0,0,1,1,-1,0,2,-1,0
Cybersecurity,3.66,0,1,0,1,1,1,1,0,0,0,1,3,3,4,5,1,6,16,0.35294117647058826,4,7,8,13,3,5,2,2,0,0,0,0,0,1,-1,0,1,1,0
Data Science,2.99,1,0,0,1,0,1,1,0,0,0,0,3,1,3,3,3,4,13,0.2857142857142857,3,7,10,10,2,6,2,2,0,1,0,0,0,1,-2,0,1,0,1
Computer Science,3.2,1,0,0,1,1,1,0,0,0,0,0,3,4,5,2,4,4,18,0.21052631578947367,5,7,10,14,3,3,1,-1,0,0,0,0,1,1,-2,1,2,-1,0
AI,3.57,1,0,0,0,0,1,1,0,0,0,0,1,4,4,2,3,3,14,0.2,2,3,6,10,2,4,2,2,0,0,0,0,0,0,-1,0,0,0,1
Cybersecurity,3.01,1,0,0,1,0,1,0,1,0,0,0,3,2,4,5,4,4,18,0.21052631578947367,3,7,11,12,1,4,2,1,0,1,0,0,0,1,-2,0,2,-1,1
Software Engineering,3.18,0,1,0,0,1,0,1,0,0,1,0,3,1,4,2,3,4,13,0.2857142857142857,2,3,3,9,4,5,3,4,0,0,1,1,0,0,1,0,-2,2,-1
Cybersecurity,3.91,1,0,1,1,0,1,0,1,0,1,0,3,2,3,4,4,6,16,0.35294117647058826,3,7,10,10,2,6,3,3,0,1,0,0,0,1,-1,0,1,0,1
Computer Science,2.93,0,1,0,0,1,1,1,0,1,0,0,4,3,3,3,3,5,16,0.29411764705882354,3,6,7,14,3,2,4,1,0,0,0,0,0,0,1,-1,0,0,0
AI,3.59,0,1,1,1,1,1,1,1,1,0,0,3,1,5,1,1,8,11,0.6666666666666666,4,7,8,12,3,4,5,2,0,0,0,0,0,1,1,-1,1,0,0
AI,3.98,1,1,0,0,0,0,0,1,0,0,0,5,4,4,4,5,3,22,0.13043478260869565,1,5,9,17,1,3,5,2,0,0,1,0,0,0,1,-1,0,0,0
AI,2.91,0,0,1,0,0,1,0,1,1,1,1,3,5,5,4,5,6,22,0.2608695652173913,1,5,7,16,1,4,4,4,0,0,0,0,0,0,1,-1,0,1,1
Software Engineering,3.44,1,1,0,1,0,0,1,0,0,0,0,5,2,1,1,4,4,13,0.2857142857142857,2,7,10,12,2,7,5,3,0,0,1,0,0,0,0,-1,0,1,0
Data Science,3.55,1,1,1,1,1,1,0,0,0,0,0,4,2,4,3,4,6,17,0.3333333333333333,5,8,11,13,3,3,4,-1,0,0,0,0,1,1,0,0,2,-1,0
Computer Science,2.98,0,1,0,0,1,0,0,0,0,0,1,5,2,4,2,2,3,15,0.1875,2,5,7,15,2,2,3,1,0,0,1,0,0,0,1,0,0,1,-1
Software Engineering,2.72,1,1,0,1,0,1,1,0,0,0,1,3,1,4,3,5,6,16,0.35294117647058826,3,7,10,11,2,7,4,3,0,1,0,0,0,1,-1,-1,1,1,1
Cybersecurity,3.41,0,0,0,0,0,0,1,1,0,0,1,2,2,5,3,5,3,17,0.16666666666666666,0,2,4,11,1,5,2,5,0,0,0,0,0,0,0,0,-1,2,0
Software Engineering,3.82,1,0,0,1,1,0,1,0,1,0,0,5,1,4,3,1,5,14,0.3333333333333333,4,7,9,13,4,6,4,2,0,0,1,0,1,0,0,0,0,1,-1
Software Engineering,2.78,1,0,0,0,0,1,1,1,0,0,0,5,4,2,2,3,4,16,0.23529411764705882,2,7,10,16,2,4,2,3,0,0,0,0,0,0,-1,0,0,0,1
Data Science,2.77,0,1,0,1,0,1,0,0,0,0,0,2,3,5,5,3,3,18,0.15789473684210525,2,6,9,13,0,3,3,0,0,1,0,0,0,1,-1,-1,2,-1,1
Software Engineering,3.19,0,1,1,0,0,1,1,0,0,1,0,2,3,5,2,4,5,16,0.29411764705882354,1,4,5,12,2,5,4,4,0,0,0,1,0,0,1,-1,-1,1,1
Software Engineering,3.55,0,0,0,1,0,1,0,0,0,1,0,5,5,5,2,4,3,21,0.13636363636363635,2,9,11,20,1,5,1,2,0,1,0,0,0,1,-2,0,1,0,1
AI,3.73,0,1,0,0,0,0,0,0,1,1,1,5,5,2,4,2,4,18,0.21052631578947367,0,5,7,16,1,5,6,4,0,0,1,0,0,0,2,-2,-1,2,0
Data Science,2.7,1,1,1,1,0,1,0,1,1,0,0,4,1,5,2,2,7,14,0.4666666666666667,3,8,12,14,1,4,7,1,0,1,0,0,0,1,1,-2,2,-1,1
Computer Science,3.61,0,0,1,1,1,1,0,1,1,0,0,2,1,3,5,5,6,16,0.35294117647058826,4,6,8,8,2,2,3,0,0,0,0,0,0,1,0,0,2,-1,0
Software Engineering,3.57,0,1,0,0,1,0,0,0,0,1,0,1,2,5,2,1,3,11,0.25,2,1,2,7,3,3,3,2,0,0,1,0,0,0,1,0,-1,1,-1
Software Engineering,3.18,1,0,0,1,0,1,1,1,0,0,1,5,4,2,4,5,6,20,0.2857142857142857,3,9,12,16,2,7,2,4,0,1,0,0,0,1,-2,0,1,1,1
AI,3.28,0,0,0,1,0,1,0,0,0,1,1,3,1,2,5,1,4,12,0.3076923076923077,2,7,9,9,1,6,1,3,0,1,0,0,0,1,-2,0,1,1,1
Software Engineering,3.35,1,0,1,1,0,1,0,1,1,1,1,1,1,4,5,2,8,13,0.5714285714285714,3,5,8,6,2,7,5,4,0,1,0,0,0,1,0,-1,1,1,1
Computer Science,2.65,1,0,1,1,0,0,0,1,0,1,0,3,3,2,4,2,5,14,0.3333333333333333,2,5,8,9,2,7,4,4,0,0,0,0,0,0,0,0,0,1,0
Cybersecurity,3.09,0,0,0,1,0,1,0,0,0,0,0,5,2,5,4,3,2,19,0.1,2,9,12,18,0,3,1,0,0,1,0,0,0,1,-2,0,2,-1,1
Software Engineering,2.69,1,1,1,1,0,1,1,0,0,0,1,3,3,4,3,4,7,17,0.3888888888888889,3,7,10,13,2,7,5,3,0,1,0,0,0,1,0,-1,1,1,1
Data Science,3.74,0,1,1,0,0,1,1,0,0,1,0,4,5,4,2,1,5,16,0.29411764705882354,1,6,7,17,2,5,4,4,0,0,0,1,0,0,1,-1,-1,1,1
Software Engineering,3.03,0,1,1,0,0,1,1,0,0,1,1,4,2,3,3,5,6,17,0.3333333333333333,1,6,7,13,2,6,4,5,0,0,0,1,0,0,1,-1,-1,2,1
Data Science,3.13,1,0,1,1,1,0,1,1,0,0,0,5,5,2,5,3,6,20,0.2857142857142857,4,7,9,15,4,6,3,3,0,0,0,0,1,0,0,1,0,1,-1
Computer Science,2.75,0,1,1,1,0,0,1,1,1,0,0,1,1,4,2,3,6,11,0.5,1,3,5,7,1,6,7,4,0,0,1,0,0,0,2,-2,0,1,0
Data Science,3.4,1,0,1,1,0,0,0,0,1,1,1,5,3,2,1,1,6,12,0.46153846153846156,2,7,10,13,2,8,6,4,0,0,1,0,0,0,1,-1,0,2,0
Computer Science,2.94,0,1,0,1,0,0,1,0,1,0,0,5,3,4,4,3,4,19,0.2,1,7,9,17,1,6,6,3,0,0,1,0,0,0,1,-2,0,1,0
AI,2.87,1,0,0,1,0,1,0,0,0,0,0,4,4,4,4,2,3,18,0.15789473684210525,3,8,12,16,1,4,2,0,0,1,0,0,0,1,-2,0,2,-1,1
Software Engineering,3.19,1,0,1,1,1,0,1,1,1,1,0,3,1,3,2,2,8,11,0.6666666666666666,4,5,6,7,5,8,5,5,1,0,1,1,1,0,1,0,-1,2,-1
Cybersecurity,2.74,1,1,0,1,0,0,1,0,0,1,0,4,2,3,1,4,5,14,0.3333333333333333,2,6,8,11,3,9,5,5,1,0,1,1,0,0,0,-1,-1,2,0
Data Science,3.67,1,0,0,1,0,0,0,0,0,1,0,3,4,5,3,3,3,18,0.15789473684210525,2,5,8,13,2,7,3,3,0,0,0,0,0,0,-1,0,0,1,0
Computer Science,3.97,1,1,1,1,0,1,0,1,0,0,0,4,3,1,1,2,6,11,0.5,3,8,12,12,1,4,5,1,0,1,0,0,0,1,0,-1,2,-1,1
Data Science,3.78,1,0,0,1,1,1,1,0,0,0,0,3,1,5,2,5,5,16,0.29411764705882354,5,7,9,11,4,5,1,1,0,0,0,0,1,1,-2,1,1,0,0
Data Science,2.94,1,0,0,0,1,1,1,0,1,0,1,4,3,1,5,3,6,16,0.35294117647058826,4,6,8,11,4,4,3,2,0,0,0,0,1,0,0,0,0,1,0
Cybersecurity,3.8,0,0,0,1,1,0,1,1,0,1,1,5,2,4,5,3,6,19,0.3,3,7,7,14,4,8,1,6,1,0,0,1,0,0,-1,1,-1,3,-1
Computer Science,2.63,1,0,0,1,0,1,1,0,0,1,1,2,1,4,3,3,6,13,0.42857142857142855,3,6,8,8,3,9,2,5,1,1,0,1,0,1,-2,0,0,2,1
Computer Science,4.0,1,0,1,0,1,1,0,0,0,0,0,4,3,5,2,3,4,17,0.2222222222222222,4,6,9,15,3,1,2,-1,0,0,0,0,1,0,0,1,1,-1,0
Software Engineering,3.57,1,0,1,0,0,0,1,1,0,0,0,5,5,4,4,3,4,21,0.18181818181818182,1,5,8,18,2,5,4,4,0,0,0,0,0,0,1,0,-1,1,0
Software Engineering,3.5,0,1,0,1,1,1,0,1,1,1,1,5,2,4,4,3,8,18,0.42105263157894735,4,9,10,15,3,5,4,3,0,0,0,0,0,1,0,-1,1,1,0
Data Science,3.33,0,1,0,0,0,1,0,1,0,1,1,1,1,4,2,5,5,13,0.35714285714285715,1,3,5,7,1,4,3,4,0,0,0,0,0,0,0,-1,0,1,1
Computer Science,3.02,1,0,0,0,0,1,1,1,0,1,0,4,4,2,2,2,5,14,0.3333333333333333,2,6,8,13,3,6,2,5,0,0,0,1,0,0,-1,0,-1,1,1
Cybersecurity,3.74,1,0,0,1,1,1,0,0,0,0,1,1,1,1,3,2,5,8,0.5555555555555556,5,5,8,3,3,4,1,0,0,0,0,0,1,1,-2,1,2,0,0
Computer Science,3.49,0,0,1,1,0,0,1,0,1,0,0,4,5,3,1,3,4,16,0.23529411764705882,1,6,8,16,1,6,5,3,0,0,1,0,0,0,1,-1,0,1,0
Data Science,3.26,0,0,1,1,1,0,1,1,1,0,0,4,2,5,2,1,6,14,0.4,3,6,7,14,3,5,4,3,0,0,1,0,0,0,1,0,0,1,-1
Software Engineering,3.48,1,1,1,0,1,1,1,0,1,0,1,3,5,5,5,2,8,20,0.38095238095238093,4,5,7,15,4,4,6,2,0,0,0,0,1,0,2,-1,0,1,0
Computer Science,2.54,0,1,1,0,1,1,1,1,0,0,0,2,5,2,5,5,6,19,0.3,3,4,5,11,3,2,3,2,0,0,0,0,0,0,1,0,0,0,0
Computer Science,3.84,0,0,0,0,1,1,1,0,0,0,0,5,5,3,2,5,3,20,0.14285714285714285,3,7,8,18,3,2,0,1,0,0,0,0,0,0,-1,1,0,0,0
Software Engineering,3.38,1,1,0,1,0,0,1,0,0,1,1,3,1,4,3,4,6,15,0.375,2,5,7,9,3,10,5,6,1,0,1,1,0,0,0,-1,-1,3,0
Data Science,2.51,1,0,1,1,1,1,0,0,1,0,0,4,2,2,2,3,6,13,0.42857142857142855,5,8,11,11,3,3,4,-1,0,0,0,0,1,1,0,0,2,-1,0
AI,2.52,1,0,0,1,0,0,1,0,0,1,0,2,4,4,2,2,4,14,0.26666666666666666,2,4,6,10,3,9,3,5,1,0,0,1,0,0,-1,0,-1,2,0
Software Engineering,2.35,1,0,0,1,0,0,1,0,0,1,0,3,1,4,1,5,4,14,0.26666666666666666,2,5,7,9,3,9,3,5,1,0,0,1,0,0,-1,0,-1,2,0
Software Engineering,2.92,1,0,1,1,0,1,1,1,0,1,0,4,2,4,2,4,7,16,0.4117647058823529,3,8,10,13,3,8,3,5,1,1,0,1,0,1,-1,0,0,1,1
Computer Science,3.42,1,0,0,1,0,1,0,1,0,0,0,3,3,2,2,4,4,14,0.26666666666666666,3,7,11,11,1,4,2,1,0,1,0,0,0,1,-2,0,2,-1,1
Computer Science,2.67,1,1,1,1,0,1,0,0,0,0,0,5,3,3,2,2,5,15,0.3125,3,9,13,16,1,4,5,0,0,1,0,0,0,1,0,-1,2,-1,1
Computer Science,3.06,1,0,0,1,0,0,0,0,0,0,0,3,2,4,3,5,2,17,0.1111111111111111,2,5,9,11,1,5,3,1,0,0,0,0,0,0,-1,0,1,0,0
Computer Science,3.32,1,0,0,0,1,1,1,1,0,1,0,3,1,1,4,3,6,12,0.46153846153846156,4,5,6,6,5,5,1,4,0,0,0,1,1,0,-1,1,-1,1,0
Cybersecurity,2.56,1,1,1,1,0,1,0,0,1,1,1,3,2,2,2,1,8,10,0.7272727272727273,3,7,10,9,2,7,7,3,0,1,0,0,0,1,1,-2,1,1,1
Computer Science,3.67,1,0,0,1,0,1,0,0,0,0,0,2,5,5,5,4,3,21,0.13636363636363635,3,6,10,14,1,4,2,0,0,1,0,0,0,1,-2,0,2,-1,1
Cybersecurity,2.96,1,0,0,1,0,1,0,0,0,0,0,4,2,4,2,4,3,16,0.17647058823529413,3,8,12,14,1,4,2,0,0,1,0,0,0,1,-2,0,2,-1,1
Software Engineering,2.57,1,1,1,0,1,0,0,0,0,1,1,3,5,2,1,3,6,14,0.4,3,3,5,10,4,5,5,3,0,0,1,0,1,0,2,0,-1,2,-1
Cybersecurity,3.91,1,0,0,1,0,1,0,0,0,1,0,4,3,2,3,5,4,17,0.2222222222222222,3,8,11,12,2,6,2,2,0,1,0,0,0,1,-2,0,1,0,1
Software Engineering,3.06,0,0,1,0,0,0,1,0,1,1,0,2,5,2,3,2,4,14,0.26666666666666666,0,2,3,10,2,6,5,5,0,0,1,1,0,0,2,-1,-2,2,0
Computer Science,3.46,1,1,1,1,1,0,0,0,1,1,1,3,4,1,1,4,8,13,0.5714285714285714,4,5,7,8,4,7,7,3,0,0,1,0,1,0,2,-1,0,2,-1
Data Science,2.67,1,1,0,1,0,1,1,0,0,1,1,4,3,4,3,4,7,18,0.3684210526315789,3,8,10,14,3,9,4,5,1,1,0,1,0,1,-1,-1,0,2,1
AI,3.68,1,0,0,0,1,0,1,1,1,0,0,4,5,2,5,4,5,20,0.23809523809523808,3,4,6,13,4,4,4,3,0,0,1,0,1,0,1,0,-1,1,-1
Cybersecurity,3.27,0,1,0,0,0,0,1,0,0,1,1,4,1,4,3,3,4,15,0.25,0,4,5,12,2,7,4,6,0,0,1,1,0,0,1,-1,-2,3,0
Software Engineering,4.0,1,0,1,1,0,0,0,1,1,1,1,3,1,4,4,4,7,16,0.4117647058823529,2,5,8,9,2,8,6,5,0,0,1,0,0,0,1,-1,0,2,0
Computer Science,2.81,1,0,1,0,0,0,0,1,0,0,0,5,2,5,2,4,3,18,0.15789473684210525,1,5,9,16,1,3,4,2,0,0,0,0,0,0,1,0,0,0,0
AI,2.86,0,1,1,0,0,0,1,0,1,1,0,3,4,5,4,1,5,17,0.2777777777777778,0,3,4,14,2,6,7,5,0,0,1,1,0,0,3,-2,-2,2,0
Computer Science,3.03,1,1,0,1,0,0,1,0,0,0,1,4,3,3,4,5,5,19,0.25,2,6,9,13,2,8,5,4,0,0,1,0,0,0,0,-1,0,2,0
AI,2.61,1,0,1,0,0,0,0,0,0,0,0,5,5,5,5,5,2,25,0.07692307692307693,1,5,9,19,1,3,4,1,0,0,0,0,0,0,1,0,0,0,0
Data Science,3.48,1,0,0,1,0,1,1,0,0,1,0,4,4,5,2,5,5,20,0.23809523809523808,3,8,10,16,3,8,2,4,1,1,0,1,0,1,-2,0,0,1,1
Software Engineering,3.44,1,1,0,1,1,0,0,0,0,0,0,1,1,2,3,1,4,8,0.4444444444444444,4,3,6,3,3,4,4,0,0,0,1,0,1,0,0,0,1,0,-1
Cybersecurity,3.33,1,1,1,1,1,0,1,1,0,1,1,1,1,1,2,1,9,6,1.2857142857142858,4,3,4,1,5,9,5,6,1,0,1,1,1,0,1,0,-1,3,-1
Software Engineering,2.88,1,0,0,1,0,0,1,1,1,1,1,2,4,3,5,3,7,17,0.3888888888888889,2,4,6,9,3,10,5,7,1,0,1,1,0,0,0,-1,-1,3,0
Cybersecurity,3.39,1,0,0,0,1,1,1,1,0,0,1,5,1,1,3,4,6,14,0.4,4,7,9,11,4,4,1,3,0,0,0,0,1,0,-1,1,0,1,0
Cybersecurity,3.24,0,0,1,1,0,0,0,1,1,1,1,2,2,4,5,2,6,15,0.375,1,4,6,9,1,7,5,5,0,0,1,0,0,0,1,-1,0,2,0
Data Science,3.37,1,0,0,1,0,1,0,0,0,0,0,4,5,5,4,4,3,22,0.13043478260869565,3,8,12,18,1,4,2,0,0,1,0,0,0,1,-2,0,2,-1,1
Cybersecurity,3.62,0,1,0,0,1,1,0,1,1,1,1,5,3,4,1,4,7,17,0.3888888888888889,3,7,8,16,3,3,4,3,0,0,0,0,0,0,1,-1,0,1,0
Data Science,2.74,0,1,1,1,1,1,1,0,1,0,1,1,2,3,2,3,8,11,0.6666666666666666,4,5,6,7,3,5,5,2,0,0,0,0,0,1,1,-1,1,1,0
Cybersecurity,3.79,1,0,0,1,0,1,0,0,0,0,1,3,3,3,4,2,4,15,0.25,3,7,11,12,1,5,2,1,0,1,0,0,0,1,-2,0,2,0,1
Cybersecurity,3.11,1,1,1,0,1,0,0,1,0,1,1,5,5,5,3,5,7,23,0.2916666666666667,3,5,7,17,4,5,5,4,0,0,1,0,1,0,2,0,-1,2,-1
AI,3.37,0,0,1,0,1,1,0,1,1,0,0,3,2,4,3,5,5,17,0.2777777777777778,3,5,7,12,2,0,3,0,0,0,0,0,0,0,1,0,1,-1,0
Cybersecurity,3.48,0,0,1,0,1,1,1,0,0,1,1,3,2,4,5,2,6,16,0.35294117647058826,3,5,5,11,4,5,1,4,0,0,0,1,0,0,0,1,-1,2,0
Software Engineering,3.47,0,0,0,1,1,1,1,0,0,1,0,3,3,3,3,1,5,13,0.35714285714285715,4,7,7,11,4,6,0,3,1,0,0,1,0,1,-2,1,0,1,0
Cybersecurity,3.7,0,1,0,0,1,0,0,1,1,0,0,4,5,4,4,5,4,22,0.17391304347826086,2,4,6,16,2,1,5,1,0,0,1,0,0,0,2,-1,0,0,-1
Data Science,2.88,1,1,0,0,1,1,0,1,0,1,0,5,1,1,4,3,6,14,0.4,4,7,9,10,4,3,3,2,0,0,0,0,1,0,0,0,0,0,0
Cybersecurity,3.6,1,1,1,1,1,0,1,0,1,0,1,1,5,5,3,3,8,17,0.4444444444444444,4,3,5,10,4,7,7,3,0,0,1,0,1,0,2,-1,0,2,-1
Software Engineering,2.97,1,1,0,1,1,0,1,0,0,0,0,4,4,5,2,3,5,18,0.2631578947368421,4,6,8,15,4,6,4,2,0,0,1,0,1,0,0,0,0,1,-1
Computer Science,3.4,1,0,0,1,1,0,1,0,0,0,0,3,1,4,4,5,4,17,0.2222222222222222,4,5,7,9,4,6,2,2,0,0,0,0,1,0,-1,1,0,1,-1
Software Engineering,3.77,1,1,0,0,1,0,1,0,0,1,1,3,2,4,3,3,6,15,0.375,3,3,4,9,5,7,4,5,0,0,1,1,1,0,1,0,-2,3,-1
Computer Science,3.21,0,0,0,1,1,1,0,0,0,0,0,1,2,1,5,3,3,12,0.23076923076923078,4,5,7,5,2,2,0,-1,0,0,0,0,0,1,-2,1,2,-1,0
Software Engineering,3.11,1,0,0,1,1,0,1,0,0,1,1,5,2,3,2,5,6,17,0.3333333333333333,4,7,8,12,5,9,2,5,1,0,0,1,1,0,-1,1,-1,3,-1
Computer Science,2.71,1,1,0,1,0,0,1,1,1,1,0,3,1,4,2,4,7,14,0.4666666666666667,2,5,7,9,3,9,7,6,1,0,1,1,0,0,1,-2,-1,2,0
AI,2.99,1,0,1,0,0,0,1,0,0,1,0,1,5,3,4,2,4,15,0.25,1,1,3,8,3,7,4,5,0,0,0,1,0,0,1,0,-2,2,0
Cybersecurity,3.88,1,1,0,1,1,1,0,0,0,1,0,5,3,5,3,5,6,21,0.2727272727272727,5,9,11,16,4,5,3,1,0,0,0,0,1,1,-1,0,1,0,0
Computer Science,2.68,0,0,1,1,1,0,0,0,1,1,0,5,5,5,1,4,5,20,0.23809523809523808,3,7,8,18,3,5,4,2,0,0,1,0,0,0,1,0,0,1,-1
AI,3.0,1,0,0,1,0,1,1,0,0,1,1,5,1,5,4,5,6,20,0.2857142857142857,3,9,11,15,3,9,2,5,1,1,0,1,0,1,-2,0,0,2,1
Software Engineering,3.66,1,1,0,1,0,0,1,1,1,0,0,3,3,4,4,2,6,16,0.35294117647058826,2,5,8,12,2,7,7,4,0,0,1,0,0,0,1,-2,0,1,0
Cybersecurity,2.64,0,1,0,0,1,0,1,0,1,1,1,3,4,4,2,2,6,15,0.375,2,3,3,12,4,6,5,5,0,0,1,1,0,0,2,-1,-2,3,-1
Data Science,3.92,1,1,1,1,0,0,0,1,0,1,0,4,3,5,2,4,6,18,0.3157894736842105,2,6,9,14,2,7,6,4,0,0,1,0,0,0,1,-1,0,1,0
AI,3.08,0,0,0,1,1,0,1,0,1,0,1,5,2,2,3,1,5,13,0.35714285714285715,3,7,8,13,3,6,3,3,0,0,1,0,0,0,0,0,0,2,-1
Software Engineering,3.16,0,0,1,0,0,1,0,0,0,1,0,4,5,2,4,2,3,17,0.16666666666666666,1,6,8,15,1,3,2,2,0,0,0,0,0,0,0,0,0,0,1
Cybersecurity,2.83,1,1,0,1,1,0,1,1,1,1,1,3,4,4,2,5,9,18,0.47368421052631576,4,5,6,11,5,9,6,6,1,0,1,1,1,0,1,-1,-1,3,-1
Computer Science,2.77,0,1,0,1,1,0,1,0,1,1,1,1,5,5,2,3,7,16,0.4117647058823529,3,3,3,10,4,8,5,5,1,0,1,1,0,0,1,-1,-1,3,-1
Cybersecurity,2.73,1,1,0,0,0,0,1,0,0,0,1,4,1,1,5,2,4,13,0.2857142857142857,1,4,7,9,2,6,5,4,0,0,1,0,0,0,1,-1,-1,2,0
Computer Science,3.03,0,0,0,0,0,1,1,0,0,0,1,2,2,3,2,1,3,10,0.2727272727272727,1,4,6,10,1,4,1,3,0,0,0,0,0,0,-1,0,0,1,1
Data Science,2.95,1,1,0,1,1,0,1,1,1,1,1,3,3,5,2,3,9,16,0.5294117647058824,4,5,6,11,5,9,6,6,1,0,1,1,1,0,1,-1,-1,3,-1
Computer Science,3.73,1,0,0,0,1,1,1,0,0,0,0,4,1,4,2,4,4,15,0.25,4,6,8,12,4,3,1,1,0,0,0,0,1,0,-1,1,0,0,0
Software Engineering,2.53,0,1,0,1,1,0,0,1,0,0,0,2,1,1,1,3,4,8,0.4444444444444444,3,4,6,5,2,3,3,1,0,0,1,0,0,0,0,0,1,0,-1
AI,3.08,0,0,1,1,1,0,0,1,1,1,1,5,5,1,3,1,7,15,0.4375,3,7,8,14,3,6,4,4,0,0,1,0,0,0,1,0,0,2,-1
Cybersecurity,3.11,1,0,0,1,1,0,0,0,1,1,1,2,1,1,5,1,6,10,0.5454545454545454,4,4,6,3,4,7,4,3,0,0,1,0,1,0,0,0,0,2,-1
Data Science,3.17,0,1,0,1,1,1,0,1,1,1,1,3,5,3,1,2,8,14,0.5333333333333333,4,7,8,13,3,5,4,3,0,0,0,0,0,1,0,-1,1,1,0
Computer Science,3.68,0,0,0,1,0,1,1,1,0,0,1,2,1,4,4,1,5,12,0.38461538461538464,2,6,8,10,1,6,1,4,0,1,0,0,0,1,-2,0,1,1,1
Cybersecurity,3.11,0,0,1,0,1,0,0,0,0,0,1,2,2,2,3,3,3,12,0.23076923076923078,2,2,4,7,2,2,2,1,0,0,0,0,0,0,1,1,0,1,-1
Software Engineering,3.77,1,1,1,0,0,0,0,1,0,0,0,4,5,4,1,2,4,16,0.23529411764705882,1,4,8,16,1,3,6,2,0,0,1,0,0,0,2,-1,0,0,0
AI,2.72,1,1,1,0,0,1,0,0,1,1,1,2,4,4,3,5,7,18,0.3684210526315789,2,4,7,11,2,5,7,3,0,0,0,0,0,0,2,-2,0,1,1
Cybersecurity,3.39,1,1,0,0,1,1,0,0,1,0,1,3,3,4,1,1,6,12,0.46153846153846156,4,5,8,12,3,2,5,0,0,0,0,0,1,0,1,-1,1,0,0
Cybersecurity,3.17,0,0,1,1,1,1,1,1,1,0,1,2,2,4,4,2,8,14,0.5333333333333333,4,6,7,10,3,5,3,3,0,0,0,0,0,1,0,0,1,1,0
AI,3.95,0,1,1,1,0,0,1,1,1,0,0,5,5,5,2,4,6,21,0.2727272727272727,1,7,9,20,1,6,7,4,0,0,1,0,0,0,2,-2,0,1,0
AI,2.79,0,0,0,1,1,1,1,0,1,1,0,5,4,2,3,5,6,19,0.3,4,9,9,15,4,6,2,3,1,0,0,1,0,1,-1,0,0,1,0
AI,3.87,0,1,1,0,1,0,0,0,0,0,0,3,5,5,1,2,3,16,0.17647058823529413,2,3,5,15,2,1,4,0,0,0,1,0,0,0,2,0,0,0,-1
AI,3.76,1,1,0,1,1,0,1,0,1,0,1,2,1,2,1,1,7,7,0.875,4,4,6,5,4,7,6,3,0,0,1,0,1,0,1,-1,0,2,-1
Software Engineering,3.34,1,1,0,1,1,1,1,0,0,0,1,2,3,2,1,5,7,13,0.5,5,6,8,8,4,6,3,2,0,0,0,0,1,1,-1,0,1,1,0
Software Engineering,2.57,0,0,1,0,0,0,1,1,1,1,1,1,4,2,4,1,6,12,0.46153846153846156,0,1,2,7,2,7,5,7,0,0,1,1,0,0,2,-1,-2,3,0
Data Science,3.19,1,1,1,0,1,1,0,1,1,0,0,4,4,1,4,4,7,17,0.3888888888888889,4,6,9,12,3,1,6,0,0,0,0,0,1,0,2,-1,1,-1,0
Data Science,3.58,1,0,1,1,1,1,1,0,0,0,0,5,1,4,3,3,6,16,0.35294117647058826,5,9,11,14,4,5,2,1,0,0,0,0,1,1,-1,1,1,0,0
Software Engineering,3.79,1,0,1,0,1,1,1,0,1,1,1,3,4,3,1,5,8,16,0.47058823529411764,4,5,6,11,5,6,4,4,0,0,0,1,1,0,1,0,-1,2,0
Data Science,2.97,1,1,1,1,0,1,1,1,1,1,0,3,2,3,2,5,9,15,0.5625,3,7,9,10,3,8,7,5,1,1,0,1,0,1,1,-2,0,1,1
Data Science,3.61,1,0,0,1,1,1,1,0,0,0,0,2,3,4,3,4,5,16,0.29411764705882354,5,6,8,10,4,5,1,1,0,0,0,0,1,1,-2,1,1,0,0
Computer Science,3.31,1,0,0,1,1,1,1,0,0,0,0,5,3,3,3,4,5,18,0.2631578947368421,5,9,11,15,4,5,1,1,0,0,0,0,1,1,-2,1,1,0,0
AI,3.88,0,0,0,0,0,1,1,1,1,0,0,1,4,2,4,2,4,13,0.2857142857142857,1,3,5,9,1,3,3,3,0,0,0,0,0,0,0,-1,0,0,1
Cybersecurity,2.5,1,0,1,0,1,1,0,1,0,1,1,4,3,3,3,2,7,15,0.4375,4,6,8,12,4,4,2,3,0,0,0,0,1,0,0,1,0,1,0
Computer Science,3.07,1,0,0,1,1,1,1,1,0,0,0,2,3,4,5,4,6,18,0.3157894736842105,5,6,8,10,4,5,1,2,0,0,0,0,1,1,-2,1,1,0,0
Data Science,3.71,0,1,1,0,0,0,0,1,0,1,0,1,3,2,1,2,4,9,0.4,0,1,3,6,1,4,5,4,0,0,1,0,0,0,2,-1,-1,1,0
AI,3.49,1,0,0,1,0,0,1,0,1,1,0,4,5,5,3,1,5,18,0.2631578947368421,2,6,8,16,3,9,5,5,1,0,1,1,0,0,0,-1,-1,2,0
AI,3.47,0,0,0,1,1,1,0,1,1,0,1,3,2,3,3,3,6,14,0.4,4,7,9,11,2,3,2,1,0,0,0,0,0,1,-1,0,2,0,0
Data Science,2.7,1,0,0,1,0,1,1,1,0,1,1,3,1,3,2,5,7,14,0.4666666666666667,3,7,9,9,3,9,2,6,1,1,0,1,0,1,-2,0,0,2,1
AI,2.94,0,1,0,1,0,0,0,1,0,1,0,2,4,5,2,2,4,15,0.25,1,4,6,12,1,6,4,4,0,0,1,0,0,0,0,-1,0,1,0
Software Engineering,3.74,0,1,0,0,0,0,1,1,0,0,0,1,1,1,4,5,3,12,0.23076923076923078,0,1,3,4,1,4,4,4,0,0,1,0,0,0,1,-1,-1,1,0
Data Science,3.41,1,1,0,0,1,1,0,0,0,1,0,1,1,4,2,4,5,12,0.38461538461538464,4,3,5,5,4,3,3,1,0,0,0,0,1,0,0,0,0,0,0
Computer Science,3.09,1,0,0,1,0,1,1,0,1,0,0,5,4,5,3,3,5,20,0.23809523809523808,3,9,12,19,2,6,4,2,0,1,0,0,0,1,-1,-1,1,0,1
Cybersecurity,2.95,0,1,0,1,1,0,1,1,1,0,0,2,5,1,1,2,6,11,0.5,3,4,5,9,3,5,5,3,0,0,1,0,0,0,1,-1,0,1,-1
Data Science,3.31,1,0,1,1,1,1,0,0,1,0,0,5,3,5,1,1,6,15,0.375,5,9,12,17,3,3,4,-1,0,0,0,0,1,1,0,0,2,-1,0
Data Science,2.78,1,0,0,0,1,1,0,1,1,0,0,5,4,4,4,1,5,18,0.2631578947368421,4,7,10,17,3,1,3,0,0,0,0,0,1,0,0,0,1,-1,0
AI,2.72,1,0,1,1,1,0,0,1,1,0,1,5,1,1,2,4,7,13,0.5,4,7,10,10,3,5,5,2,0,0,1,0,1,0,1,0,1,1,-1
Cybersecurity,2.97,1,0,1,1,0,0,0,0,1,0,0,2,1,4,1,4,4,12,0.3076923076923077,2,4,8,8,1,5,6,1,0,0,1,0,0,0,1,-1,1,0,0
Software Engineering,2.73,1,1,1,0,0,0,1,1,0,0,0,2,2,3,3,2,5,12,0.38461538461538464,1,2,5,8,2,5,6,4,0,0,1,0,0,0,2,-1,-1,1,0
Computer Science,3.32,1,0,1,1,1,1,1,1,1,0,0,3,1,1,4,3,8,12,0.6153846153846154,5,7,9,7,4,5,4,2,0,0,0,0,1,1,0,0,1,0,0
Cybersecurity,3.22,0,0,1,1,1,1,0,0,1,1,0,3,2,2,2,3,6,12,0.46153846153846156,4,7,8,9,3,4,3,1,0,0,0,0,0,1,0,0,1,0,0
AI,3.5,1,0,0,1,1,1,0,0,1,0,0,2,1,5,3,4,5,15,0.3125,5,6,9,9,3,3,3,-1,0,0,0,0,1,1,-1,0,2,-1,0
AI,3.21,0,0,0,1,0,0,1,0,0,0,1,4,2,4,3,5,3,18,0.15789473684210525,1,6,8,14,1,7,2,4,0,0,0,0,0,0,-1,0,0,2,0
Cybersecurity,3.78,0,0,1,0,1,0,0,1,1,0,0,1,5,5,1,5,4,17,0.2222222222222222,2,1,3,11,2,1,4,1,0,0,1,0,0,0,2,0,0,0,-1
Cybersecurity,3.29,1,0,1,0,1,1,0,0,0,1,0,5,4,2,1,4,5,16,0.29411764705882354,4,7,9,14,4,3,2,1,0,0,0,0,1,0,0,1,0,0,0
AI,3.09,1,1,0,0,1,0,0,1,1,1,0,1,5,4,4,5,6,19,0.3,3,1,3,8,4,4,6,3,0,0,1,0,1,0,2,-1,-1,1,-1
Data Science,3.24,0,0,0,1,1,1,0,0,1,0,1,5,4,5,3,2,5,19,0.25,4,9,11,19,2,3,2,0,0,0,0,0,0,1,-1,0,2,0,0
Software Engineering,2.81,1,0,0,0,1,0,1,1,0,0,0,1,2,5,3,2,4,13,0.2857142857142857,3,1,3,7,4,4,2,3,0,0,0,0,1,0,0,1,-1,1,-1
Data Science,3.85,1,0,0,1,0,1,1,0,0,1,1,2,2,4,3,5,6,16,0.35294117647058826,3,6,8,9,3,9,2,5,1,1,0,1,0,1,-2,0,0,2,1
Data Science,3.21,1,0,0,0,0,1,0,0,0,0,0,3,2,5,3,4,2,17,0.1111111111111111,2,5,9,13,1,2,2,0,0,0,0,0,0,0,-1,0,1,-1,1
Data Science,2.94,1,1,1,1,0,1,1,0,0,1,0,3,2,5,2,4,7,16,0.4117647058823529,3,7,9,12,3,8,5,4,1,1,0,1,0,1,0,-1,0,1,1
Software Engineering,3.86,1,1,0,1,1,1,0,0,0,1,0,3,5,3,4,2,6,17,0.3333333333333333,5,7,9,12,4,5,3,1,0,0,0,0,1,1,-1,0,1,0,0
Data Science,3.43,1,0,0,1,1,1,1,0,1,1,0,5,4,5,4,2,7,20,0.3333333333333333,5,9,10,17,5,7,3,3,1,0,0,1,1,1,-1,0,0,1,0
AI,3.13,1,1,1,0,1,0,0,0,1,1,0,2,5,2,1,2,6,12,0.46153846153846156,3,2,4,8,4,4,7,2,0,0,1,0,1,0,3,-1,-1,1,-1
Computer Science,2.83,1,0,0,1,1,1,1,0,0,1,0,4,5,2,3,2,6,16,0.35294117647058826,5,8,9,13,5,7,1,3,1,0,0,1,1,1,-2,1,0,1,0
Data Science,3.27,1,0,1,1,1,1,1,0,0,0,0,5,1,3,4,3,6,16,0.35294117647058826,5,9,11,13,4,5,2,1,0,0,0,0,1,1,-1,1,1,0,0
AI,2.81,1,0,0,1,1,1,1,1,1,1,1,3,5,2,5,2,9,17,0.5,5,7,8,11,5,8,3,5,1,0,0,1,1,1,-1,0,0,2,0
Software Engineering,3.95,0,1,1,1,0,1,0,1,1,1,0,1,3,2,3,4,7,13,0.5,2,5,7,7,1,5,6,3,0,1,0,0,0,1,1,-2,1,0,1
AI,3.13,1,0,0,0,1,1,1,0,0,0,1,4,3,4,3,2,5,16,0.29411764705882354,4,6,8,14,4,4,1,2,0,0,0,0,1,0,-1,1,0,1,0
AI,3.43,1,0,1,0,1,1,1,0,0,0,0,5,2,5,3,5,5,20,0.23809523809523808,4,7,9,16,4,3,2,1,0,0,0,0,1,0,0,1,0,0,0
Data Science,3.08,1,1,1,0,0,1,0,1,0,1,1,2,5,5,4,3,7,19,0.35,2,4,7,13,2,5,5,4,0,0,0,0,0,0,1,-1,0,1,1
Cybersecurity,3.71,0,1,1,1,0,1,1,1,1,0,0,2,5,1,3,3,7,14,0.4666666666666667,2,6,8,11,1,5,6,3,0,1,0,0,0,1,1,-2,1,0,1
Cybersecurity,3.5,1,1,1,1,1,0,1,0,1,1,0,1,5,4,2,5,8,17,0.4444444444444444,4,3,4,8,5,8,7,4,1,0,1,1,1,0,2,-1,-1,2,-1
AI,3.73,1,1,0,0,0,0,0,0,1,1,0,4,3,5,3,2,4,17,0.2222222222222222,1,4,7,14,2,5,7,3,0,0,1,0,0,0,2,-2,-1,1,0
Software Engineering,3.13,1,1,1,1,0,0,1,0,0,1,0,4,2,3,3,5,6,17,0.3333333333333333,2,6,8,11,3,9,6,5,1,0,1,1,0,0,1,-1,-1,2,0
Computer Science,2.61,1,1,1,0,0,0,0,0,1,1,0,3,3,3,1,3,5,13,0.35714285714285715,1,3,6,10,2,5,8,3,0,0,1,0,0,0,3,-2,-1,1,0
Data Science,3.27,1,1,1,1,0,1,1,0,1,0,1,5,2,3,1,1,8,12,0.6153846153846154,3,9,12,15,2,7,7,3,0,1,0,0,0,1,1,-2,1,1,1
Computer Science,3.32,1,0,0,1,1,1,1,0,0,0,0,2,3,5,5,2,5,17,0.2777777777777778,5,6,8,11,4,5,1,1,0,0,0,0,1,1,-2,1,1,0,0
Cybersecurity,3.58,1,1,0,1,0,1,1,0,0,0,0,5,4,1,4,1,5,15,0.3125,3,9,12,15,2,6,4,2,0,1,0,0,0,1,-1,-1,1,0,1
AI,3.89,1,0,1,0,0,1,0,1,0,1,0,1,1,1,2,2,5,7,0.625,2,3,6,3,2,4,3,3,0,0,0,0,0,0,0,0,0,0,1
Computer Science,3.94,0,0,1,1,0,1,0,0,0,1,1,3,1,3,5,2,5,14,0.3333333333333333,2,7,9,10,1,6,2,3,0,1,0,0,0,1,-1,0,1,1,1
Computer Science,3.5,0,1,0,1,1,0,0,1,0,1,0,5,5,4,3,2,5,19,0.25,3,7,8,17,3,5,3,3,0,0,1,0,0,0,0,0,0,1,-1
AI,2.54,0,0,0,1,1,1,1,1,1,1,1,1,2,1,2,3,8,9,0.8,4,5,5,4,4,7,2,5,1,0,0,1,0,1,-1,0,0,2,0
Data Science,3.2,1,1,0,1,1,1,0,0,0,0,0,1,2,5,4,3,5,15,0.3125,5,5,8,8,3,3,3,-1,0,0,0,0,1,1,-1,0,2,-1,0
Data Science,3.54,0,1,0,1,1,0,1,1,1,1,1,5,2,5,2,5,8,19,0.4,3,7,7,15,4,8,5,6,1,0,1,1,0,0,1,-1,-1,3,-1
Data Science,3.72,1,0,0,0,1,1,0,1,0,0,0,3,3,5,5,3,4,19,0.2,4,5,8,13,3,1,1,0,0,0,0,0,1,0,-1,1,1,-1,0
Data Science,3.12,0,0,1,1,0,0,1,0,1,1,1,2,3,4,2,2,6,13,0.42857142857142855,1,4,5,10,2,9,5,6,1,0,1,1,0,0,1,-1,-1,3,0
Software Engineering,3.46,1,0,0,0,1,1,0,0,0,0,1,3,3,1,5,4,4,16,0.23529411764705882,4,5,8,9,3,2,1,0,0,0,0,0,1,0,-1,1,1,0,0
Computer Science,2.82,1,0,1,0,0,1,0,0,0,1,1,1,1,4,2,3,5,11,0.4166666666666667,2,3,6,6,2,5,3,3,0,0,0,0,0,0,0,0,0,1,1
Data Science,3.4,1,0,0,1,1,1,0,1,0,0,0,4,2,5,3,3,5,17,0.2777777777777778,5,8,11,14,3,3,1,0,0,0,0,0,1,1,-2,1,2,-1,0
Software Engineering,2.5,1,0,1,1,1,0,0,1,1,0,0,4,2,1,5,1,6,13,0.42857142857142855,4,6,9,9,3,4,5,1,0,0,1,0,1,0,1,0,1,0,-1
Cybersecurity,2.7,0,0,1,1,1,1,0,0,0,1,0,3,2,1,1,5,5,12,0.38461538461538464,4,7,8,8,3,4,1,1,0,0,0,0,0,1,-1,1,1,0,0
Software Engineering,3.45,0,1,0,1,0,1,0,0,1,0,0,2,1,3,5,3,4,14,0.26666666666666666,2,6,9,9,0,3,5,0,0,1,0,0,0,1,0,-2,2,-1,1
Data Science,3.97,1,1,1,1,1,1,1,0,0,0,0,3,1,5,2,4,7,15,0.4375,5,7,9,11,4,5,4,1,0,0,0,0,1,1,0,0,1,0,0
Data Science,3.03,0,1,1,1,0,0,0,1,0,1,1,1,2,4,2,1,6,10,0.5454545454545454,1,3,5,7,1,7,5,5,0,0,1,0,0,0,1,-1,0,2,0
Computer Science,3.96,0,1,0,1,1,1,1,0,1,1,0,2,2,4,5,2,7,15,0.4375,4,6,6,9,4,6,4,3,1,0,0,1,0,1,0,-1,0,1,0
Data Science,3.76,1,0,1,1,1,1,0,0,0,0,0,4,2,5,2,4,5,17,0.2777777777777778,5,8,11,14,3,3,2,-1,0,0,0,0,1,1,-1,1,2,-1,0
Software Engineering,3.52,0,1,1,0,0,0,1,0,1,1,0,2,5,4,5,4,5,20,0.23809523809523808,0,2,3,12,2,6,7,5,0,0,1,1,0,0,3,-2,-2,2,0
Data Science,3.5,1,0,1,1,1,1,0,0,0,0,0,5,3,5,4,2,5,19,0.25,5,9,12,17,3,3,2,-1,0,0,0,0,1,1,-1,1,2,-1,0
Software Engineering,3.52,0,1,0,0,1,1,0,1,0,1,1,2,2,4,4,4,6,16,0.35294117647058826,3,4,5,9,3,3,2,3,0,0,0,0,0,0,0,0,0,1,0
Data Science,3.88,1,1,0,0,1,1,1,0,0,1,0,3,2,4,3,4,6,16,0.35294117647058826,4,5,6,10,5,5,3,3,0,0,0,1,1,0,0,0,-1,1,0
Software Engineering,2.94,1,0,1,0,0,0,0,1,1,0,1,3,5,3,5,4,5,20,0.23809523809523808,1,3,7,13,1,4,6,3,0,0,1,0,0,0,2,-1,0,1,0
Software Engineering,3.67,0,1,0,1,1,1,0,0,1,1,1,3,1,1,5,1,7,11,0.5833333333333334,4,7,8,7,3,5,4,2,0,0,0,0,0,1,0,-1,1,1,0
Data Science,2.84,1,1,0,0,1,0,1,0,0,0,1,4,2,5,3,5,5,19,0.25,3,4,6,13,4,5,4,3,0,0,1,0,1,0,1,0,-1,2,-1
Data Science,3.42,1,0,0,0,0,1,1,0,1,0,0,5,4,5,5,3,4,22,0.17391304347826086,2,7,10,19,2,4,4,2,0,0,0,0,0,0,0,-1,0,0,1
Software Engineering,2.93,1,0,1,1,0,1,1,0,0,1,0,4,1,1,2,2,6,10,0.5454545454545454,3,8,10,9,3,8,3,4,1,1,0,1,0,1,-1,0,0,1,1
Data Science,3.78,0,0,1,1,1,1,1,1,0,1,1,5,3,3,2,2,8,15,0.5,4,9,9,15,4,7,1,5,1,0,0,1,0,1,-1,1,0,2,0
AI,3.23,1,1,0,1,1,1,0,0,0,0,0,3,3,4,4,1,5,15,0.3125,5,7,10,12,3,3,3,-1,0,0,0,0,1,1,-1,0,2,-1,0
Computer Science,3.62,1,0,0,1,1,0,1,0,1,1,0,4,1,3,4,5,6,17,0.3333333333333333,4,6,7,9,5,8,4,4,1,0,1,1,1,0,0,0,-1,2,-1
Computer Science,2.72,1,1,1,1,1,0,1,0,1,1,1,2,4,2,2,3,9,13,0.6428571428571429,4,4,5,7,5,9,7,5,1,0,1,1,1,0,2,-1,-1,3,-1
Cybersecurity,3.34,1,1,1,1,1,1,1,1,1,1,0,1,2,1,4,1,10,9,1.0,5,5,6,3,5,7,6,4,1,0,0,1,1,1,1,-1,0,1,0
Cybersecurity,3.6,0,1,1,0,1,0,0,1,1,1,0,1,4,2,2,4,6,13,0.42857142857142855,2,1,2,6,3,3,6,3,0,0,1,0,0,0,3,-1,-1,1,-1
Data Science,3.24,1,0,1,1,1,1,1,0,0,0,0,3,3,5,3,2,6,16,0.35294117647058826,5,7,9,13,4,5,2,1,0,0,0,0,1,1,-1,1,1,0,0
AI,3.28,0,1,1,0,0,0,1,0,0,1,0,4,1,5,3,5,4,18,0.21052631578947367,0,4,5,13,2,6,5,5,0,0,1,1,0,0,2,-1,-2,2,0
Cybersecurity,2.63,0,1,0,1,1,0,0,1,0,0,1,2,3,5,1,5,5,16,0.29411764705882354,3,4,6,11,2,4,3,2,0,0,1,0,0,0,0,0,1,1,-1
Computer Science,3.0,0,0,1,1,1,1,0,1,0,0,0,2,5,1,5,1,5,14,0.3333333333333333,4,6,8,10,2,2,1,0,0,0,0,0,0,1,-1,1,2,-1,0
AI,3.51,0,0,0,1,0,1,0,0,0,1,1,2,3,4,4,2,4,15,0.25,2,6,8,11,1,6,1,3,0,1,0,0,0,1,-2,0,1,1,1
Data Science,3.54,0,1,1,1,0,0,1,1,0,1,0,1,4,4,3,3,6,15,0.375,1,3,4,9,2,8,5,6,1,0,1,1,0,0,1,-1,-1,2,0
AI,3.51,1,1,0,0,1,1,0,0,0,0,0,3,3,5,1,2,4,14,0.26666666666666666,4,5,8,13,3,1,3,-1,0,0,0,0,1,0,0,0,1,-1,0
Data Science,3.29,1,0,0,1,0,1,0,0,0,0,0,4,3,4,3,2,3,16,0.17647058823529413,3,8,12,15,1,4,2,0,0,1,0,0,0,1,-2,0,2,-1,1
AI,2.78,0,0,1,1,0,0,1,1,0,1,1,2,4,3,5,2,6,16,0.35294117647058826,1,4,5,10,2,9,3,7,1,0,0,1,0,0,0,0,-1,3,0
Data Science,2.87,1,1,0,1,0,1,1,1,1,1,1,1,3,2,3,5,9,14,0.6,3,5,7,6,3,9,6,6,1,1,0,1,0,1,0,-2,0,2,1
Computer Science,3.33,1,0,0,1,0,1,0,0,1,1,1,5,5,2,4,3,6,19,0.3,3,9,12,16,2,7,4,3,0,1,0,0,0,1,-1,-1,1,1,1
Computer Science,3.15,1,0,0,1,0,0,1,1,0,1,1,4,2,5,3,4,6,18,0.3157894736842105,2,6,8,13,3,10,3,7,1,0,0,1,0,0,-1,0,-1,3,0
Software Engineering,2.79,1,0,0,1,1,0,1,0,1,1,1,2,5,1,4,4,7,16,0.4117647058823529,4,4,5,7,5,9,4,5,1,0,1,1,1,0,0,0,-1,3,-1
Data Science,2.78,1,0,0,1,0,1,0,0,0,0,0,5,3,3,5,3,3,19,0.15,3,9,13,16,1,4,2,0,0,1,0,0,0,1,-2,0,2,-1,1
Cybersecurity,3.23,1,1,0,0,0,0,0,0,0,1,1,4,4,2,4,5,4,19,0.2,1,4,7,12,2,6,5,4,0,0,1,0,0,0,1,-1,-1,2,0
Cybersecurity,2.59,0,1,0,0,0,1,1,1,1,0,0,5,4,3,5,1,5,18,0.2631578947368421,1,7,9,18,1,3,5,3,0,0,0,0,0,0,1,-2,0,0,1
Software Engineering,3.19,0,1,0,1,1,0,0,1,0,0,0,4,1,1,1,1,4,8,0.4444444444444444,3,6,8,9,2,3,3,1,0,0,1,0,0,0,0,0,1,0,-1
Data Science,2.65,1,1,0,1,0,1,0,0,1,0,1,5,1,1,3,2,6,12,0.46153846153846156,3,9,13,12,1,5,6,1,0,1,0,0,0,1,0,-2,2,0,1
AI,2.65,1,0,1,0,0,1,1,0,1,0,0,3,1,5,3,1,5,13,0.35714285714285715,2,5,8,12,2,4,5,2,0,0,0,0,0,0,1,-1,0,0,1
Computer Science,3.12,0,1,1,1,0,0,1,0,1,0,1,5,3,1,2,5,6,16,0.35294117647058826,1,7,9,14,1,7,7,4,0,0,1,0,0,0,2,-2,0,2,0
Computer Science,3.47,0,1,0,1,0,1,0,0,0,0,0,5,1,4,4,2,3,16,0.17647058823529413,2,9,12,16,0,3,3,0,0,1,0,0,0,1,-1,-1,2,-1,1
Software Engineering,3.08,1,0,0,1,0,1,1,0,0,1,0,5,1,5,2,4,5,17,0.2777777777777778,3,9,11,15,3,8,2,4,1,1,0,1,0,1,-2,0,0,1,1
Cybersecurity,2.99,0,1,0,1,1,0,1,0,0,0,1,1,2,5,2,1,5,11,0.4166666666666667,3,3,4,8,3,6,3,3,0,0,1,0,0,0,0,0,0,2,-1
Data Science,3.34,1,1,0,1,1,1,0,0,0,0,0,4,3,3,5,4,5,19,0.25,5,8,11,13,3,3,3,-1,0,0,0,0,1,1,-1,0,2,-1,0
Computer Science,3.85,1,0,0,1,1,0,0,0,1,0,0,2,2,4,4,4,4,16,0.23529411764705882,4,4,7,8,3,4,4,0,0,0,1,0,1,0,0,0,1,0,-1
Data Science,3.42,1,1,0,1,1,1,0,0,0,0,0,4,5,4,5,3,5,21,0.22727272727272727,5,8,11,16,3,3,3,-1,0,0,0,0,1,1,-1,0,2,-1,0
Data Science,3.23,1,1,0,1,0,0,0,0,0,0,0,3,1,4,3,5,3,16,0.17647058823529413,2,5,9,10,1,5,5,1,0,0,1,0,0,0,0,-1,1,0,0
Computer Science,2.84,1,1,0,1,0,0,1,0,0,1,0,4,2,3,4,2,5,15,0.3125,2,6,8,11,3,9,5,5,1,0,1,1,0,0,0,-1,-1,2,0
Computer Science,2.87,0,0,0,1,0,1,1,1,0,0,0,1,2,4,5,3,4,15,0.25,2,5,7,9,1,5,1,3,0,1,0,0,0,1,-2,0,1,0,1
Computer Science,3.85,0,1,0,1,1,0,1,0,1,1,0,4,5,2,5,1,6,17,0.3333333333333333,3,6,6,13,4,7,5,4,1,0,1,1,0,0,1,-1,-1,2,-1
Software Engineering,3.19,1,0,1,1,0,0,0,1,0,0,0,4,1,2,2,2,4,11,0.3333333333333333,2,6,10,10,1,5,4,2,0,0,0,0,0,0,0,0,1,0,0
Software Engineering,3.0,1,0,1,1,1,1,0,0,0,1,0,1,1,3,4,4,6,13,0.42857142857142855,5,5,7,4,4,5,2,1,0,0,0,0,1,1,-1,1,1,0,0
Cybersecurity,3.46,1,1,1,0,0,1,0,0,1,1,0,4,3,3,5,4,6,19,0.3,2,6,9,13,2,4,7,2,0,0,0,0,0,0,2,-2,0,0,1
AI,3.09,0,1,0,0,1,1,1,1,1,1,1,5,1,1,3,5,8,15,0.5,3,7,7,11,4,5,4,5,0,0,0,1,0,0,1,-1,-1,2,0
Data Science,3.18,1,0,1,1,0,1,1,0,0,0,0,3,3,3,4,4,5,17,0.2777777777777778,3,7,10,12,2,6,3,2,0,1,0,0,0,1,-1,0,1,0,1
Computer Science,3.16,1,0,0,0,1,0,0,0,0,1,0,4,3,2,1,5,3,15,0.1875,3,4,6,10,4,4,2,2,0,0,0,0,1,0,0,1,-1,1,-1
Cybersecurity,3.1,0,1,1,0,0,1,1,0,1,1,1,4,1,2,2,4,7,13,0.5,1,6,7,11,2,6,6,5,0,0,0,1,0,0,2,-2,-1,2,1
Data Science,2.92,1,0,0,1,0,1,1,0,0,0,0,4,3,3,5,4,4,19,0.2,3,8,11,14,2,6,2,2,0,1,0,0,0,1,-2,0,1,0,1
Software Engineering,3.4,0,1,0,0,0,1,0,1,1,0,1,2,1,2,4,4,5,13,0.35714285714285715,1,4,7,8,0,2,5,2,0,0,0,0,0,0,1,-2,1,0,1
Computer Science,3.92,1,0,0,1,1,1,0,0,1,1,0,3,5,1,5,3,6,17,0.3333333333333333,5,7,9,10,4,5,3,1,0,0,0,0,1,1,-1,0,1,0,0
AI,3.37,0,1,1,1,0,0,0,0,0,0,1,3,1,1,2,5,4,12,0.3076923076923077,1,5,8,8,0,5,5,2,0,0,1,0,0,0,1,-1,1,1,0
Data Science,3.28,0,1,1,1,0,0,1,1,0,0,0,2,5,3,4,4,5,18,0.2631578947368421,1,4,6,12,1,6,5,4,0,0,1,0,0,0,1,-1,0,1,0
Computer Science,3.55,1,1,1,0,0,1,1,0,1,1,0,5,4,2,5,5,7,21,0.3181818181818182,2,7,9,15,3,6,7,4,0,0,0,1,0,0,2,-2,-1,1,1
Software Engineering,3.42,0,1,0,0,1,1,1,0,1,0,1,3,4,3,2,3,6,15,0.375,3,5,6,13,3,3,4,2,0,0,0,0,0,0,1,-1,0,1,0
Cybersecurity,3.61,1,0,0,1,1,1,1,0,0,0,0,4,3,3,4,5,5,19,0.25,5,8,10,13,4,5,1,1,0,0,0,0,1,1,-2,1,1,0,0
Cybersecurity,2.73,0,1,0,0,1,1,0,1,1,0,1,5,2,3,2,5,6,17,0.3333333333333333,3,7,9,15,2,1,4,1,0,0,0,0,0,0,1,-1,1,0,0
AI,2.9,1,1,1,1,1,0,1,1,1,0,1,3,5,1,1,2,9,12,0.6923076923076923,4,5,7,10,4,7,7,4,0,0,1,0,1,0,2,-1,0,2,-1
Cybersecurity,3.82,1,1,1,1,1,1,1,1,0,1,1,3,4,2,3,2,10,14,0.6666666666666666,5,7,8,10,5,8,4,5,1,0,0,1,1,1,0,0,0,2,0
Data Science,2.94,1,1,0,1,0,1,0,0,0,0,0,5,3,3,5,1,4,17,0.2222222222222222,3,9,13,16,1,4,4,0,0,1,0,0,0,1,-1,-1,2,-1,1
Computer Science,3.32,1,1,1,0,0,1,1,0,1,0,0,4,3,5,4,4,6,20,0.2857142857142857,2,6,9,16,2,4,7,2,0,0,0,0,0,0,2,-2,0,0,1
AI,2.72,1,0,0,1,0,1,0,0,0,0,0,4,3,5,5,2,3,19,0.15,3,8,12,16,1,4,2,0,0,1,0,0,0,1,-2,0,2,-1,1
AI,2.8,0,1,1,0,0,0,1,1,0,1,0,4,3,5,5,2,5,19,0.25,0,4,5,15,2,6,5,6,0,0,1,1,0,0,2,-1,-2,2,0
Cybersecurity,2.69,0,0,0,0,1,1,1,1,0,1,1,5,4,4,4,3,6,20,0.2857142857142857,3,7,7,17,4,5,0,5,0,0,0,1,0,0,-1,1,-1,2,0
Cybersecurity,2.62,1,1,1,0,1,0,1,0,0,0,0,2,2,5,1,4,5,14,0.3333333333333333,3,2,4,9,4,4,5,2,0,0,1,0,1,0,2,0,-1,1,-1
Cybersecurity,3.4,1,1,1,1,0,0,1,0,0,1,1,2,1,2,2,3,7,10,0.6363636363636364,2,4,6,5,3,10,6,6,1,0,1,1,0,0,1,-1,-1,3,0
AI,3.08,1,0,1,1,0,1,1,0,0,0,1,2,4,1,2,3,6,12,0.46153846153846156,3,6,9,9,2,7,3,3,0,1,0,0,0,1,-1,0,1,1,1
Software Engineering,3.54,0,1,1,1,0,0,0,0,1,0,0,3,2,5,4,3,4,17,0.2222222222222222,1,5,8,13,0,4,7,1,0,0,1,0,0,0,2,-2,1,0,0
Software Engineering,3.83,0,0,0,0,0,0,1,0,1,0,1,2,1,2,5,3,3,13,0.21428571428571427,0,2,4,7,1,5,4,4,0,0,1,0,0,0,1,-1,-1,2,0
Data Science,2.91,1,1,0,0,1,1,0,1,1,0,0,1,4,3,4,2,6,14,0.4,4,3,6,8,3,1,5,0,0,0,0,0,1,0,1,-1,1,-1,0
Software Engineering,2.72,1,0,0,0,0,1,0,0,0,0,0,3,5,4,3,1,2,16,0.11764705882352941,2,5,9,15,1,2,2,0,0,0,0,0,0,0,-1,0,1,-1,1
Cybersecurity,3.58,1,0,0,1,1,0,1,0,1,0,1,2,3,2,1,4,6,12,0.46153846153846156,4,4,6,7,4,7,4,3,0,0,1,0,1,0,0,0,0,2,-1
Data Science,3.86,0,0,0,1,1,1,1,1,0,0,1,3,5,1,3,1,6,13,0.42857142857142855,4,7,8,12,3,5,0,3,0,0,0,0,0,1,-2,1,1,1,0
Software Engineering,3.94,1,0,0,1,0,1,1,1,0,1,1,3,2,2,3,3,7,13,0.5,3,7,9,9,3,9,2,6,1,1,0,1,0,1,-2,0,0,2,1
Computer Science,2.8,0,1,0,1,0,1,1,0,1,1,1,3,5,1,5,1,7,15,0.4375,2,7,8,12,2,8,5,5,1,1,0,1,0,1,0,-2,0,2,1
AI,3.19,1,0,1,1,1,1,0,1,0,1,1,4,3,1,3,5,8,16,0.47058823529411764,5,8,10,10,4,6,2,3,0,0,0,0,1,1,-1,1,1,1,0
AI,3.2,1,0,1,0,0,1,1,1,0,1,1,2,1,5,5,3,7,16,0.4117647058823529,2,4,6,9,3,7,3,6,0,0,0,1,0,0,0,0,-1,2,1
Cybersecurity,3.52,0,1,0,1,1,0,0,0,1,0,1,2,3,5,2,2,5,14,0.3333333333333333,3,4,6,11,2,4,5,1,0,0,1,0,0,0,1,-1,1,1,-1
Cybersecurity,3.87,1,0,1,1,0,1,0,0,1,0,0,5,1,5,4,5,5,20,0.23809523809523808,3,9,13,16,1,4,5,0,0,1,0,0,0,1,0,-1,2,-1,1
Data Science,3.66,1,0,1,1,0,0,0,1,0,1,0,5,3,1,2,1,5,12,0.38461538461538464,2,7,10,12,2,7,4,4,0,0,0,0,0,0,0,0,0,1,0
Software Engineering,3.3,0,0,1,0,0,1,1,0,0,1,1,4,1,3,2,4,5,14,0.3333333333333333,1,6,7,12,2,6,2,5,0,0,0,1,0,0,0,0,-1,2,1
AI,2.97,0,1,0,0,1,1,0,0,0,1,1,2,2,5,5,2,5,16,0.29411764705882354,3,4,5,10,3,3,2,2,0,0,0,0,0,0,0,0,0,1,0
AI,3.07,1,0,1,1,0,0,1,1,0,0,1,2,2,3,2,5,6,14,0.4,2,4,7,8,2,8,4,5,0,0,0,0,0,0,0,0,0,2,0
Software Engineering,3.12,1,0,1,1,0,1,1,0,0,1,0,2,2,3,3,4,6,14,0.4,3,6,8,8,3,8,3,4,1,1,0,1,0,1,-1,0,0,1,1
Data Science,3.44,1,1,1,1,0,0,0,1,0,1,0,3,5,1,1,1,6,11,0.5,2,5,8,10,2,7,6,4,0,0,1,0,0,0,1,-1,0,1,0
Software Engineering,2.84,1,1,1,1,0,0,0,1,1,0,0,3,4,2,2,5,6,16,0.35294117647058826,2,5,9,11,1,5,8,2,0,0,1,0,0,0,2,-2,1,0,0
AI,2.82,1,1,0,1,0,1,1,0,0,1,0,2,1,3,5,4,6,15,0.375,3,6,8,7,3,8,4,4,1,1,0,1,0,1,-1,-1,0,1,1
Data Science,3.17,0,0,0,1,1,0,0,0,1,1,0,3,2,5,4,5,4,19,0.2,3,5,6,11,3,5,3,2,0,0,1,0,0,0,0,0,0,1,-1
Data Science,3.92,1,1,0,1,1,0,1,0,0,1,1,5,5,3,4,3,7,20,0.3333333333333333,4,7,8,15,5,9,4,5,1,0,1,1,1,0,0,0,-1,3,-1
AI,2.99,0,1,0,0,0,0,0,0,1,0,0,3,3,3,5,5,2,19,0.1,0,3,6,12,0,2,6,1,0,0,1,0,0,0,2,-2,0,0,0
Computer Science,2.81,0,0,1,1,1,0,1,0,0,0,0,2,5,2,5,5,4,19,0.2,3,4,5,10,3,5,2,2,0,0,0,0,0,0,0,1,0,1,-1
Computer Science,3.19,1,1,1,0,1,1,1,0,0,0,0,4,3,5,3,3,6,18,0.3157894736842105,4,6,8,15,4,3,4,1,0,0,0,0,1,0,1,0,0,0,0
Computer Science,2.78,1,1,0,0,0,0,1,0,1,1,1,3,5,1,5,3,6,17,0.3333333333333333,1,3,5,10,3,8,7,6,0,0,1,1,0,0,2,-2,-2,3,0
Data Science,3.93,1,1,1,1,0,1,1,1,0,0,0,5,2,4,5,2,7,18,0.3684210526315789,3,9,12,16,2,6,5,3,0,1,0,0,0,1,0,-1,1,0,1
AI,3.89,1,0,0,0,1,0,0,0,0,1,1,1,3,3,2,4,4,13,0.2857142857142857,3,1,3,5,4,5,2,3,0,0,0,0,1,0,0,1,-1,2,-1
Computer Science,2.97,0,0,1,0,1,0,1,1,0,1,0,3,3,5,1,2,5,14,0.3333333333333333,2,3,3,12,4,5,2,5,0,0,0,1,0,0,1,1,-2,2,-1
Cybersecurity,3.65,0,1,1,0,0,1,1,0,0,0,0,3,4,5,3,1,4,16,0.23529411764705882,1,5,7,16,1,3,4,2,0,0,0,0,0,0,1,-1,0,0,1
Computer Science,3.38,1,1,1,0,1,0,0,1,1,1,0,3,5,3,1,2,7,14,0.4666666666666667,3,3,5,11,4,4,7,3,0,0,1,0,1,0,3,-1,-1,1,-1
Data Science,3.45,1,0,0,0,1,1,1,0,0,0,0,4,2,5,3,3,4,17,0.2222222222222222,4,6,8,14,4,3,1,1,0,0,0,0,1,0,-1,1,0,0,0
Cybersecurity,3.13,1,0,1,0,0,0,0,1,1,1,1,3,4,1,2,4,6,14,0.4,1,3,6,9,2,6,6,5,0,0,1,0,0,0,2,-1,-1,2,0
Computer Science,2.61,1,1,1,0,1,1,1,1,0,0,0,2,2,5,1,1,7,11,0.5833333333333334,4,4,6,10,4,3,4,2,0,0,0,0,1,0,1,0,0,0,0
Computer Science,3.28,0,0,0,1,0,0,0,0,0,0,0,5,3,5,4,1,1,18,0.05263157894736842,1,7,10,18,0,4,2,1,0,0,0,0,0,0,-1,0,1,0,0
AI,3.93,1,0,0,1,1,1,0,0,0,0,0,4,2,5,3,4,4,18,0.21052631578947367,5,8,11,14,3,3,1,-1,0,0,0,0,1,1,-2,1,2,-1,0
Computer Science,3.71,0,1,0,1,1,1,0,0,0,0,0,1,1,4,5,3,4,14,0.26666666666666666,4,5,7,7,2,2,2,-1,0,0,0,0,0,1,-1,0,2,-1,0
Data Science,3.38,1,0,0,0,0,0,0,0,0,1,0,4,1,3,2,5,2,15,0.125,1,4,7,10,2,5,3,3,0,0,0,0,0,0,0,0,-1,1,0
Software Engineering,2.6,0,0,0,0,0,0,1,1,0,1,1,2,2,5,3,4,4,16,0.23529411764705882,0,2,3,10,2,7,2,7,0,0,0,1,0,0,0,0,-2,3,0
Cybersecurity,3.03,1,1,1,1,0,1,1,0,1,1,0,4,4,2,2,2,8,14,0.5333333333333333,3,8,10,13,3,8,7,4,1,1,0,1,0,1,1,-2,0,1,1
Data Science,3.43,0,1,1,0,0,1,0,0,0,1,1,5,4,4,1,4,5,18,0.2631578947368421,1,7,9,18,1,4,4,3,0,0,0,0,0,0,1,-1,0,1,1
Software Engineering,2.68,0,1,1,1,1,0,1,1,0,1,0,2,2,4,3,4,7,15,0.4375,3,4,4,8,4,7,4,5,1,0,1,1,0,0,1,0,-1,2,-1
Computer Science,3.0,1,1,0,0,1,1,1,0,0,1,0,3,4,4,3,3,6,17,0.3333333333333333,4,5,6,12,5,5,3,3,0,0,0,1,1,0,0,0,-1,1,0
AI,2.52,0,0,0,1,1,0,1,1,0,1,0,2,2,5,5,5,5,19,0.25,3,4,4,9,4,7,1,5,1,0,0,1,0,0,-1,1,-1,2,-1
AI,2.67,1,1,1,1,1,0,0,1,0,0,1,2,2,2,5,3,7,14,0.4666666666666667,4,4,7,6,3,5,5,2,0,0,1,0,1,0,1,0,1,1,-1
Cybersecurity,2.62,0,1,1,1,1,1,0,1,0,0,1,4,3,1,4,3,7,15,0.4375,4,8,10,12,2,3,3,1,0,0,0,0,0,1,0,0,2,0,0
AI,3.51,1,0,0,1,1,1,0,0,0,0,0,5,1,5,2,3,4,16,0.23529411764705882,5,9,12,15,3,3,1,-1,0,0,0,0,1,1,-2,1,2,-1,0
Computer Science,3.16,1,0,0,1,0,1,1,0,1,0,0,2,3,5,2,5,5,17,0.2777777777777778,3,6,9,12,2,6,4,2,0,1,0,0,0,1,-1,-1,1,0,1
Data Science,3.07,1,0,1,1,0,1,1,0,0,1,1,3,1,4,2,2,7,12,0.5384615384615384,3,7,9,10,3,9,3,5,1,1,0,1,0,1,-1,0,0,2,1
Computer Science,3.84,0,0,0,1,1,1,0,0,1,0,1,5,4,2,4,5,5,20,0.23809523809523808,4,9,11,16,2,3,2,0,0,0,0,0,0,1,-1,0,2,0,0
Software Engineering,3.41,1,0,0,0,0,1,0,0,0,1,0,5,3,4,4,4,3,20,0.14285714285714285,2,7,10,16,2,4,2,2,0,0,0,0,0,0,-1,0,0,0,1
Computer Science,3.44,1,0,1,1,0,1,1,1,0,0,0,3,2,5,3,5,6,18,0.3157894736842105,3,7,10,13,2,6,3,3,0,1,0,0,0,1,-1,0,1,0,1
Software Engineering,3.56,1,1,0,0,0,1,0,0,1,0,1,2,3,1,2,5,5,13,0.35714285714285715,2,4,8,8,1,3,6,1,0,0,0,0,0,0,1,-2,1,0,1
Cybersecurity,2.77,0,1,0,0,1,1,0,0,1,0,0,3,4,3,3,1,4,14,0.26666666666666666,3,5,7,13,2,0,4,-1,0,0,0,0,0,0,1,-1,1,-1,0
Data Science,3.39,0,0,0,1,1,1,1,0,0,1,0,2,1,2,2,4,5,11,0.4166666666666667,4,6,6,6,4,6,0,3,1,0,0,1,0,1,-2,1,0,1,0
Software Engineering,2.73,0,0,1,0,1,0,0,1,1,1,0,5,5,2,5,3,5,20,0.23809523809523808,2,5,6,15,3,3,4,3,0,0,1,0,0,0,2,0,-1,1,-1
Computer Science,3.33,1,1,1,1,0,1,1,1,1,1,0,4,2,2,3,3,9,14,0.6,3,8,10,11,3,8,7,5,1,1,0,1,0,1,1,-2,0,1,1
Computer Science,2.66,0,1,1,1,0,1,0,1,1,0,0,2,5,1,4,3,6,15,0.375,2,6,9,11,0,3,6,1,0,1,0,0,0,1,1,-2,2,-1,1
Cybersecurity,2.65,1,1,1,0,1,1,0,0,0,1,1,2,3,3,2,4,7,14,0.4666666666666667,4,4,6,8,4,4,4,2,0,0,0,0,1,0,1,0,0,1,0
Cybersecurity,2.59,1,0,0,1,0,1,0,0,1,1,1,2,3,1,4,3,6,13,0.42857142857142855,3,6,9,7,2,7,4,3,0,1,0,0,0,1,-1,-1,1,1,1
Software Engineering,3.15,1,1,0,1,1,1,1,0,0,1,0,3,3,3,2,3,7,14,0.4666666666666667,5,7,8,10,5,7,3,3,1,0,0,1,1,1,-1,0,0,1,0
Computer Science,2.65,0,0,1,1,1,0,1,1,0,1,0,2,2,1,5,3,6,13,0.42857142857142855,3,4,4,5,4,7,2,5,1,0,0,1,0,0,0,1,-1,2,-1
Data Science,3.64,0,1,0,0,1,0,0,0,1,1,0,4,2,4,4,1,4,15,0.25,2,4,5,12,3,3,5,2,0,0,1,0,0,0,2,-1,-1,1,-1
Data Science,3.52,1,0,1,1,0,1,0,0,0,0,0,4,2,5,5,2,4,18,0.21052631578947367,3,8,12,15,1,4,3,0,0,1,0,0,0,1,-1,0,2,-1,1
AI,3.19,0,0,0,1,0,1,0,0,0,0,0,3,3,4,4,4,2,18,0.10526315789473684,2,7,10,14,0,3,1,0,0,1,0,0,0,1,-2,0,2,-1,1
AI,3.74,0,0,1,0,1,1,0,0,0,0,1,1,5,4,4,1,4,15,0.25,3,3,5,11,2,1,1,0,0,0,0,0,0,0,0,1,1,0,0
Software Engineering,3.35,1,1,1,0,0,0,0,0,0,0,0,3,3,1,5,2,3,14,0.2,1,3,7,9,1,3,6,1,0,0,1,0,0,0,2,-1,0,0,0
Data Science,2.6,1,1,1,0,0,0,1,0,0,1,1,1,1,5,3,3,6,13,0.42857142857142855,1,1,3,6,3,8,6,6,0,0,1,1,0,0,2,-1,-2,3,0
Cybersecurity,3.42,0,0,0,1,1,0,1,1,0,0,1,5,1,2,5,3,5,16,0.29411764705882354,3,7,8,12,3,6,1,4,0,0,0,0,0,0,-1,1,0,2,-1
Data Science,3.05,0,0,0,1,0,1,0,0,0,1,0,4,4,5,3,3,3,19,0.15,2,8,10,17,1,5,1,2,0,1,0,0,0,1,-2,0,1,0,1
Data Science,2.88,1,0,0,1,0,0,1,0,0,0,0,2,3,5,4,4,3,18,0.15789473684210525,2,4,7,11,2,7,3,3,0,0,0,0,0,0,-1,0,0,1,0
Computer Science,3.48,1,0,1,0,0,0,1,1,1,1,0,2,2,1,5,3,6,13,0.42857142857142855,1,2,4,5,3,7,6,6,0,0,1,1,0,0,2,-1,-2,2,0
AI,3.84,1,1,1,0,0,1,1,1,0,0,0,2,4,1,1,5,6,13,0.42857142857142855,2,4,7,9,2,4,5,3,0,0,0,0,0,0,1,-1,0,0,1
Computer Science,3.06,0,1,1,0,1,1,1,1,0,0,1,5,2,2,1,5,7,15,0.4375,3,7,8,14,3,3,3,3,0,0,0,0,0,0,1,0,0,1,0
Data Science,4.0,1,1,1,0,0,0,1,0,1,0,0,2,5,4,5,2,5,18,0.2631578947368421,1,2,5,12,2,5,8,3,0,0,1,0,0,0,3,-2,-1,1,0
Data Science,3.37,0,0,1,1,1,0,1,1,1,1,0,1,3,1,5,3,7,13,0.5,3,3,3,4,4,7,4,5,1,0,1,1,0,0,1,0,-1,2,-1
Software Engineering,2.81,0,0,0,1,0,0,1,0,1,1,0,2,2,5,1,1,4,11,0.3333333333333333,1,4,5,10,2,8,4,5,1,0,1,1,0,0,0,-1,-1,2,0
Data Science,3.07,0,1,1,0,1,0,1,1,0,1,0,4,1,4,2,3,6,14,0.4,2,4,4,11,4,5,4,5,0,0,1,1,0,0,2,0,-2,2,-1
AI,2.77,1,1,1,1,1,0,1,1,0,0,0,1,3,2,1,5,7,12,0.5384615384615384,4,3,5,5,4,6,5,3,0,0,1,0,1,0,1,0,0,1,-1
Data Science,3.29,1,0,0,1,0,0,1,0,0,1,0,3,3,4,5,5,4,20,0.19047619047619047,2,5,7,11,3,9,3,5,1,0,0,1,0,0,-1,0,-1,2,0
Data Science,3.16,0,0,0,1,0,1,0,0,1,0,1,5,1,2,1,4,4,13,0.2857142857142857,2,9,12,14,0,4,3,1,0,1,0,0,0,1,-1,-1,2,0,1
AI,3.2,1,1,0,1,1,1,1,0,1,1,0,1,2,1,5,2,8,11,0.6666666666666666,5,5,6,3,5,7,5,3,1,0,0,1,1,1,0,-1,0,1,0
Data Science,3.45,1,0,0,1,0,1,1,0,0,0,0,4,4,3,4,3,4,18,0.21052631578947367,3,8,11,15,2,6,2,2,0,1,0,0,0,1,-2,0,1,0,1
Computer Science,2.64,0,1,0,1,1,0,1,1,1,1,0,3,1,2,4,4,7,14,0.4666666666666667,3,5,5,7,4,7,5,5,1,0,1,1,0,0,1,-1,-1,2,-1
Data Science,3.22,1,0,0,1,1,0,1,0,0,0,1,4,1,5,4,4,5,18,0.2631578947368421,4,6,8,12,4,7,2,3,0,0,0,0,1,0,-1,1,0,2,-1
Software Engineering,3.58,1,0,0,1,0,1,0,0,0,0,0,5,5,5,3,5,3,23,0.125,3,9,13,20,1,4,2,0,0,1,0,0,0,1,-2,0,2,-1,1
Computer Science,3.95,0,1,0,0,0,0,1,0,1,0,0,1,1,4,2,2,3,10,0.2727272727272727,0,1,3,7,1,4,6,3,0,0,1,0,0,0,2,-2,-1,1,0
Software Engineering,2.59,1,0,1,0,1,1,1,1,1,0,0,4,4,4,1,2,7,15,0.4375,4,6,8,15,4,3,4,2,0,0,0,0,1,0,1,0,0,0,0
Cybersecurity,3.02,1,0,1,1,0,0,1,0,0,1,1,2,2,3,3,4,6,14,0.4,2,4,6,7,3,10,4,6,1,0,0,1,0,0,0,0,-1,3,0
Software Engineering,3.45,0,0,0,0,0,0,1,1,0,0,1,2,1,4,5,5,3,17,0.16666666666666666,0,2,4,9,1,5,2,5,0,0,0,0,0,0,0,0,-1,2,0
AI,2.93,1,0,1,1,1,1,1,0,0,0,0,2,3,4,3,3,6,15,0.375,5,6,8,10,4,5,2,1,0,0,0,0,1,1,-1,1,1,0,0
Cybersecurity,2.61,1,0,0,0,0,0,1,0,1,0,0,4,3,1,1,3,3,12,0.23076923076923078,1,4,7,11,2,5,5,3,0,0,1,0,0,0,1,-1,-1,1,0
Computer Science,3.8,1,1,0,0,1,1,0,1,1,1,1,3,3,3,3,4,8,16,0.47058823529411764,4,5,7,10,4,4,5,3,0,0,0,0,1,0,1,-1,0,1,0
Computer Science,3.42,0,0,0,0,0,1,1,1,0,1,1,4,2,5,2,4,5,17,0.2777777777777778,1,6,7,15,2,6,1,6,0,0,0,1,0,0,-1,0,-1,2,1
Software Engineering,3.85,0,1,1,0,1,0,0,1,0,0,0,1,4,1,3,2,4,11,0.3333333333333333,2,1,3,6,2,1,4,1,0,0,1,0,0,0,2,0,0,0,-1
Cybersecurity,2.98,1,1,0,1,1,0,1,0,1,0,0,5,1,2,4,4,6,16,0.35294117647058826,4,7,9,11,4,6,6,2,0,0,1,0,1,0,1,-1,0,1,-1
Cybersecurity,2.53,1,1,1,0,0,0,1,0,0,1,1,5,3,5,3,5,6,21,0.2727272727272727,1,5,7,16,3,8,6,6,0,0,1,1,0,0,2,-1,-2,3,0
Software Engineering,3.19,0,0,1,0,0,0,0,1,1,1,0,1,5,1,1,1,4,9,0.4,0,1,3,7,1,4,5,4,0,0,1,0,0,0,2,-1,-1,1,0
Cybersecurity,2.93,0,1,0,1,1,0,1,1,1,1,0,4,5,1,1,3,7,14,0.4666666666666667,3,6,6,12,4,7,5,5,1,0,1,1,0,0,1,-1,-1,2,-1
Software Engineering,2.75,0,0,0,1,1,1,1,0,0,1,1,1,4,2,1,3,6,11,0.5,4,5,5,7,4,7,0,4,1,0,0,1,0,1,-2,1,0,2,0
Cybersecurity,3.23,0,0,0,0,0,0,1,1,1,0,1,5,1,4,4,1,4,15,0.25,0,5,7,15,1,5,4,5,0,0,1,0,0,0,1,-1,-1,2,0
Computer Science,3.4,0,1,1,0,1,0,0,0,1,1,1,5,3,4,4,5,6,21,0.2727272727272727,2,5,6,15,3,4,6,3,0,0,1,0,0,0,3,-1,-1,2,-1
Software Engineering,3.91,1,1,1,1,0,1,1,1,0,1,0,1,4,1,4,5,8,15,0.5,3,5,7,6,3,8,5,5,1,1,0,1,0,1,0,-1,0,1,1
Computer Science,3.33,1,0,0,1,1,0,0,0,1,0,0,4,3,5,3,3,4,18,0.21052631578947367,4,6,9,14,3,4,4,0,0,0,1,0,1,0,0,0,1,0,-1
Software Engineering,3.06,1,1,0,1,0,1,0,0,0,1,0,5,1,4,4,2,5,16,0.29411764705882354,3,9,12,14,2,6,4,2,0,1,0,0,0,1,-1,-1,1,0,1
Software Engineering,3.2,1,0,0,1,0,0,1,0,1,0,1,3,1,4,3,5,5,16,0.29411764705882354,2,5,8,10,2,8,5,4,0,0,1,0,0,0,0,-1,0,2,0
Data Science,3.31,1,1,0,1,1,0,0,0,1,1,0,3,3,3,2,4,6,15,0.375,4,5,7,9,4,6,6,2,0,0,1,0,1,0,1,-1,0,1,-1
Software Engineering,3.46,0,1,1,1,1,0,0,0,0,1,0,4,3,1,2,5,5,15,0.3125,3,6,7,10,3,5,4,2,0,0,1,0,0,0,1,0,0,1,-1
Software Engineering,3.7,0,0,1,0,1,1,1,1,0,1,1,5,2,3,5,4,7,19,0.35,3,7,7,14,4,5,1,5,0,0,0,1,0,0,0,1,-1,2,0
Computer Science,2.91,1,0,0,1,0,1,1,0,1,0,0,2,1,4,5,4,5,16,0.29411764705882354,3,6,9,9,2,6,4,2,0,1,0,0,0,1,-1,-1,1,0,1
Computer Science,3.63,1,0,1,1,1,1,1,0,1,1,0,4,1,5,1,4,8,15,0.5,5,8,9,12,5,7,4,3,1,0,0,1,1,1,0,0,0,1,0
AI,3.86,0,1,0,0,1,0,0,1,1,0,1,5,3,4,5,2,5,19,0.25,2,5,7,16,2,2,5,2,0,0,1,0,0,0,2,-1,0,1,-1
Computer Science,3.23,0,1,0,1,0,0,1,0,0,0,0,1,1,3,3,3,3,11,0.25,1,3,5,6,1,6,4,3,0,0,1,0,0,0,0,-1,0,1,0
AI,3.68,1,1,0,0,0,0,1,1,0,1,0,3,5,3,2,4,5,17,0.2777777777777778,1,3,5,12,3,7,5,6,0,0,1,1,0,0,1,-1,-2,2,0
Data Science,2.84,0,0,1,1,0,1,1,0,0,1,1,3,1,4,2,1,6,11,0.5,2,7,8,11,2,8,2,5,1,1,0,1,0,1,-1,0,0,2,1
Data Science,2.71,0,1,1,1,0,1,0,0,0,1,1,2,2,1,5,5,6,15,0.375,2,6,8,7,1,6,4,3,0,1,0,0,0,1,0,-1,1,1,1
Data Science,3.98,1,1,1,0,1,0,1,1,0,0,0,4,3,5,1,5,6,18,0.3157894736842105,3,4,6,14,4,4,5,3,0,0,1,0,1,0,2,0,-1,1,-1
Data Science,3.68,1,1,1,1,1,1,0,0,0,1,0,3,4,3,1,3,7,14,0.4666666666666667,5,7,9,11,4,5,4,1,0,0,0,0,1,1,0,0,1,0,0
AI,3.83,0,1,0,0,1,0,0,0,0,1,1,2,1,4,2,5,4,14,0.26666666666666666,2,2,3,7,3,4,3,3,0,0,1,0,0,0,1,0,-1,2,-1
Data Science,3.54,1,0,1,1,1,0,1,0,1,1,0,2,3,4,3,2,7,14,0.4666666666666667,4,4,5,8,5,8,5,4,1,0,1,1,1,0,1,0,-1,2,-1
AI,2.8,0,0,0,1,0,1,1,1,0,1,0,5,5,5,4,4,5,23,0.20833333333333334,2,9,10,20,2,7,1,5,1,1,0,1,0,1,-2,0,0,1,1
Software Engineering,3.18,1,1,0,1,0,1,0,0,1,1,0,4,2,1,3,4,6,14,0.4,3,8,11,10,2,6,6,2,0,1,0,0,0,1,0,-2,1,0,1
Cybersecurity,3.16,0,1,0,0,0,0,0,1,1,1,0,3,3,2,4,2,4,14,0.26666666666666666,0,3,5,10,1,4,6,4,0,0,1,0,0,0,2,-2,-1,1,0
Cybersecurity,2.95,1,1,0,1,0,0,0,1,1,1,0,4,2,2,3,4,6,15,0.375,2,6,9,10,2,7,7,4,0,0,1,0,0,0,1,-2,0,1,0
Computer Science,3.71,0,0,0,1,1,0,1,0,0,1,1,4,2,2,5,4,5,17,0.2777777777777778,3,6,6,10,4,8,1,5,1,0,0,1,0,0,-1,1,-1,3,-1
Computer Science,2.93,1,0,0,1,0,1,1,1,0,1,0,4,2,4,3,4,6,17,0.3333333333333333,3,8,10,13,3,8,2,5,1,1,0,1,0,1,-2,0,0,1,1
Cybersecurity,4.0,0,1,1,0,0,0,1,0,0,0,1,3,2,5,5,3,4,18,0.21052631578947367,0,3,5,13,1,5,5,4,0,0,1,0,0,0,2,-1,-1,2,0
Data Science,3.51,1,1,0,0,1,1,0,0,0,0,0,3,4,5,3,4,4,19,0.2,4,5,8,14,3,1,3,-1,0,0,0,0,1,0,0,0,1,-1,0
Data Science,3.17,1,0,0,1,0,1,1,0,1,0,0,4,4,4,4,2,5,18,0.2631578947368421,3,8,11,16,2,6,4,2,0,1,0,0,0,1,-1,-1,1,0,1
Computer Science,2.9,0,1,0,0,1,0,1,0,0,0,1,4,1,2,4,1,4,12,0.3076923076923077,2,4,5,10,3,4,3,3,0,0,1,0,0,0,1,0,-1,2,-1
Cybersecurity,3.45,1,0,1,0,1,0,1,0,1,1,1,5,2,2,5,5,7,19,0.35,3,5,6,11,5,7,5,5,0,0,1,1,1,0,2,0,-2,3,-1
AI,3.18,1,0,0,1,0,1,1,0,0,0,0,5,3,4,4,2,4,18,0.21052631578947367,3,9,12,17,2,6,2,2,0,1,0,0,0,1,-2,0,1,0,1
Computer Science,3.07,1,1,0,1,0,1,1,0,1,1,1,3,3,4,3,3,8,16,0.47058823529411764,3,7,9,12,3,9,6,5,1,1,0,1,0,1,0,-2,0,2,1
Computer Science,3.3,0,1,0,1,0,1,1,1,1,1,0,2,3,4,1,2,7,12,0.5384615384615384,2,6,7,11,2,7,5,5,1,1,0,1,0,1,0,-2,0,1,1
Data Science,3.78,1,0,0,1,0,1,1,1,0,1,0,4,1,2,2,4,6,13,0.42857142857142855,3,8,10,10,3,8,2,5,1,1,0,1,0,1,-2,0,0,1,1
Data Science,3.09,1,0,0,1,1,1,0,0,0,0,0,1,3,4,3,2,4,13,0.2857142857142857,5,5,8,8,3,3,1,-1,0,0,0,0,1,1,-2,1,2,-1,0
Computer Science,3.03,1,0,0,1,0,1,0,0,1,0,1,3,2,4,1,4,5,14,0.3333333333333333,3,7,11,12,1,5,4,1,0,1,0,0,0,1,-1,-1,2,0,1
AI,3.65,1,0,0,1,0,0,1,0,0,1,0,5,5,5,2,2,4,19,0.2,2,7,9,18,3,9,3,5,1,0,0,1,0,0,-1,0,-1,2,0
Computer Science,3.74,1,0,0,1,1,1,0,0,0,0,0,2,1,3,2,3,4,11,0.3333333333333333,5,6,9,7,3,3,1,-1,0,0,0,0,1,1,-2,1,2,-1,0
Data Science,2.85,0,0,0,1,0,1,0,0,1,0,0,5,3,1,5,1,3,15,0.1875,2,9,12,15,0,3,3,0,0,1,0,0,0,1,-1,-1,2,-1,1
Computer Science,3.97,1,1,1,1,0,1,0,0,0,0,0,4,5,2,5,4,5,20,0.23809523809523808,3,8,12,15,1,4,5,0,0,1,0,0,0,1,0,-1,2,-1,1
Cybersecurity,3.25,1,1,1,0,1,1,0,0,0,1,1,2,3,2,4,3,7,14,0.4666666666666667,4,4,6,7,4,4,4,2,0,0,0,0,1,0,1,0,0,1,0
Computer Science,2.92,1,1,1,1,0,0,1,0,0,1,1,1,1,5,2,2,7,11,0.5833333333333334,2,3,5,6,3,10,6,6,1,0,1,1,0,0,1,-1,-1,3,0
Data Science,3.0,0,0,1,0,0,1,1,1,0,0,0,5,5,3,2,1,4,16,0.23529411764705882,1,7,9,19,1,3,2,3,0,0,0,0,0,0,0,0,0,0,1
Cybersecurity,3.73,1,1,1,0,0,0,0,0,1,0,0,4,5,4,3,3,4,19,0.2,1,4,8,16,1,3,8,1,0,0,1,0,0,0,3,-2,0,0,0
Computer Science,2.95,1,1,0,0,0,0,1,0,0,0,0,1,1,3,2,5,3,12,0.23076923076923078,1,1,4,5,2,5,5,3,0,0,1,0,0,0,1,-1,-1,1,0
AI,3.92,0,0,0,0,1,0,1,0,0,0,1,1,3,4,5,4,3,17,0.16666666666666666,2,1,2,8,3,4,1,3,0,0,0,0,0,0,0,1,-1,2,-1
Data Science,2.5,0,1,1,1,0,1,1,1,0,0,0,3,5,5,5,4,6,22,0.2608695652173913,2,7,9,17,1,5,4,3,0,1,0,0,0,1,0,-1,1,0,1
Software Engineering,3.3,1,0,1,0,1,0,1,0,1,1,1,3,3,5,2,4,7,17,0.3888888888888889,3,3,4,11,5,7,5,5,0,0,1,1,1,0,2,0,-2,3,-1
AI,3.75,1,0,1,0,1,0,1,0,1,1,0,5,5,2,5,2,6,19,0.3,3,5,6,14,5,6,5,4,0,0,1,1,1,0,2,0,-2,2,-1
Computer Science,3.4,1,1,1,0,0,1,0,1,1,1,0,5,4,3,2,3,7,17,0.3888888888888889,2,7,10,16,2,4,7,3,0,0,0,0,0,0,2,-2,0,0,1
Computer Science,2.52,0,1,1,0,0,1,1,1,0,1,1,3,5,4,4,5,7,21,0.3181818181818182,1,5,6,15,2,6,4,6,0,0,0,1,0,0,1,-1,-1,2,1
Data Science,3.7,1,0,0,1,1,0,1,1,0,1,1,2,2,4,3,5,7,16,0.4117647058823529,4,4,5,7,5,9,2,6,1,0,0,1,1,0,-1,1,-1,3,-1
Data Science,3.49,0,0,0,1,1,1,0,0,1,1,0,2,4,3,2,1,5,12,0.38461538461538464,4,6,7,10,3,4,2,1,0,0,0,0,0,1,-1,0,1,0,0
Data Science,2.61,1,1,1,1,0,1,1,0,0,1,0,3,2,5,3,4,7,17,0.3888888888888889,3,7,9,12,3,8,5,4,1,1,0,1,0,1,0,-1,0,1,1
Software Engineering,2.84,1,1,0,0,0,1,1,0,0,1,1,4,2,3,1,4,6,14,0.4,2,6,8,12,3,7,4,5,0,0,0,1,0,0,0,-1,-1,2,1
Software Engineering,3.19,0,0,0,0,1,0,1,1,1,1,0,1,5,1,4,2,5,13,0.35714285714285715,2,1,1,6,4,5,3,5,0,0,1,1,0,0,1,0,-2,2,-1
Data Science,4.0,1,0,1,1,1,1,0,0,0,0,0,2,5,5,4,2,5,18,0.2631578947368421,5,6,9,13,3,3,2,-1,0,0,0,0,1,1,-1,1,2,-1,0
Cybersecurity,3.27,0,0,0,0,0,0,1,1,0,0,0,2,3,2,5,2,2,14,0.13333333333333333,0,2,4,9,1,4,2,4,0,0,0,0,0,0,0,0,-1,1,0
Cybersecurity,3.41,1,0,0,1,1,0,1,0,0,1,1,4,3,5,3,5,6,20,0.2857142857142857,4,6,7,13,5,9,2,5,1,0,0,1,1,0,-1,1,-1,3,-1
Software Engineering,3.35,1,0,0,1,0,0,1,0,0,1,1,2,2,5,1,3,5,13,0.35714285714285715,2,4,6,9,3,10,3,6,1,0,0,1,0,0,-1,0,-1,3,0
Software Engineering,3.21,0,0,0,1,0,0,1,0,1,1,0,3,2,3,2,1,4,11,0.3333333333333333,1,5,6,10,2,8,4,5,1,0,1,1,0,0,0,-1,-1,2,0
Cybersecurity,2.87,0,0,0,1,0,1,1,1,0,1,1,3,3,5,3,4,6,18,0.3157894736842105,2,7,8,14,2,8,1,6,1,1,0,1,0,1,-2,0,0,2,1
Computer Science,3.44,0,1,0,1,1,0,0,0,1,0,0,3,1,4,4,1,4,13,0.2857142857142857,3,5,7,10,2,3,5,0,0,0,1,0,0,0,1,-1,1,0,-1
AI,2.59,0,0,0,0,0,0,1,0,1,1,1,1,1,2,3,1,4,8,0.4444444444444444,0,1,2,4,2,7,4,6,0,0,1,1,0,0,1,-1,-2,3,0
Data Science,3.3,1,0,1,0,1,1,0,0,1,0,0,3,1,2,5,3,5,14,0.3333333333333333,4,5,8,8,3,1,4,-1,0,0,0,0,1,0,1,0,1,-1,0
AI,3.5,1,0,1,0,1,1,1,0,0,0,0,3,1,5,2,1,5,12,0.38461538461538464,4,5,7,11,4,3,2,1,0,0,0,0,1,0,0,1,0,0,0
Cybersecurity,3.45,0,1,0,1,0,0,0,1,0,1,1,1,1,4,1,3,5,10,0.45454545454545453,1,3,5,6,1,7,4,5,0,0,1,0,0,0,0,-1,0,2,0
Software Engineering,3.81,1,1,1,1,0,1,1,0,0,1,1,5,2,3,1,4,8,15,0.5,3,9,11,14,3,9,5,5,1,1,0,1,0,1,0,-1,0,2,1
Software Engineering,3.14,1,0,0,0,1,1,0,1,1,0,1,4,4,2,3,4,6,17,0.3333333333333333,4,6,9,13,3,2,3,1,0,0,0,0,1,0,0,0,1,0,0
Cybersecurity,2.62,0,0,0,0,0,1,1,0,1,0,0,3,1,1,1,2,3,8,0.3333333333333333,1,5,7,9,1,3,3,2,0,0,0,0,0,0,0,-1,0,0,1
Data Science,3.37,1,0,1,1,1,1,1,0,0,0,0,2,1,4,2,3,6,12,0.46153846153846156,5,6,8,8,4,5,2,1,0,0,0,0,1,1,-1,1,1,0,0
Software Engineering,3.25,1,1,0,1,0,1,0,1,0,0,0,5,2,1,3,1,5,12,0.38461538461538464,3,9,13,13,1,4,4,1,0,1,0,0,0,1,-1,-1,2,-1,1
Software Engineering,2.71,1,0,0,0,0,1,1,0,1,0,1,3,1,3,5,2,5,14,0.3333333333333333,2,5,8,10,2,5,4,3,0,0,0,0,0,0,0,-1,0,1,1
Computer Science,3.94,1,0,1,1,1,1,1,0,0,0,0,4,1,5,2,3,6,15,0.375,5,8,10,13,4,5,2,1,0,0,0,0,1,1,-1,1,1,0,0
Computer Science,3.71,0,1,1,1,1,0,0,1,0,1,0,2,2,5,3,5,6,17,0.3333333333333333,3,4,5,9,3,5,4,3,0,0,1,0,0,0,1,0,0,1,-1
Data Science,3.37,0,1,0,0,1,1,1,1,0,1,1,2,2,1,2,5,7,12,0.5384615384615384,3,4,4,6,4,5,2,5,0,0,0,1,0,0,0,0,-1,2,0
AI,3.22,1,1,0,1,0,1,0,0,0,1,1,1,3,1,4,2,6,11,0.5,3,5,8,5,2,7,4,3,0,1,0,0,0,1,-1,-1,1,1,1
Software Engineering,2.7,0,1,0,1,0,0,0,0,1,0,1,4,5,4,3,4,4,20,0.19047619047619047,1,6,9,17,0,5,6,2,0,0,1,0,0,0,1,-2,1,1,0
Data Science,3.51,1,0,0,1,0,1,1,0,1,1,0,5,4,5,4,4,6,22,0.2608695652173913,3,9,11,18,3,8,4,4,1,1,0,1,0,1,-1,-1,0,1,1
Data Science,3.4,1,0,0,1,0,1,0,0,0,0,0,5,4,5,3,3,3,20,0.14285714285714285,3,9,13,19,1,4,2,0,0,1,0,0,0,1,-2,0,2,-1,1
Software Engineering,3.36,1,0,1,1,0,1,1,1,1,1,1,1,2,2,5,5,9,15,0.5625,3,5,7,5,3,9,5,6,1,1,0,1,0,1,0,-1,0,2,1
Computer Science,3.01,1,1,0,1,0,0,0,1,1,0,1,4,1,4,5,5,6,19,0.3,2,6,10,12,1,6,7,3,0,0,1,0,0,0,1,-2,1,1,0
Cybersecurity,3.19,0,0,1,0,1,0,1,0,0,0,0,3,1,2,2,3,3,11,0.25,2,3,4,8,3,3,2,2,0,0,0,0,0,0,1,1,-1,1,-1
AI,3.24,0,0,1,1,0,0,1,0,1,0,1,3,1,3,5,4,5,16,0.29411764705882354,1,5,7,10,1,7,5,4,0,0,1,0,0,0,1,-1,0,2,0
Data Science,2.74,1,0,0,1,0,1,0,0,0,0,0,4,3,3,4,4,3,18,0.15789473684210525,3,8,12,14,1,4,2,0,0,1,0,0,0,1,-2,0,2,-1,1
Computer Science,2.98,0,0,1,1,0,0,1,0,0,0,1,5,5,5,2,5,4,22,0.17391304347826086,1,7,9,20,1,7,3,4,0,0,0,0,0,0,0,0,0,2,0
Cybersecurity,3.8,1,1,0,1,1,0,0,1,1,0,1,3,2,4,2,5,7,16,0.4117647058823529,4,5,8,10,3,5,6,2,0,0,1,0,1,0,1,-1,1,1,-1
Computer Science,2.61,0,1,1,0,0,1,0,0,1,0,0,5,3,2,1,1,4,12,0.3076923076923077,1,7,10,16,0,1,6,0,0,0,0,0,0,0,2,-2,1,-1,1
Computer Science,2.75,1,1,0,0,0,1,0,1,0,0,0,1,5,4,5,1,4,16,0.23529411764705882,2,3,7,11,1,2,4,1,0,0,0,0,0,0,0,-1,1,-1,1
Cybersecurity,3.73,1,1,0,1,0,1,0,1,1,1,1,3,3,1,1,1,8,9,0.8,3,7,10,9,2,7,6,4,0,1,0,0,0,1,0,-2,1,1,1
Data Science,3.45,1,1,1,1,0,0,1,0,0,1,1,5,4,5,5,4,7,23,0.2916666666666667,2,7,9,17,3,10,6,6,1,0,1,1,0,0,1,-1,-1,3,0
Data Science,3.75,0,0,0,1,0,1,0,0,0,1,1,5,2,5,3,5,4,20,0.19047619047619047,2,9,11,17,1,6,1,3,0,1,0,0,0,1,-2,0,1,1,1
Computer Science,3.26,0,0,1,0,1,1,1,1,0,1,0,2,3,2,4,2,6,13,0.42857142857142855,3,4,4,8,4,4,1,4,0,0,0,1,0,0,0,1,-1,1,0
Cybersecurity,2.93,0,0,0,1,1,0,1,0,0,0,0,3,5,5,5,5,3,23,0.125,3,5,6,15,3,5,1,2,0,0,0,0,0,0,-1,1,0,1,-1
AI,3.59,1,0,0,0,0,1,1,0,0,1,1,3,2,2,5,4,5,16,0.29411764705882354,2,5,7,9,3,7,2,5,0,0,0,1,0,0,-1,0,-1,2,1
Cybersecurity,3.47,1,0,0,1,0,0,1,1,0,1,1,1,4,5,4,5,6,19,0.3,2,3,5,9,3,10,3,7,1,0,0,1,0,0,-1,0,-1,3,0
AI,2.89,0,0,1,1,1,1,0,1,1,1,0,3,5,2,2,3,7,15,0.4375,4,7,8,12,3,4,3,2,0,0,0,0,0,1,0,0,1,0,0
Data Science,3.91,1,1,0,1,0,1,1,0,0,0,0,1,2,5,5,2,5,15,0.3125,3,5,8,9,2,6,4,2,0,1,0,0,0,1,-1,-1,1,0,1
Data Science,3.16,1,1,0,1,0,0,0,0,0,0,1,5,1,1,4,3,4,14,0.26666666666666666,2,7,11,11,1,6,5,2,0,0,1,0,0,0,0,-1,1,1,0
Data Science,2.87,0,0,1,1,1,1,0,1,0,1,1,3,2,1,5,5,7,16,0.4117647058823529,4,7,8,8,3,5,1,3,0,0,0,0,0,1,-1,1,1,1,0
Computer Science,3.5,1,0,1,1,0,0,1,0,0,0,0,5,1,3,3,3,4,15,0.25,2,7,10,13,2,7,4,3,0,0,0,0,0,0,0,0,0,1,0
Computer Science,3.16,1,0,0,0,1,1,1,0,0,0,0,2,4,5,2,1,4,14,0.26666666666666666,4,4,6,12,4,3,1,1,0,0,0,0,1,0,-1,1,0,0,0
Data Science,3.83,1,1,1,0,0,1,0,1,1,1,0,3,4,2,1,4,7,14,0.4666666666666667,2,5,8,11,2,4,7,3,0,0,0,0,0,0,2,-2,0,0,1
AI,3.3,0,1,0,0,1,1,0,0,0,0,1,1,4,2,3,2,4,12,0.3076923076923077,3,3,5,8,2,1,2,0,0,0,0,0,0,0,0,0,1,0,0
AI,3.35,0,0,0,0,0,1,1,0,0,0,0,4,2,2,4,4,2,16,0.11764705882352941,1,6,8,13,1,3,1,2,0,0,0,0,0,0,-1,0,0,0,1
Software Engineering,3.57,1,0,0,1,0,0,1,0,0,0,0,2,3,5,2,4,3,16,0.17647058823529413,2,4,7,11,2,7,3,3,0,0,0,0,0,0,-1,0,0,1,0
Computer Science,3.45,1,0,0,1,0,1,1,0,1,0,0,4,3,5,3,1,5,16,0.29411764705882354,3,8,11,16,2,6,4,2,0,1,0,0,0,1,-1,-1,1,0,1
Data Science,2.74,1,1,1,1,0,0,0,0,0,0,0,2,3,5,1,5,4,16,0.23529411764705882,2,4,8,11,1,5,6,1,0,0,1,0,0,0,1,-1,1,0,0
Software Engineering,3.12,0,0,1,0,0,0,1,1,0,0,1,1,3,2,1,1,4,8,0.4444444444444444,0,1,3,7,1,5,3,5,0,0,0,0,0,0,1,0,-1,2,0
Software Engineering,2.63,0,0,1,1,1,0,0,0,1,0,0,5,2,1,4,3,4,15,0.25,3,7,9,12,2,3,4,0,0,0,1,0,0,0,1,0,1,0,-1
AI,2.66,0,1,0,0,1,0,1,1,1,0,0,4,1,1,5,4,5,15,0.3125,2,4,5,9,3,3,5,3,0,0,1,0,0,0,2,-1,-1,1,-1
Data Science,3.13,1,1,0,1,0,1,0,0,0,0,0,5,4,3,5,4,4,21,0.18181818181818182,3,9,13,17,1,4,4,0,0,1,0,0,0,1,-1,-1,2,-1,1
Computer Science,2.61,0,0,0,1,1,0,1,1,1,0,1,1,4,4,4,3,6,16,0.35294117647058826,3,3,4,9,3,6,3,4,0,0,1,0,0,0,0,0,0,2,-1
Data Science,2.56,1,1,0,0,1,1,1,0,1,1,1,4,2,5,4,2,8,17,0.4444444444444444,4,6,7,13,5,6,5,4,0,0,0,1,1,0,1,-1,-1,2,0
Cybersecurity,3.14,0,1,0,0,1,1,1,0,0,1,1,1,3,5,1,3,6,13,0.42857142857142855,3,3,3,9,4,5,2,4,0,0,0,1,0,0,0,0,-1,2,0
Computer Science,3.32,0,0,0,0,0,1,1,1,0,1,1,2,1,2,3,2,5,10,0.45454545454545453,1,4,5,7,2,6,1,6,0,0,0,1,0,0,-1,0,-1,2,1
Data Science,3.24,1,0,0,1,0,1,0,1,0,0,0,3,3,4,4,2,4,16,0.23529411764705882,3,7,11,13,1,4,2,1,0,1,0,0,0,1,-2,0,2,-1,1
AI,3.11,1,1,1,0,0,1,0,1,1,1,1,1,4,3,5,3,8,16,0.47058823529411764,2,3,6,8,2,5,7,4,0,0,0,0,0,0,2,-2,0,1,1
Data Science,2.92,1,0,1,1,0,1,0,0,0,0,0,3,1,2,5,3,4,14,0.26666666666666666,3,7,11,9,1,4,3,0,0,1,0,0,0,1,-1,0,2,-1,1
Cybersecurity,3.48,0,0,1,0,1,0,1,1,0,1,1,2,4,1,5,1,6,13,0.42857142857142855,2,2,2,7,4,6,2,6,0,0,0,1,0,0,1,1,-2,3,-1
Computer Science,3.02,1,0,0,1,0,1,0,0,0,1,0,5,3,5,4,2,4,19,0.2,3,9,12,17,2,6,2,2,0,1,0,0,0,1,-2,0,1,0,1
AI,3.74,1,0,1,1,0,1,0,1,1,1,0,2,4,2,1,2,7,11,0.5833333333333334,3,6,9,9,2,6,5,3,0,1,0,0,0,1,0,-1,1,0,1
Software Engineering,2.54,1,0,1,1,1,1,1,1,1,0,0,5,2,1,2,4,8,14,0.5333333333333333,5,9,11,12,4,5,4,2,0,0,0,0,1,1,0,0,1,0,0
Cybersecurity,3.35,1,0,0,1,1,1,0,0,0,0,0,3,1,5,1,4,4,14,0.26666666666666666,5,7,10,11,3,3,1,-1,0,0,0,0,1,1,-2,1,2,-1,0
Data Science,2.76,0,1,0,0,1,0,0,1,1,1,1,3,2,5,3,3,6,16,0.35294117647058826,2,3,4,11,3,4,5,4,0,0,1,0,0,0,2,-1,-1,2,-1
Data Science,3.31,1,0,1,1,0,0,0,0,0,1,0,5,1,4,5,1,4,16,0.23529411764705882,2,7,10,13,2,7,4,3,0,0,0,0,0,0,0,0,0,1,0
Data Science,3.52,1,1,0,1,1,1,0,0,0,0,0,3,2,4,2,3,5,14,0.3333333333333333,5,7,10,11,3,3,3,-1,0,0,0,0,1,1,-1,0,2,-1,0
AI,3.0,1,0,1,0,1,0,0,1,0,0,0,3,1,4,1,5,4,14,0.26666666666666666,3,3,6,9,3,2,3,1,0,0,0,0,1,0,1,1,0,0,-1
Cybersecurity,3.11,1,0,1,1,0,1,0,0,0,0,0,5,4,5,4,2,4,20,0.19047619047619047,3,9,13,19,1,4,3,0,0,1,0,0,0,1,-1,0,2,-1,1
Data Science,3.16,1,0,0,1,0,0,1,0,0,0,1,3,2,4,5,1,4,15,0.25,2,5,8,11,2,8,3,4,0,0,0,0,0,0,-1,0,0,2,0
Cybersecurity,3.44,0,0,1,1,0,0,0,1,1,1,1,2,5,1,1,3,6,12,0.46153846153846156,1,4,6,9,1,7,5,5,0,0,1,0,0,0,1,-1,0,2,0
AI,3.67,1,0,1,1,0,1,0,1,0,0,0,4,2,2,4,5,5,17,0.2777777777777778,3,8,12,12,1,4,3,1,0,1,0,0,0,1,-1,0,2,-1,1
Cybersecurity,2.81,1,1,0,0,0,1,0,1,1,0,0,2,1,2,3,2,5,10,0.45454545454545453,2,4,8,7,1,2,6,1,0,0,0,0,0,0,1,-2,1,-1,1
Data Science,3.65,0,0,1,1,0,1,0,1,1,0,0,4,2,1,1,2,5,10,0.45454545454545453,2,8,11,12,0,3,4,1,0,1,0,0,0,1,0,-1,2,-1,1
Computer Science,3.64,1,0,1,1,1,0,1,0,0,1,0,3,2,4,4,5,6,18,0.3157894736842105,4,5,6,9,5,8,3,4,1,0,0,1,1,0,0,1,-1,2,-1
AI,3.36,0,1,1,1,0,1,1,0,0,1,1,4,1,5,4,3,7,17,0.3888888888888889,2,8,9,14,2,8,4,5,1,1,0,1,0,1,0,-1,0,2,1
AI,3.59,1,0,1,1,1,1,1,0,1,1,0,3,3,4,5,3,8,18,0.42105263157894735,5,7,8,11,5,7,4,3,1,0,0,1,1,1,0,0,0,1,0
AI,3.01,1,0,1,1,0,1,1,0,0,1,0,5,3,5,3,3,6,19,0.3,3,9,11,17,3,8,3,4,1,1,0,1,0,1,-1,0,0,1,1
Software Engineering,2.57,1,1,0,1,0,0,0,0,0,1,1,4,4,5,4,4,5,21,0.22727272727272727,2,6,9,15,2,8,5,4,0,0,1,0,0,0,0,-1,0,2,0
Software Engineering,2.73,1,0,0,1,0,1,1,0,0,1,0,3,2,4,4,4,5,17,0.2777777777777778,3,7,9,11,3,8,2,4,1,1,0,1,0,1,-2,0,0,1,1
Data Science,3.62,0,1,1,0,1,0,0,0,0,0,1,2,2,2,3,5,4,14,0.26666666666666666,2,2,4,7,2,2,4,1,0,0,1,0,0,0,2,0,0,1,-1
AI,3.59,1,1,1,0,1,0,0,1,0,0,0,5,3,2,1,2,5,13,0.35714285714285715,3,5,8,13,3,2,5,1,0,0,1,0,1,0,2,0,0,0,-1
Data Science,2.52,1,1,0,1,1,1,1,1,1,0,1,5,5,4,2,3,9,19,0.45,5,9,11,18,4,6,5,3,0,0,0,0,1,1,0,-1,1,1,0
Computer Science,3.32,1,0,0,1,0,0,0,0,1,0,1,5,3,4,5,2,4,19,0.2,2,7,11,16,1,6,5,2,0,0,1,0,0,0,0,-1,1,1,0
Computer Science,2.56,1,1,0,0,0,1,0,1,0,0,0,3,5,3,5,4,4,20,0.19047619047619047,2,5,9,14,1,2,4,1,0,0,0,0,0,0,0,-1,1,-1,1
Data Science,3.33,0,1,1,1,0,1,1,0,1,0,0,3,1,5,5,5,6,19,0.3,2,7,9,13,1,5,6,2,0,1,0,0,0,1,1,-2,1,0,1
Computer Science,3.31,1,0,1,0,0,0,1,0,0,1,0,4,2,5,2,5,4,18,0.21052631578947367,1,4,6,13,3,7,4,5,0,0,0,1,0,0,1,0,-2,2,0
Software Engineering,2.83,0,0,1,0,0,1,1,1,0,0,1,5,2,4,2,4,5,17,0.2777777777777778,1,7,9,17,1,4,2,4,0,0,0,0,0,0,0,0,0,1,1
Data Science,2.62,1,0,0,1,0,1,1,0,0,0,1,3,2,5,4,3,5,17,0.2777777777777778,3,7,10,13,2,7,2,3,0,1,0,0,0,1,-2,0,1,1,1
Computer Science,3.18,1,1,0,1,0,1,1,0,0,1,1,2,2,4,4,3,7,15,0.4375,3,6,8,9,3,9,4,5,1,1,0,1,0,1,-1,-1,0,2,1
Computer Science,3.62,0,1,1,0,1,1,0,1,1,0,0,1,3,4,4,3,6,15,0.375,3,3,5,9,2,0,5,0,0,0,0,0,0,0,2,-1,1,-1,0
Software Engineering,3.31,0,0,1,0,0,1,0,0,1,1,1,1,1,3,5,4,5,14,0.3333333333333333,1,3,5,6,1,4,4,3,0,0,0,0,0,0,1,-1,0,1,1
Data Science,3.1,1,0,0,0,0,1,1,0,0,0,0,5,3,4,4,3,3,19,0.15,2,7,10,17,2,4,2,2,0,0,0,0,0,0,-1,0,0,0,1
AI,2.99,1,1,1,1,1,0,1,0,0,0,1,3,3,5,2,4,7,17,0.3888888888888889,4,5,7,12,4,7,5,3,0,0,1,0,1,0,1,0,0,2,-1
Cybersecurity,3.29,1,1,0,0,1,1,1,1,0,0,1,3,2,1,5,4,7,15,0.4375,4,5,7,8,4,4,3,3,0,0,0,0,1,0,0,0,0,1,0
Cybersecurity,2.73,1,0,0,0,0,1,0,1,0,1,1,2,3,4,5,3,5,17,0.2777777777777778,2,4,7,10,2,5,2,4,0,0,0,0,0,0,-1,0,0,1,1
Computer Science,3.07,0,0,0,1,0,1,0,0,1,0,0,4,5,4,4,4,3,21,0.13636363636363635,2,8,11,18,0,3,3,0,0,1,0,0,0,1,-1,-1,2,-1,1
Software Engineering,3.2,0,1,1,0,1,0,1,0,0,0,0,4,4,3,3,2,4,16,0.23529411764705882,2,4,5,14,3,3,4,2,0,0,1,0,0,0,2,0,-1,1,-1
AI,3.45,1,0,0,1,1,1,1,0,0,0,0,3,3,5,2,3,5,16,0.29411764705882354,5,7,9,13,4,5,1,1,0,0,0,0,1,1,-2,1,1,0,0
Software Engineering,2.52,1,1,1,1,0,0,0,1,0,0,0,3,5,5,3,4,5,20,0.23809523809523808,2,5,9,15,1,5,6,2,0,0,1,0,0,0,1,-1,1,0,0
Computer Science,3.04,1,1,1,0,1,1,1,0,1,1,0,2,4,2,5,3,8,16,0.47058823529411764,4,4,5,8,5,5,6,3,0,0,0,1,1,0,2,-1,-1,1,0
Software Engineering,2.79,1,1,1,1,0,0,0,1,1,0,0,1,3,1,2,4,6,11,0.5,2,3,7,5,1,5,8,2,0,0,1,0,0,0,2,-2,1,0,0
Data Science,2.75,1,1,0,1,0,0,1,0,0,0,0,4,1,5,3,4,4,17,0.2222222222222222,2,6,9,13,2,7,5,3,0,0,1,0,0,0,0,-1,0,1,0
Cybersecurity,2.91,0,0,0,0,0,1,0,0,0,1,1,5,2,1,1,2,3,11,0.25,1,7,9,13,1,4,1,3,0,0,0,0,0,0,-1,0,0,1,1
Software Engineering,2.92,1,0,0,1,0,1,0,0,0,0,0,3,2,3,5,3,3,16,0.17647058823529413,3,7,11,11,1,4,2,0,0,1,0,0,0,1,-2,0,2,-1,1
AI,3.54,1,0,1,1,1,1,0,0,0,0,0,2,2,4,3,3,5,14,0.3333333333333333,5,6,9,9,3,3,2,-1,0,0,0,0,1,1,-1,1,2,-1,0
Data Science,3.64,0,0,0,0,0,1,1,1,0,0,1,1,2,5,5,3,4,16,0.23529411764705882,1,3,5,10,1,4,1,4,0,0,0,0,0,0,-1,0,0,1,1
AI,2.63,0,1,1,1,1,0,1,0,0,1,1,5,1,5,5,3,7,19,0.35,3,7,7,14,4,8,4,5,1,0,1,1,0,0,1,0,-1,3,-1
Software Engineering,2.74,1,1,1,0,1,1,1,0,0,0,0,4,5,1,4,5,6,19,0.3,4,6,8,13,4,3,4,1,0,0,0,0,1,0,1,0,0,0,0
Computer Science,2.81,1,1,0,1,1,1,1,0,0,0,1,1,4,4,2,2,7,13,0.5,5,5,7,9,4,6,3,2,0,0,0,0,1,1,-1,0,1,1,0
AI,3.56,0,1,0,0,0,1,0,1,0,0,1,1,5,1,5,3,4,15,0.25,1,3,6,9,0,2,3,2,0,0,0,0,0,0,0,-1,1,0,1
Software Engineering,2.57,0,0,1,1,0,1,0,0,1,0,1,2,5,5,2,2,5,16,0.29411764705882354,2,6,9,15,0,4,4,1,0,1,0,0,0,1,0,-1,2,0,1
AI,3.86,0,1,1,0,0,0,1,0,1,1,0,1,4,1,1,1,5,8,0.5555555555555556,0,1,2,6,2,6,7,5,0,0,1,1,0,0,3,-2,-2,2,0
Computer Science,3.0,0,0,1,0,0,1,1,1,1,0,0,2,1,4,1,5,5,13,0.35714285714285715,1,4,6,10,1,3,4,3,0,0,0,0,0,0,1,-1,0,0,1
Data Science,3.43,1,0,0,1,0,1,1,0,1,1,0,2,2,4,3,2,6,13,0.42857142857142855,3,6,8,9,3,8,4,4,1,1,0,1,0,1,-1,-1,0,1,1
Computer Science,2.51,0,0,0,0,0,1,1,1,0,0,0,4,1,5,5,5,3,20,0.14285714285714285,1,6,8,15,1,3,1,3,0,0,0,0,0,0,-1,0,0,0,1
Computer Science,2.82,1,0,0,0,1,1,0,1,0,1,0,5,5,2,3,2,5,17,0.2777777777777778,4,7,9,15,4,3,1,2,0,0,0,0,1,0,-1,1,0,0,0
AI,3.81,1,1,0,0,1,1,0,0,0,0,0,5,2,5,2,4,4,18,0.21052631578947367,4,7,10,16,3,1,3,-1,0,0,0,0,1,0,0,0,1,-1,0
Cybersecurity,3.87,0,0,1,0,1,1,1,0,1,1,1,4,1,4,5,4,7,18,0.3684210526315789,3,6,6,12,4,5,3,4,0,0,0,1,0,0,1,0,-1,2,0
Cybersecurity,3.78,1,1,0,1,0,0,1,0,0,1,1,3,2,4,3,4,6,16,0.35294117647058826,2,5,7,10,3,10,5,6,1,0,1,1,0,0,0,-1,-1,3,0
AI,4.0,1,1,1,0,1,1,0,1,0,0,0,2,3,5,1,4,6,15,0.375,4,4,7,11,3,1,4,0,0,0,0,0,1,0,1,0,1,-1,0
Computer Science,3.52,1,0,0,1,1,1,1,0,0,0,0,2,2,5,3,4,5,16,0.29411764705882354,5,6,8,10,4,5,1,1,0,0,0,0,1,1,-2,1,1,0,0
Computer Science,3.97,1,0,0,0,0,0,1,1,0,0,0,5,2,3,2,3,3,15,0.1875,1,5,8,14,2,5,3,4,0,0,0,0,0,0,0,0,-1,1,0
Data Science,4.0,1,0,0,1,1,1,0,0,0,0,0,4,3,5,3,4,4,19,0.2,5,8,11,15,3,3,1,-1,0,0,0,0,1,1,-2,1,2,-1,0
Computer Science,2.99,0,0,0,0,0,0,0,0,0,0,0,3,4,1,1,2,0,11,0.0,0,3,6,11,0,2,2,1,0,0,0,0,0,0,0,0,0,0,0
Computer Science,2.89,0,1,0,0,1,1,0,0,1,1,1,3,2,5,4,4,6,18,0.3157894736842105,3,5,6,12,3,3,4,2,0,0,0,0,0,0,1,-1,0,1,0
Data Science,3.81,1,0,1,0,1,0,1,1,0,0,0,3,3,3,1,4,5,14,0.3333333333333333,3,3,5,10,4,4,3,3,0,0,0,0,1,0,1,1,-1,1,-1
AI,3.46,0,0,0,1,1,1,1,1,0,1,0,3,2,2,2,5,6,14,0.4,4,7,7,9,4,6,0,4,1,0,0,1,0,1,-2,1,0,1,0
Computer Science,3.04,1,0,0,0,0,1,1,1,0,1,0,2,2,4,3,3,5,14,0.3333333333333333,2,4,6,9,3,6,2,5,0,0,0,1,0,0,-1,0,-1,1,1
Computer Science,2.97,0,1,0,1,1,0,0,1,0,0,1,3,3,5,1,5,5,17,0.2777777777777778,3,5,7,13,2,4,3,2,0,0,1,0,0,0,0,0,1,1,-1
AI,3.66,1,0,1,1,1,0,1,0,1,1,1,4,3,4,3,2,8,16,0.47058823529411764,4,6,7,12,5,9,5,5,1,0,1,1,1,0,1,0,-1,3,-1
Cybersecurity,3.2,1,0,1,0,1,1,1,1,1,0,0,1,1,3,5,3,7,13,0.5,4,3,5,5,4,3,4,2,0,0,0,0,1,0,1,0,0,0,0
Computer Science,3.69,1,1,0,1,0,0,0,0,1,0,1,1,3,1,3,3,5,11,0.4166666666666667,2,3,7,5,1,6,7,2,0,0,1,0,0,0,1,-2,1,1,0
Software Engineering,3.09,1,1,1,1,1,1,0,1,1,0,1,5,2,4,2,2,9,15,0.5625,5,9,12,15,3,4,6,1,0,0,0,0,1,1,1,-1,2,0,0
AI,2.57,0,1,0,1,0,0,1,0,0,1,1,5,2,4,2,5,5,18,0.2631578947368421,1,7,8,15,2,9,4,6,1,0,1,1,0,0,0,-1,-1,3,0
Data Science,3.38,0,1,1,1,0,0,1,0,0,1,0,1,5,2,5,5,5,18,0.2631578947368421,1,3,4,8,2,8,5,5,1,0,1,1,0,0,1,-1,-1,2,0
Data Science,2.9,0,0,1,1,0,0,1,0,0,0,1,3,1,2,4,4,4,14,0.26666666666666666,1,5,7,9,1,7,3,4,0,0,0,0,0,0,0,0,0,2,0
Computer Science,3.18,1,0,0,1,0,1,1,0,0,0,0,1,2,5,3,5,4,16,0.23529411764705882,3,5,8,9,2,6,2,2,0,1,0,0,0,1,-2,0,1,0,1
Data Science,3.15,1,0,1,1,1,1,1,0,1,1,0,1,1,1,5,3,8,11,0.6666666666666666,5,5,6,2,5,7,4,3,1,0,0,1,1,1,0,0,0,1,0
Computer Science,2.64,1,1,0,0,0,0,1,1,0,1,0,1,1,2,2,1,5,7,0.625,1,1,3,3,3,7,5,6,0,0,1,1,0,0,1,-1,-2,2,0
Computer Science,2.66,1,0,1,0,1,1,1,0,0,1,0,2,2,3,4,1,6,12,0.46153846153846156,4,4,5,7,5,5,2,3,0,0,0,1,1,0,0,1,-1,1,0
Cybersecurity,3.47,0,1,1,0,1,0,1,0,0,1,0,3,2,4,5,5,5,19,0.25,2,3,3,10,4,5,4,4,0,0,1,1,0,0,2,0,-2,2,-1
AI,3.16,1,0,0,1,1,1,0,0,0,0,0,3,2,2,3,5,4,15,0.25,5,7,10,9,3,3,1,-1,0,0,0,0,1,1,-2,1,2,-1,0
Software Engineering,2.8,0,1,0,1,0,0,0,1,0,1,1,3,3,1,1,2,5,10,0.45454545454545453,1,5,7,9,1,7,4,5,0,0,1,0,0,0,0,-1,0,2,0
AI,2.58,1,1,0,1,0,1,1,0,0,0,0,3,3,5,3,5,5,19,0.25,3,7,10,14,2,6,4,2,0,1,0,0,0,1,-1,-1,1,0,1
AI,3.2,1,0,1,1,0,0,1,1,1,1,1,1,4,1,5,3,8,14,0.5333333333333333,2,3,5,5,3,10,6,7,1,0,1,1,0,0,1,-1,-1,3,0
Data Science,3.57,0,0,0,1,1,1,0,0,1,1,1,4,4,1,3,5,6,17,0.3333333333333333,4,8,9,12,3,5,2,2,0,0,0,0,0,1,-1,0,1,1,0
Cybersecurity,3.02,0,1,1,0,1,1,0,1,0,1,1,3,4,5,1,4,7,17,0.3888888888888889,3,5,6,14,3,3,3,3,0,0,0,0,0,0,1,0,0,1,0
AI,3.93,0,0,1,0,1,0,0,1,1,0,1,5,2,2,5,5,5,19,0.25,2,5,7,13,2,2,4,2,0,0,1,0,0,0,2,0,0,1,-1
Data Science,2.98,1,1,0,1,0,1,0,0,1,0,0,5,3,4,4,5,5,21,0.22727272727272727,3,9,13,17,1,4,6,0,0,1,0,0,0,1,0,-2,2,-1,1
Computer Science,3.45,0,0,0,1,1,1,0,1,1,1,0,2,2,2,4,5,6,15,0.375,4,6,7,7,3,4,2,2,0,0,0,0,0,1,-1,0,1,0,0
Data Science,3.55,1,0,0,1,1,1,0,1,0,0,0,2,2,5,3,2,5,14,0.3333333333333333,5,6,9,10,3,3,1,0,0,0,0,0,1,1,-2,1,2,-1,0
Data Science,3.49,1,1,1,1,0,0,0,1,0,1,0,1,2,3,2,4,6,12,0.46153846153846156,2,3,6,5,2,7,6,4,0,0,1,0,0,0,1,-1,0,1,0
Software Engineering,3.38,1,1,0,1,0,0,1,0,0,1,1,2,2,3,2,5,6,14,0.4,2,4,6,7,3,10,5,6,1,0,1,1,0,0,0,-1,-1,3,0
Data Science,2.73,0,0,0,1,0,1,0,0,0,0,0,3,2,4,4,2,2,15,0.125,2,7,10,13,0,3,1,0,0,1,0,0,0,1,-2,0,2,-1,1
Data Science,3.2,0,0,0,1,0,1,0,0,0,0,0,4,3,3,4,2,2,16,0.11764705882352941,2,8,11,15,0,3,1,0,0,1,0,0,0,1,-2,0,2,-1,1
Data Science,3.38,1,0,0,0,1,1,0,0,1,0,0,2,1,5,5,3,4,16,0.23529411764705882,4,4,7,9,3,1,3,-1,0,0,0,0,1,0,0,0,1,-1,0
Computer Science,3.21,1,0,0,1,0,1,1,0,0,1,1,2,3,3,3,5,6,16,0.35294117647058826,3,6,8,9,3,9,2,5,1,1,0,1,0,1,-2,0,0,2,1
Data Science,3.25,1,0,0,1,0,1,0,0,0,0,0,5,3,5,4,3,3,20,0.14285714285714285,3,9,13,18,1,4,2,0,0,1,0,0,0,1,-2,0,2,-1,1
AI,3.98,1,0,1,1,1,0,0,1,1,0,0,5,1,3,2,2,6,13,0.42857142857142855,4,7,10,12,3,4,5,1,0,0,1,0,1,0,1,0,1,0,-1
Software Engineering,3.44,1,1,0,0,1,1,1,1,0,1,0,3,2,2,1,1,7,9,0.7,4,5,6,8,5,5,3,4,0,0,0,1,1,0,0,0,-1,1,0
Cybersecurity,3.05,1,0,0,1,0,0,0,0,0,0,0,3,2,3,4,3,2,15,0.125,2,5,9,10,1,5,3,1,0,0,0,0,0,0,-1,0,1,0,0
Computer Science,2.88,1,1,0,1,0,0,1,0,0,1,1,3,4,5,2,5,6,19,0.3,2,5,7,13,3,10,5,6,1,0,1,1,0,0,0,-1,-1,3,0
Cybersecurity,3.3,1,0,1,1,1,1,1,1,1,0,0,2,3,2,2,1,8,10,0.7272727272727273,5,6,8,8,4,5,4,2,0,0,0,0,1,1,0,0,1,0,0
Software Engineering,2.97,0,0,0,1,0,1,1,0,1,0,0,3,4,4,3,5,4,19,0.2,2,7,9,15,1,5,3,2,0,1,0,0,0,1,-1,-1,1,0,1
Software Engineering,3.14,1,0,1,0,0,1,0,0,0,1,0,2,2,4,3,5,4,16,0.23529411764705882,2,4,7,9,2,4,3,2,0,0,0,0,0,0,0,0,0,0,1
Data Science,3.71,1,0,0,1,1,0,0,1,0,0,0,5,4,2,2,3,4,16,0.23529411764705882,4,7,10,14,3,4,2,1,0,0,0,0,1,0,-1,1,1,0,-1
Data Science,3.95,0,0,1,1,1,0,0,0,0,1,0,2,3,3,5,3,4,16,0.23529411764705882,3,4,5,8,3,5,2,2,0,0,0,0,0,0,0,1,0,1,-1
Data Science,3.09,1,0,0,1,1,1,0,0,1,0,0,5,4,3,4,3,5,19,0.25,5,9,12,16,3,3,3,-1,0,0,0,0,1,1,-1,0,2,-1,0
Software Engineering,2.91,0,1,1,0,1,0,0,0,1,0,0,2,5,5,2,2,4,16,0.23529411764705882,2,2,4,13,2,1,6,0,0,0,1,0,0,0,3,-1,0,0,-1
Data Science,3.2,0,0,0,1,1,1,1,0,0,0,0,4,3,4,5,1,4,17,0.2222222222222222,4,8,9,15,3,4,0,1,0,0,0,0,0,1,-2,1,1,0,0
Data Science,3.18,0,1,1,0,1,0,0,0,0,1,0,2,4,2,2,1,4,11,0.3333333333333333,2,2,3,8,3,3,4,2,0,0,1,0,0,0,2,0,-1,1,-1
Cybersecurity,3.69,1,0,0,1,1,1,1,0,0,0,0,2,1,4,3,2,5,12,0.38461538461538464,5,6,8,8,4,5,1,1,0,0,0,0,1,1,-2,1,1,0,0
Computer Science,2.67,0,1,0,0,1,1,0,0,1,0,1,3,1,1,4,5,5,14,0.3333333333333333,3,5,7,8,2,1,4,0,0,0,0,0,0,0,1,-1,1,0,0
AI,3.09,1,1,1,1,1,1,1,0,0,0,0,3,3,5,2,4,7,17,0.3888888888888889,5,7,9,13,4,5,4,1,0,0,0,0,1,1,0,0,1,0,0
Cybersecurity,2.79,0,1,0,1,1,0,1,1,0,0,0,5,1,1,4,5,5,16,0.29411764705882354,3,7,8,11,3,5,3,3,0,0,1,0,0,0,0,0,0,1,-1
Software Engineering,3.35,0,0,0,0,1,0,1,0,0,0,1,3,3,5,4,5,3,20,0.14285714285714285,2,3,4,13,3,4,1,3,0,0,0,0,0,0,0,1,-1,2,-1
Cybersecurity,2.96,1,1,1,1,1,1,0,1,1,1,0,1,4,2,4,2,9,13,0.6428571428571429,5,5,7,6,4,5,6,2,0,0,0,0,1,1,1,-1,1,0,0
Data Science,3.29,1,0,1,1,0,1,0,1,1,0,1,4,4,4,5,1,7,18,0.3684210526315789,3,8,12,16,1,5,5,2,0,1,0,0,0,1,0,-1,2,0,1
Cybersecurity,3.5,0,0,1,0,1,1,1,0,0,1,0,2,2,4,2,2,5,12,0.38461538461538464,3,4,4,9,4,4,1,3,0,0,0,1,0,0,0,1,-1,1,0
AI,3.41,0,1,0,1,0,1,0,1,1,1,0,2,3,4,5,1,6,15,0.375,2,6,8,11,1,5,5,3,0,1,0,0,0,1,0,-2,1,0,1
Cybersecurity,3.42,1,0,0,0,1,0,0,1,1,0,1,3,3,5,3,3,5,17,0.2777777777777778,3,3,6,12,3,3,4,2,0,0,1,0,1,0,1,0,0,1,-1
AI,2.56,0,0,0,1,1,1,1,1,1,0,0,5,5,2,5,4,6,21,0.2727272727272727,4,9,10,17,3,4,2,2,0,0,0,0,0,1,-1,0,1,0,0
Cybersecurity,3.0,0,0,1,1,0,1,0,0,0,0,0,1,5,5,3,5,3,19,0.15,2,5,8,13,0,3,2,0,0,1,0,0,0,1,-1,0,2,-1,1
Cybersecurity,2.96,1,0,0,1,0,1,0,0,0,0,0,3,4,5,3,3,3,18,0.15789473684210525,3,7,11,15,1,4,2,0,0,1,0,0,0,1,-2,0,2,-1,1
AI,3.33,1,0,0,1,0,1,0,0,0,0,0,4,5,3,2,3,3,17,0.16666666666666666,3,8,12,16,1,4,2,0,0,1,0,0,0,1,-2,0,2,-1,1
Data Science,2.98,0,0,1,0,0,1,1,1,1,1,1,4,2,3,5,4,7,18,0.3684210526315789,1,6,7,13,2,6,4,6,0,0,0,1,0,0,1,-1,-1,2,1
Computer Science,3.88,1,0,1,1,0,1,1,0,1,1,1,2,2,3,4,4,8,15,0.5,3,6,8,8,3,9,5,5,1,1,0,1,0,1,0,-1,0,2,1
Computer Science,2.76,1,0,0,1,1,1,0,1,1,0,1,3,2,2,1,2,7,10,0.6363636363636364,5,7,10,9,3,4,3,1,0,0,0,0,1,1,-1,0,2,0,0
Software Engineering,3.82,0,0,1,1,1,0,0,1,1,1,1,2,3,5,5,1,7,16,0.4117647058823529,3,4,5,10,3,6,4,4,0,0,1,0,0,0,1,0,0,2,-1
Computer Science,3.9,1,1,0,0,1,1,1,0,1,1,1,3,4,5,1,5,8,18,0.42105263157894735,4,5,6,13,5,6,5,4,0,0,0,1,1,0,1,-1,-1,2,0
AI,3.66,1,0,1,1,0,1,0,0,0,1,1,4,1,5,2,4,6,16,0.35294117647058826,3,8,11,13,2,7,3,3,0,1,0,0,0,1,-1,0,1,1,1
Computer Science,3.44,1,0,0,1,1,1,0,0,0,0,0,3,4,2,1,4,4,14,0.26666666666666666,5,7,10,11,3,3,1,-1,0,0,0,0,1,1,-2,1,2,-1,0
Cybersecurity,3.51,1,1,0,1,1,1,0,0,0,0,1,3,2,3,3,5,6,16,0.35294117647058826,5,7,10,10,3,4,3,0,0,0,0,0,1,1,-1,0,2,0,0
Cybersecurity,2.83,0,1,0,1,1,1,0,1,0,0,0,4,1,2,1,3,5,11,0.4166666666666667,4,8,10,11,2,2,2,0,0,0,0,0,0,1,-1,0,2,-1,0
Data Science,3.69,1,0,0,1,1,1,0,0,0,0,0,3,1,4,2,2,4,12,0.3076923076923077,5,7,10,10,3,3,1,-1,0,0,0,0,1,1,-2,1,2,-1,0
Software Engineering,2.82,0,1,0,0,0,0,0,0,1,0,1,5,5,2,3,3,3,18,0.15789473684210525,0,5,8,17,0,3,6,2,0,0,1,0,0,0,2,-2,0,1,0
Data Science,2.69,1,1,1,1,0,0,1,1,1,0,1,5,3,3,3,2,8,16,0.47058823529411764,2,7,10,15,2,8,8,5,0,0,1,0,0,0,2,-2,0,2,0
Data Science,3.79,1,1,0,1,1,1,0,0,0,1,0,1,2,2,3,4,6,12,0.46153846153846156,5,5,7,4,4,5,3,1,0,0,0,0,1,1,-1,0,1,0,0
Data Science,3.46,0,0,0,1,1,1,0,0,0,0,0,5,2,4,4,3,3,18,0.15789473684210525,4,9,11,16,2,2,0,-1,0,0,0,0,0,1,-2,1,2,-1,0
Software Engineering,2.94,1,0,1,0,1,0,0,0,1,0,0,5,5,2,3,3,4,18,0.21052631578947367,3,5,8,15,3,2,5,0,0,0,1,0,1,0,2,0,0,0,-1
Cybersecurity,2.92,0,0,1,0,0,0,1,1,0,0,0,3,3,4,4,4,3,18,0.15789473684210525,0,3,5,13,1,4,3,4,0,0,0,0,0,0,1,0,-1,1,0
AI,3.06,1,1,1,0,0,1,0,1,1,1,0,3,3,1,3,5,7,15,0.4375,2,5,8,9,2,4,7,3,0,0,0,0,0,0,2,-2,0,0,1
Computer Science,3.88,0,0,1,1,1,0,1,1,0,1,1,5,2,3,3,3,7,16,0.4117647058823529,3,7,7,13,4,8,2,6,1,0,0,1,0,0,0,1,-1,3,-1
AI,3.26,1,0,1,0,1,1,0,1,0,1,1,2,2,1,3,1,7,9,0.7,4,4,6,5,4,4,2,3,0,0,0,0,1,0,0,1,0,1,0
Software Engineering,3.41,1,0,0,1,0,0,1,0,1,1,0,3,3,4,2,2,5,14,0.3333333333333333,2,5,7,11,3,9,5,5,1,0,1,1,0,0,0,-1,-1,2,0
Computer Science,2.99,1,1,0,0,0,1,1,0,0,1,1,3,2,3,2,4,6,14,0.4,2,5,7,10,3,7,4,5,0,0,0,1,0,0,0,-1,-1,2,1
Cybersecurity,2.52,1,1,0,0,1,1,0,1,0,1,1,1,4,1,2,4,7,12,0.5384615384615384,4,3,5,5,4,4,3,3,0,0,0,0,1,0,0,0,0,1,0
Data Science,3.91,0,0,1,1,0,0,1,1,1,1,0,2,2,4,1,5,6,14,0.4,1,4,5,9,2,8,5,6,1,0,1,1,0,0,1,-1,-1,2,0
Cybersecurity,3.0,1,1,0,1,0,0,1,1,0,1,1,3,3,3,4,1,7,14,0.4666666666666667,2,5,7,10,3,10,5,7,1,0,1,1,0,0,0,-1,-1,3,0
Computer Science,2.41,1,0,0,1,1,1,1,0,0,0,0,3,4,3,4,3,5,17,0.2777777777777778,5,7,9,12,4,5,1,1,0,0,0,0,1,1,-2,1,1,0,0
AI,3.55,1,0,0,1,0,1,0,0,0,0,0,3,2,4,5,2,3,16,0.17647058823529413,3,7,11,12,1,4,2,0,0,1,0,0,0,1,-2,0,2,-1,1
Data Science,3.91,1,0,0,1,0,1,1,1,1,0,0,3,4,1,2,2,6,12,0.46153846153846156,3,7,10,11,2,6,4,3,0,1,0,0,0,1,-1,-1,1,0,1
Computer Science,2.54,1,0,0,1,0,1,0,1,0,1,1,3,3,3,1,5,6,15,0.375,3,7,10,11,2,7,2,4,0,1,0,0,0,1,-2,0,1,1,1
Cybersecurity,2.83,1,0,1,0,1,0,0,0,1,0,0,4,1,1,2,2,4,10,0.36363636363636365,3,4,7,8,3,2,5,0,0,0,1,0,1,0,2,0,0,0,-1
Software Engineering,2.78,1,0,1,0,1,1,1,1,1,0,0,5,2,1,1,4,7,13,0.5,4,7,9,12,4,3,4,2,0,0,0,0,1,0,1,0,0,0,0
Software Engineering,3.9,0,0,0,0,1,0,0,0,0,0,1,5,5,5,2,5,2,22,0.08695652173913043,2,5,7,19,2,2,1,1,0,0,0,0,0,0,0,1,0,1,-1
Computer Science,3.85,0,1,1,0,0,1,0,0,0,1,1,1,3,5,3,4,5,16,0.29411764705882354,1,3,5,10,1,4,4,3,0,0,0,0,0,0,1,-1,0,1,1
Computer Science,2.82,1,0,0,0,1,0,1,0,1,0,0,2,3,1,4,2,4,12,0.3076923076923077,3,2,4,6,4,4,4,2,0,0,1,0,1,0,1,0,-1,1,-1
Data Science,2.59,0,0,1,1,1,1,1,1,1,1,0,5,2,3,1,2,8,13,0.5714285714285714,4,9,9,14,4,6,3,4,1,0,0,1,0,1,0,0,0,1,0
AI,3.27,0,0,0,0,1,1,1,0,0,0,1,5,3,4,4,2,4,18,0.21052631578947367,3,7,8,17,3,3,0,2,0,0,0,0,0,0,-1,1,0,1,0
Software Engineering,3.19,1,1,0,1,0,1,1,0,1,0,0,5,3,5,5,2,6,20,0.2857142857142857,3,9,12,18,2,6,6,2,0,1,0,0,0,1,0,-2,1,0,1
Data Science,3.01,1,0,0,1,0,1,0,0,1,0,0,3,2,4,5,3,4,17,0.2222222222222222,3,7,11,12,1,4,4,0,0,1,0,0,0,1,-1,-1,2,-1,1
Software Engineering,3.3,1,0,0,0,1,0,1,0,0,0,0,3,1,4,2,4,3,14,0.2,3,3,5,9,4,4,2,2,0,0,0,0,1,0,0,1,-1,1,-1
Data Science,3.36,1,0,0,1,1,1,1,0,0,0,0,5,3,2,4,3,5,17,0.2777777777777778,5,9,11,14,4,5,1,1,0,0,0,0,1,1,-2,1,1,0,0
Data Science,3.5,1,0,0,0,0,1,1,0,0,0,0,3,1,5,1,3,3,13,0.21428571428571427,2,5,8,12,2,4,2,2,0,0,0,0,0,0,-1,0,0,0,1
Data Science,3.97,0,1,1,1,1,0,0,1,1,0,0,5,3,3,4,1,6,16,0.35294117647058826,3,7,9,15,2,3,6,1,0,0,1,0,0,0,2,-1,1,0,-1
Computer Science,3.71,1,1,0,0,1,1,0,1,1,0,1,2,1,4,5,1,7,13,0.5,4,4,7,8,3,2,5,1,0,0,0,0,1,0,1,-1,1,0,0
AI,2.73,0,0,1,1,0,1,0,0,1,0,0,2,5,4,4,3,4,18,0.21052631578947367,2,6,9,14,0,3,4,0,0,1,0,0,0,1,0,-1,2,-1,1
AI,3.69,1,0,1,0,1,0,1,1,1,0,0,3,3,5,3,5,6,19,0.3,3,3,5,12,4,4,5,3,0,0,1,0,1,0,2,0,-1,1,-1
AI,2.58,1,0,1,1,1,0,1,1,0,1,0,3,2,1,3,2,7,11,0.5833333333333334,4,5,6,6,5,8,3,5,1,0,0,1,1,0,0,1,-1,2,-1
Software Engineering,3.59,0,0,1,1,0,0,1,0,1,1,1,5,4,5,4,1,6,19,0.3,1,7,8,18,2,9,5,6,1,0,1,1,0,0,1,-1,-1,3,0
Software Engineering,2.88,1,1,0,1,0,1,1,0,1,1,0,5,2,4,3,5,7,19,0.35,3,9,11,15,3,8,6,4,1,1,0,1,0,1,0,-2,0,1,1
AI,3.78,1,0,0,0,1,1,0,0,0,0,0,1,1,5,4,3,3,14,0.2,4,3,6,7,3,1,1,-1,0,0,0,0,1,0,-1,1,1,-1,0
Cybersecurity,2.76,1,0,1,1,1,0,1,0,1,1,0,5,4,3,5,1,7,18,0.3684210526315789,4,7,8,14,5,8,5,4,1,0,1,1,1,0,1,0,-1,2,-1
Cybersecurity,2.8,1,1,1,1,0,1,0,0,0,0,0,2,2,5,4,2,5,15,0.3125,3,6,10,11,1,4,5,0,0,1,0,0,0,1,0,-1,2,-1,1
Cybersecurity,3.46,0,0,0,0,0,0,1,1,1,1,0,1,3,3,1,1,4,9,0.4,0,1,2,7,2,6,4,6,0,0,1,1,0,0,1,-1,-2,2,0
Software Engineering,3.45,1,0,0,0,0,0,1,0,0,0,1,3,3,5,3,3,3,17,0.16666666666666666,1,3,6,13,2,6,3,4,0,0,0,0,0,0,0,0,-1,2,0
Computer Science,2.87,0,1,0,1,0,1,0,0,0,0,0,4,2,5,3,4,3,18,0.15789473684210525,2,8,11,16,0,3,3,0,0,1,0,0,0,1,-1,-1,2,-1,1
Software Engineering,3.28,1,1,0,0,1,0,0,0,1,0,0,4,3,1,3,3,4,14,0.26666666666666666,3,4,7,10,3,2,6,0,0,0,1,0,1,0,2,-1,0,0,-1
AI,3.22,1,0,0,1,1,1,1,0,0,1,0,3,3,5,3,3,6,17,0.3333333333333333,5,7,8,12,5,7,1,3,1,0,0,1,1,1,-2,1,0,1,0
Cybersecurity,4.0,1,1,0,0,1,1,1,0,0,1,0,4,2,5,2,5,6,18,0.3157894736842105,4,6,7,13,5,5,3,3,0,0,0,1,1,0,0,0,-1,1,0
AI,2.75,0,0,0,1,0,1,1,0,1,0,0,3,4,2,3,5,4,17,0.2222222222222222,2,7,9,13,1,5,3,2,0,1,0,0,0,1,-1,-1,1,0,1
Cybersecurity,2.94,1,1,1,1,0,0,0,1,1,0,0,1,2,4,4,5,6,16,0.35294117647058826,2,3,7,7,1,5,8,2,0,0,1,0,0,0,2,-2,1,0,0
Software Engineering,3.12,1,1,0,1,1,1,1,1,0,1,0,3,3,4,1,5,8,16,0.47058823529411764,5,7,8,11,5,7,3,4,1,0,0,1,1,1,-1,0,0,1,0
Cybersecurity,3.32,1,1,1,1,0,0,0,0,1,0,1,2,2,4,1,3,6,12,0.46153846153846156,2,4,8,9,1,6,8,2,0,0,1,0,0,0,2,-2,1,1,0
Software Engineering,3.56,1,1,1,1,0,0,0,0,0,1,0,5,3,3,2,2,5,15,0.3125,2,7,10,14,2,7,6,3,0,0,1,0,0,0,1,-1,0,1,0
Cybersecurity,2.52,1,0,0,1,0,0,1,1,0,0,0,3,2,5,4,3,4,17,0.2222222222222222,2,5,8,12,2,7,3,4,0,0,0,0,0,0,-1,0,0,1,0
Computer Science,2.84,0,0,1,1,0,1,0,1,0,0,0,4,5,3,1,3,4,16,0.23529411764705882,2,8,11,17,0,3,2,1,0,1,0,0,0,1,-1,0,2,-1,1
AI,3.66,1,1,0,0,0,0,1,1,0,0,0,3,3,4,5,1,4,16,0.23529411764705882,1,3,6,12,2,5,5,4,0,0,1,0,0,0,1,-1,-1,1,0
Data Science,2.89,0,0,0,1,1,0,1,1,0,1,1,2,4,2,4,4,6,16,0.35294117647058826,3,4,4,8,4,8,1,6,1,0,0,1,0,0,-1,1,-1,3,-1
Computer Science,3.42,1,0,0,1,0,0,1,0,0,1,1,2,1,2,3,2,5,10,0.45454545454545453,2,4,6,5,3,10,3,6,1,0,0,1,0,0,-1,0,-1,3,0
AI,3.47,0,0,0,1,0,1,1,1,0,0,0,4,4,4,2,3,4,17,0.2222222222222222,2,8,10,17,1,5,1,3,0,1,0,0,0,1,-2,0,1,0,1
Computer Science,3.85,1,0,1,1,1,1,1,0,1,0,0,3,1,5,3,5,7,17,0.3888888888888889,5,7,9,11,4,5,4,1,0,0,0,0,1,1,0,0,1,0,0
Computer Science,3.16,0,1,1,1,1,1,1,0,0,1,1,1,2,4,4,4,8,15,0.5,4,5,5,7,4,7,3,4,1,0,0,1,0,1,0,0,0,2,0
Data Science,3.35,0,1,0,0,0,0,1,0,0,1,0,3,5,5,3,4,3,20,0.14285714285714285,0,3,4,15,2,6,4,5,0,0,1,1,0,0,1,-1,-2,2,0
Cybersecurity,2.77,1,0,1,0,0,1,0,0,0,0,1,1,1,5,2,5,4,14,0.26666666666666666,2,3,7,8,1,3,3,1,0,0,0,0,0,0,0,0,1,0,1
Data Science,3.33,1,0,1,1,0,1,0,0,1,1,1,2,2,5,5,1,7,15,0.4375,3,6,9,10,2,7,5,3,0,1,0,0,0,1,0,-1,1,1,1
Cybersecurity,2.52,1,1,0,1,1,0,1,1,1,0,0,3,4,2,4,3,7,16,0.4117647058823529,4,5,7,10,4,6,6,3,0,0,1,0,1,0,1,-1,0,1,-1
Computer Science,3.28,0,0,0,1,1,0,1,0,0,1,0,1,4,4,5,1,4,15,0.25,3,3,3,8,4,7,1,4,1,0,0,1,0,0,-1,1,-1,2,-1
Data Science,3.09,1,0,0,1,0,1,1,0,0,0,1,2,5,5,5,1,5,18,0.2631578947368421,3,6,9,14,2,7,2,3,0,1,0,0,0,1,-2,0,1,1,1
Cybersecurity,3.53,0,1,1,1,0,1,0,1,1,0,0,4,4,3,2,2,6,15,0.375,2,8,11,16,0,3,6,1,0,1,0,0,0,1,1,-2,2,-1,1
Data Science,3.38,0,1,1,1,1,0,0,1,1,1,1,3,4,3,4,5,8,19,0.4,3,5,6,11,3,6,6,4,0,0,1,0,0,0,2,-1,0,2,-1
Data Science,3.46,0,0,0,1,0,1,0,1,0,0,0,4,4,4,5,3,3,20,0.14285714285714285,2,8,11,17,0,3,1,1,0,1,0,0,0,1,-2,0,2,-1,1
Data Science,2.92,1,0,1,1,0,1,1,0,0,0,0,5,2,5,3,3,5,18,0.2631578947368421,3,9,12,17,2,6,3,2,0,1,0,0,0,1,-1,0,1,0,1
Computer Science,3.63,1,0,0,1,0,1,0,1,1,1,0,1,4,5,5,4,6,19,0.3,3,5,8,10,2,6,4,3,0,1,0,0,0,1,-1,-1,1,0,1
AI,3.7,1,0,1,1,1,0,1,0,1,1,1,4,4,2,2,1,8,13,0.5714285714285714,4,6,7,11,5,9,5,5,1,0,1,1,1,0,1,0,-1,3,-1
Cybersecurity,2.78,1,0,0,1,0,1,1,0,0,0,1,2,3,5,4,4,5,18,0.2631578947368421,3,6,9,12,2,7,2,3,0,1,0,0,0,1,-2,0,1,1,1
Data Science,3.2,0,0,0,1,0,1,0,1,0,0,0,1,3,1,2,1,3,8,0.3333333333333333,2,5,8,7,0,3,1,1,0,1,0,0,0,1,-2,0,2,-1,1
Software Engineering,3.74,1,1,0,1,1,0,0,0,0,0,1,5,5,2,5,2,5,19,0.25,4,7,10,15,3,5,4,1,0,0,1,0,1,0,0,0,1,1,-1
Data Science,3.55,1,0,0,1,1,1,0,0,0,0,0,3,1,4,1,3,4,12,0.3076923076923077,5,7,10,10,3,3,1,-1,0,0,0,0,1,1,-2,1,2,-1,0
AI,3.18,1,1,1,1,1,1,0,1,1,0,1,4,3,2,3,5,9,17,0.5,5,8,11,12,3,4,6,1,0,0,0,0,1,1,1,-1,2,0,0
Computer Science,2.68,1,0,1,1,0,1,1,0,0,1,1,2,1,3,4,5,7,15,0.4375,3,6,8,7,3,9,3,5,1,1,0,1,0,1,-1,0,0,2,1
Data Science,3.2,1,1,1,0,0,0,0,1,1,1,0,2,3,2,2,3,6,12,0.46153846153846156,1,2,5,7,2,5,8,4,0,0,1,0,0,0,3,-2,-1,1,0
Data Science,2.72,0,0,0,1,1,1,1,0,0,1,1,5,5,4,3,3,6,20,0.2857142857142857,4,9,9,18,4,7,0,4,1,0,0,1,0,1,-2,1,0,2,0
Computer Science,3.55,0,1,1,1,0,1,0,0,0,1,0,5,5,5,3,5,5,23,0.20833333333333334,2,9,11,20,1,5,4,2,0,1,0,0,0,1,0,-1,1,0,1
Cybersecurity,3.22,0,1,1,0,0,0,0,0,1,1,1,3,3,1,1,1,5,9,0.5,0,3,5,9,1,5,7,4,0,0,1,0,0,0,3,-2,-1,2,0
Computer Science,3.95,0,1,1,1,0,1,1,0,0,1,1,3,5,1,5,5,7,19,0.35,2,7,8,12,2,8,4,5,1,1,0,1,0,1,0,-1,0,2,1
Cybersecurity,3.92,0,0,1,1,1,1,0,0,1,0,0,3,1,5,4,2,5,15,0.3125,4,7,9,12,2,2,3,-1,0,0,0,0,0,1,0,0,2,-1,0
AI,3.57,1,1,0,1,1,0,1,1,1,1,1,5,1,2,4,1,9,13,0.6428571428571429,4,7,8,10,5,9,6,6,1,0,1,1,1,0,1,-1,-1,3,-1
AI,3.67,0,1,1,0,0,1,0,0,0,1,0,4,3,5,5,5,4,22,0.17391304347826086,1,6,8,16,1,3,4,2,0,0,0,0,0,0,1,-1,0,0,1
Computer Science,3.04,0,0,0,0,1,0,1,0,1,1,0,3,1,3,1,4,4,12,0.3076923076923077,2,3,3,8,4,5,3,4,0,0,1,1,0,0,1,0,-2,2,-1
AI,3.33,1,1,0,1,1,0,1,0,0,0,0,4,2,5,3,3,5,17,0.2777777777777778,4,6,8,13,4,6,4,2,0,0,1,0,1,0,0,0,0,1,-1
Cybersecurity,3.71,1,1,1,1,0,1,1,1,0,1,1,3,3,1,1,2,9,10,0.8181818181818182,3,7,9,9,3,9,5,6,1,1,0,1,0,1,0,-1,0,2,1
Cybersecurity,3.69,0,0,0,1,0,0,1,0,0,0,1,3,4,5,3,4,3,19,0.15,1,5,7,15,1,7,2,4,0,0,0,0,0,0,-1,0,0,2,0
Cybersecurity,3.98,0,0,1,1,0,1,1,0,1,0,1,5,3,2,1,3,6,14,0.4,2,9,11,16,1,6,4,3,0,1,0,0,0,1,0,-1,1,1,1
Software Engineering,2.97,0,0,0,0,1,0,1,1,0,1,1,4,3,3,5,5,5,20,0.23809523809523808,2,4,4,12,4,6,1,6,0,0,0,1,0,0,0,1,-2,3,-1
Computer Science,2.55,0,1,0,0,1,1,1,0,0,0,1,1,1,3,5,1,5,11,0.4166666666666667,3,3,4,6,3,3,2,2,0,0,0,0,0,0,0,0,0,1,0
Data Science,2.74,1,1,1,0,1,0,0,0,1,1,1,1,5,5,5,2,7,18,0.3684210526315789,3,1,3,9,4,5,7,3,0,0,1,0,1,0,3,-1,-1,2,-1
Software Engineering,3.35,0,1,1,1,0,1,1,1,1,0,1,4,4,1,3,4,8,16,0.47058823529411764,2,8,10,14,1,6,6,4,0,1,0,0,0,1,1,-2,1,1,1
Computer Science,2.68,1,0,0,1,0,0,1,0,0,1,1,5,2,3,5,4,5,19,0.25,2,7,9,13,3,10,3,6,1,0,0,1,0,0,-1,0,-1,3,0
AI,3.77,0,1,1,0,1,1,1,0,1,0,1,4,1,4,1,1,7,11,0.5833333333333334,3,6,7,13,3,3,5,2,0,0,0,0,0,0,2,-1,0,1,0
Data Science,3.96,1,0,0,0,1,0,0,0,0,0,0,2,2,5,4,2,2,15,0.125,3,2,5,9,3,2,2,0,0,0,0,0,1,0,0,1,0,0,-1
Data Science,3.03,0,0,0,1,0,1,0,1,0,0,0,5,3,4,4,3,3,19,0.15,2,9,12,18,0,3,1,1,0,1,0,0,0,1,-2,0,2,-1,1
Computer Science,3.97,1,1,1,1,1,1,0,0,0,1,0,1,5,5,4,2,7,17,0.3888888888888889,5,5,7,10,4,5,4,1,0,0,0,0,1,1,0,0,1,0,0
AI,3.52,1,1,0,1,0,1,1,1,0,1,1,5,1,2,1,2,8,11,0.6666666666666666,3,9,11,12,3,9,4,6,1,1,0,1,0,1,-1,-1,0,2,1
AI,3.17,0,1,0,1,1,0,1,0,0,1,1,5,3,1,4,4,6,17,0.3333333333333333,3,7,7,12,4,8,3,5,1,0,1,1,0,0,0,0,-1,3,-1
Computer Science,2.96,1,0,1,1,1,1,1,0,1,1,0,2,5,3,3,5,8,18,0.42105263157894735,5,6,7,10,5,7,4,3,1,0,0,1,1,1,0,0,0,1,0
AI,2.95,0,1,1,1,0,0,0,1,1,1,0,5,1,3,5,1,6,15,0.375,1,7,9,13,1,6,7,4,0,0,1,0,0,0,2,-2,0,1,0
Data Science,2.9,1,1,1,0,1,0,0,1,1,1,0,1,1,4,4,1,7,11,0.5833333333333334,3,1,3,4,4,4,7,3,0,0,1,0,1,0,3,-1,-1,1,-1
Computer Science,3.4,1,0,0,0,1,1,0,0,1,0,0,4,4,5,3,3,4,19,0.2,4,6,9,16,3,1,3,-1,0,0,0,0,1,0,0,0,1,-1,0
Computer Science,3.04,1,1,1,0,1,0,1,1,1,1,1,1,4,3,4,5,9,17,0.5,3,1,2,6,5,7,7,6,0,0,1,1,1,0,3,-1,-2,3,-1
Software Engineering,2.48,1,0,0,1,0,0,1,0,0,1,0,4,3,3,3,3,4,16,0.23529411764705882,2,6,8,12,3,9,3,5,1,0,0,1,0,0,-1,0,-1,2,0
AI,2.69,1,0,0,0,1,1,0,0,1,0,0,5,1,2,5,1,4,14,0.26666666666666666,4,7,10,12,3,1,3,-1,0,0,0,0,1,0,0,0,1,-1,0
Computer Science,2.4,1,0,0,1,0,1,0,1,0,1,1,3,3,4,2,5,6,17,0.3333333333333333,3,7,10,12,2,7,2,4,0,1,0,0,0,1,-2,0,1,1,1
Software Engineering,2.79,1,1,0,1,0,1,0,0,0,1,1,2,2,4,3,5,6,16,0.35294117647058826,3,6,9,9,2,7,4,3,0,1,0,0,0,1,-1,-1,1,1,1
Software Engineering,3.88,0,0,1,0,0,0,1,1,1,1,1,2,1,5,3,3,6,14,0.4,0,2,3,9,2,7,5,7,0,0,1,1,0,0,2,-1,-2,3,0
Software Engineering,3.87,1,1,0,1,1,0,1,0,0,1,0,3,2,4,3,3,6,15,0.375,4,5,6,9,5,8,4,4,1,0,1,1,1,0,0,0,-1,2,-1
Software Engineering,3.68,0,0,1,0,0,1,1,1,0,1,1,2,4,3,2,1,6,12,0.46153846153846156,1,4,5,11,2,6,2,6,0,0,0,1,0,0,0,0,-1,2,1
Software Engineering,2.72,0,0,1,0,0,1,0,0,1,1,0,3,2,2,3,1,4,11,0.3333333333333333,1,5,7,10,1,3,4,2,0,0,0,0,0,0,1,-1,0,0,1
Data Science,3.78,1,0,0,1,0,0,0,0,0,0,0,5,3,5,5,4,2,22,0.08695652173913043,2,7,11,17,1,5,3,1,0,0,0,0,0,0,-1,0,1,0,0
AI,3.9,1,0,0,0,0,1,1,0,1,1,0,1,2,1,1,4,5,9,0.5,2,3,5,4,3,6,4,4,0,0,0,1,0,0,0,-1,-1,1,1
Data Science,3.61,1,0,1,0,0,0,1,1,1,1,1,1,4,5,5,5,7,20,0.3333333333333333,1,1,3,9,3,8,6,7,0,0,1,1,0,0,2,-1,-2,3,0
Cybersecurity,3.72,1,1,0,1,0,0,0,0,1,0,0,4,2,4,1,4,4,15,0.25,2,6,10,13,1,5,7,1,0,0,1,0,0,0,1,-2,1,0,0
AI,3.18,1,0,0,1,1,0,0,1,1,1,0,3,4,1,4,3,6,15,0.375,4,5,7,8,4,6,4,3,0,0,1,0,1,0,0,0,0,1,-1
AI,3.07,1,1,0,1,0,1,0,1,1,0,0,4,3,3,3,4,6,17,0.3333333333333333,3,8,12,14,1,4,6,1,0,1,0,0,0,1,0,-2,2,-1,1
Software Engineering,3.19,1,1,1,1,1,1,0,0,0,1,0,4,4,5,3,3,7,19,0.35,5,8,10,15,4,5,4,1,0,0,0,0,1,1,0,0,1,0,0
Software Engineering,3.33,0,1,0,1,0,0,0,0,1,0,0,1,5,1,2,4,3,13,0.21428571428571427,1,3,6,8,0,4,6,1,0,0,1,0,0,0,1,-2,1,0,0
Cybersecurity,3.62,1,1,1,1,1,1,0,1,0,1,1,2,5,3,3,2,9,15,0.5625,5,6,8,10,4,6,4,3,0,0,0,0,1,1,0,0,1,1,0
AI,3.84,1,0,0,1,1,1,0,1,0,1,0,2,2,5,3,5,6,17,0.3333333333333333,5,6,8,9,4,5,1,2,0,0,0,0,1,1,-2,1,1,0,0
Computer Science,3.95,1,0,0,1,0,1,0,0,0,0,0,3,3,4,4,4,3,18,0.15789473684210525,3,7,11,13,1,4,2,0,0,1,0,0,0,1,-2,0,2,-1,1
Computer Science,3.38,0,1,1,1,1,1,0,0,0,0,0,2,5,3,1,4,5,15,0.3125,4,6,8,12,2,2,3,-1,0,0,0,0,0,1,0,0,2,-1,0
AI,3.28,0,0,1,0,1,1,0,0,0,0,0,1,2,3,5,4,3,15,0.1875,3,3,5,7,2,0,1,-1,0,0,0,0,0,0,0,1,1,-1,0
Data Science,2.83,1,0,0,1,1,0,0,0,0,1,0,2,3,4,5,3,4,17,0.2222222222222222,4,4,6,8,4,6,2,2,0,0,0,0,1,0,-1,1,0,1,-1
Data Science,3.71,0,0,1,1,0,1,0,0,0,0,1,2,4,3,1,3,4,13,0.2857142857142857,2,6,9,12,0,4,2,1,0,1,0,0,0,1,-1,0,2,0,1
Software Engineering,3.74,0,1,0,0,1,0,0,1,1,1,0,5,3,3,1,3,5,15,0.3125,2,5,6,14,3,3,5,3,0,0,1,0,0,0,2,-1,-1,1,-1
Computer Science,3.4,1,1,0,0,0,0,1,1,1,0,1,1,2,3,4,4,6,14,0.4,1,1,4,6,2,6,7,5,0,0,1,0,0,0,2,-2,-1,2,0
Computer Science,2.76,1,1,1,1,1,0,1,0,0,1,1,4,2,2,2,2,8,12,0.6153846153846154,4,6,7,9,5,9,5,5,1,0,1,1,1,0,1,0,-1,3,-1
Software Engineering,3.26,1,0,1,1,0,1,1,0,0,1,1,3,1,4,2,4,7,14,0.4666666666666667,3,7,9,10,3,9,3,5,1,1,0,1,0,1,-1,0,0,2,1
Software Engineering,2.74,1,0,0,1,0,0,1,0,1,0,0,3,3,5,4,2,4,17,0.2222222222222222,2,5,8,13,2,7,5,3,0,0,1,0,0,0,0,-1,0,1,0
Software Engineering,3.72,0,0,0,1,0,1,0,0,0,0,1,3,1,3,4,4,3,15,0.1875,2,7,10,11,0,4,1,1,0,1,0,0,0,1,-2,0,2,0,1
AI,3.63,1,0,0,1,1,1,0,0,1,0,0,3,3,3,5,4,5,18,0.2631578947368421,5,7,10,11,3,3,3,-1,0,0,0,0,1,1,-1,0,2,-1,0
Data Science,3.57,1,1,0,0,0,0,1,0,1,1,1,5,1,5,4,4,6,19,0.3,1,5,7,14,3,8,7,6,0,0,1,1,0,0,2,-2,-2,3,0
Software Engineering,2.7,0,0,0,1,0,0,1,0,0,1,1,4,3,2,3,5,4,17,0.2222222222222222,1,6,7,12,2,9,2,6,1,0,0,1,0,0,-1,0,-1,3,0
Software Engineering,3.31,0,1,1,1,1,0,0,1,0,1,0,5,4,4,2,2,6,17,0.3333333333333333,3,7,8,16,3,5,4,3,0,0,1,0,0,0,1,0,0,1,-1
Cybersecurity,3.57,0,1,0,1,0,1,0,0,1,0,0,3,3,1,2,1,4,10,0.36363636363636365,2,7,10,11,0,3,5,0,0,1,0,0,0,1,0,-2,2,-1,1
Computer Science,3.23,1,1,0,1,0,1,0,0,0,0,0,2,2,1,4,1,4,10,0.36363636363636365,3,6,10,7,1,4,4,0,0,1,0,0,0,1,-1,-1,2,-1,1
Software Engineering,3.12,0,1,0,1,0,1,0,1,0,0,1,3,4,4,5,5,5,21,0.22727272727272727,2,7,10,15,0,4,3,2,0,1,0,0,0,1,-1,-1,2,0,1
Software Engineering,3.08,1,1,0,1,0,1,0,0,1,0,0,3,2,4,5,2,5,16,0.29411764705882354,3,7,11,12,1,4,6,0,0,1,0,0,0,1,0,-2,2,-1,1
Computer Science,3.99,0,1,1,0,0,1,0,0,1,1,1,3,2,1,4,1,6,11,0.5,1,5,7,9,1,4,6,3,0,0,0,0,0,0,2,-2,0,1,1
Cybersecurity,2.92,1,0,1,0,0,1,0,0,1,0,1,2,4,3,4,4,5,17,0.2777777777777778,2,4,8,11,1,3,5,1,0,0,0,0,0,0,1,-1,1,0,1
Cybersecurity,2.93,0,1,1,1,1,1,0,1,0,1,0,5,3,4,1,1,7,14,0.4666666666666667,4,9,10,16,3,4,3,2,0,0,0,0,0,1,0,0,1,0,0
Software Engineering,3.18,0,0,1,1,0,0,1,0,0,1,1,4,2,5,3,2,5,16,0.29411764705882354,1,6,7,14,2,9,3,6,1,0,0,1,0,0,0,0,-1,3,0
Data Science,3.33,1,0,0,0,0,1,1,1,1,0,1,4,3,3,5,5,6,20,0.2857142857142857,2,6,9,14,2,5,4,4,0,0,0,0,0,0,0,-1,0,1,1
Software Engineering,3.22,0,1,1,0,0,1,0,0,0,1,0,1,2,5,2,2,4,12,0.3076923076923077,1,3,5,9,1,3,4,2,0,0,0,0,0,0,1,-1,0,0,1
Cybersecurity,3.01,0,1,1,1,0,0,0,1,1,1,0,4,3,4,1,2,6,14,0.4,1,6,8,14,1,6,7,4,0,0,1,0,0,0,2,-2,0,1,0
Cybersecurity,3.22,0,0,0,1,0,1,1,0,1,1,1,5,1,3,5,5,6,19,0.3,2,9,10,14,2,8,3,5,1,1,0,1,0,1,-1,-1,0,2,1
Computer Science,3.28,0,1,1,0,0,0,0,0,1,1,1,5,4,1,2,5,5,17,0.2777777777777778,0,5,7,14,1,5,7,4,0,0,1,0,0,0,3,-2,-1,2,0
AI,3.29,0,1,0,0,1,1,0,0,0,0,0,2,2,3,1,3,3,11,0.25,3,4,6,9,2,0,2,-1,0,0,0,0,0,0,0,0,1,-1,0
Software Engineering,3.66,1,1,1,0,1,0,1,0,0,1,0,1,2,2,3,5,6,13,0.42857142857142855,3,1,2,3,5,6,5,4,0,0,1,1,1,0,2,0,-2,2,-1
Data Science,3.48,0,0,0,1,1,1,1,0,1,0,1,5,3,5,2,2,6,17,0.3333333333333333,4,9,10,18,3,5,2,2,0,0,0,0,0,1,-1,0,1,1,0
Data Science,3.43,1,0,0,1,0,1,0,0,0,0,0,4,2,3,3,2,3,14,0.2,3,8,12,13,1,4,2,0,0,1,0,0,0,1,-2,0,2,-1,1
Data Science,3.06,1,1,1,0,0,0,1,0,0,1,0,4,1,4,1,1,5,11,0.4166666666666667,1,4,6,11,3,7,6,5,0,0,1,1,0,0,2,-1,-2,2,0
Cybersecurity,2.76,0,0,1,1,0,1,0,0,0,0,0,5,4,5,1,2,3,17,0.16666666666666666,2,9,12,20,0,3,2,0,0,1,0,0,0,1,-1,0,2,-1,1
AI,3.91,1,1,0,0,1,1,1,0,1,0,1,4,5,2,1,4,7,16,0.4117647058823529,4,6,8,14,4,4,5,2,0,0,0,0,1,0,1,-1,0,1,0
AI,3.88,1,0,1,1,0,0,0,0,1,1,1,2,5,4,4,1,6,16,0.35294117647058826,2,4,7,11,2,8,6,4,0,0,1,0,0,0,1,-1,0,2,0
Computer Science,3.54,1,1,0,1,1,1,0,0,0,0,0,2,2,5,3,1,5,13,0.35714285714285715,5,6,9,10,3,3,3,-1,0,0,0,0,1,1,-1,0,2,-1,0
Data Science,3.99,1,0,1,0,1,1,1,1,0,1,1,4,3,2,4,4,8,17,0.4444444444444444,4,6,7,11,5,6,2,5,0,0,0,1,1,0,0,1,-1,2,0
AI,3.28,0,1,0,0,0,0,1,1,0,1,0,1,3,5,3,4,4,16,0.23529411764705882,0,1,2,9,2,6,4,6,0,0,1,1,0,0,1,-1,-2,2,0
Cybersecurity,3.48,0,0,0,0,0,1,1,0,0,0,0,1,2,2,5,1,2,11,0.16666666666666666,1,3,5,7,1,3,1,2,0,0,0,0,0,0,-1,0,0,0,1
Software Engineering,3.23,1,1,1,1,1,1,0,0,0,0,0,1,1,5,3,2,6,12,0.46153846153846156,5,5,8,7,3,3,4,-1,0,0,0,0,1,1,0,0,2,-1,0
Software Engineering,2.86,1,1,1,1,1,1,0,1,0,0,1,1,5,4,3,3,8,16,0.47058823529411764,5,5,8,10,3,4,4,1,0,0,0,0,1,1,0,0,2,0,0
Software Engineering,3.63,1,1,1,1,0,1,1,0,0,1,0,4,1,3,3,4,7,15,0.4375,3,8,10,11,3,8,5,4,1,1,0,1,0,1,0,-1,0,1,1
Computer Science,2.57,0,0,1,0,1,1,1,1,0,1,0,1,3,3,3,3,6,13,0.42857142857142855,3,3,3,7,4,4,1,4,0,0,0,1,0,0,0,1,-1,1,0
AI,2.87,1,0,0,0,0,0,1,0,0,0,0,3,2,4,4,5,2,18,0.10526315789473684,1,3,6,11,2,5,3,3,0,0,0,0,0,0,0,0,-1,1,0
Cybersecurity,3.34,1,1,0,0,0,0,1,0,0,0,1,3,1,3,3,3,4,13,0.2857142857142857,1,3,6,9,2,6,5,4,0,0,1,0,0,0,1,-1,-1,2,0
Computer Science,2.91,1,1,1,1,1,1,0,1,1,0,1,3,3,3,2,3,9,14,0.6,5,7,10,11,3,4,6,1,0,0,0,0,1,1,1,-1,2,0,0
Data Science,3.43,1,0,0,0,1,1,0,0,0,0,0,3,4,5,2,5,3,19,0.15,4,5,8,14,3,1,1,-1,0,0,0,0,1,0,-1,1,1,-1,0
Computer Science,2.95,0,0,1,0,1,1,0,0,0,1,1,1,2,1,1,3,5,8,0.5555555555555556,3,3,4,4,3,3,1,2,0,0,0,0,0,0,0,1,0,1,0
AI,3.61,1,0,1,1,1,1,1,1,0,0,1,1,2,5,3,5,8,16,0.47058823529411764,5,5,7,8,4,6,2,3,0,0,0,0,1,1,-1,1,1,1,0
Software Engineering,3.39,0,0,1,1,1,0,1,0,1,0,0,4,4,2,3,4,5,17,0.2777777777777778,3,6,7,13,3,5,4,2,0,0,1,0,0,0,1,0,0,1,-1
Cybersecurity,3.3,0,0,1,1,0,0,1,1,0,1,1,4,3,5,4,3,6,19,0.3,1,6,7,15,2,9,3,7,1,0,0,1,0,0,0,0,-1,3,0
AI,3.03,1,1,1,1,0,0,0,0,0,1,1,4,4,4,5,5,6,22,0.2608695652173913,2,6,9,14,2,8,6,4,0,0,1,0,0,0,1,-1,0,2,0
Data Science,3.65,1,1,1,0,1,1,1,1,0,0,1,4,4,5,2,4,8,19,0.4,4,6,8,16,4,4,4,3,0,0,0,0,1,0,1,0,0,1,0
Computer Science,3.33,0,0,1,0,1,0,1,1,0,0,0,4,5,1,5,2,4,17,0.2222222222222222,2,4,5,13,3,3,2,3,0,0,0,0,0,0,1,1,-1,1,-1
Computer Science,2.72,1,0,0,0,0,1,0,0,0,0,1,3,3,4,3,3,3,16,0.17647058823529413,2,5,9,13,1,3,2,1,0,0,0,0,0,0,-1,0,1,0,1
Software Engineering,3.73,0,1,0,1,0,0,0,0,1,1,1,2,5,3,5,4,5,19,0.25,1,4,6,11,1,7,6,4,0,0,1,0,0,0,1,-2,0,2,0
Computer Science,3.65,1,1,0,1,0,1,1,0,0,0,0,4,4,5,3,2,5,18,0.2631578947368421,3,8,11,17,2,6,4,2,0,1,0,0,0,1,-1,-1,1,0,1
Cybersecurity,2.91,0,0,0,0,0,0,1,1,1,0,1,3,4,3,5,3,4,18,0.21052631578947367,0,3,5,13,1,5,4,5,0,0,1,0,0,0,1,-1,-1,2,0
Computer Science,3.1,1,0,0,1,0,1,1,0,0,1,1,3,2,3,3,3,6,14,0.4,3,7,9,10,3,9,2,5,1,1,0,1,0,1,-2,0,0,2,1
Software Engineering,2.61,1,0,1,1,0,0,0,0,1,1,1,1,1,2,2,1,6,7,0.75,2,3,6,3,2,8,6,4,0,0,1,0,0,0,1,-1,0,2,0
Data Science,3.08,1,1,0,1,0,1,0,0,1,0,0,3,3,3,4,4,5,17,0.2777777777777778,3,7,11,12,1,4,6,0,0,1,0,0,0,1,0,-2,2,-1,1
Computer Science,3.22,0,0,1,1,0,1,0,1,1,0,1,1,2,2,3,5,6,13,0.42857142857142855,2,5,8,7,0,4,4,2,0,1,0,0,0,1,0,-1,2,0,1
Software Engineering,3.84,1,1,1,1,0,0,0,0,1,1,0,5,4,5,4,2,6,20,0.2857142857142857,2,7,10,17,2,7,8,3,0,0,1,0,0,0,2,-2,0,1,0
Data Science,3.72,1,0,0,1,0,1,0,0,0,0,1,3,3,5,4,5,4,20,0.19047619047619047,3,7,11,14,1,5,2,1,0,1,0,0,0,1,-2,0,2,0,1
AI,2.73,1,1,0,0,0,1,1,1,1,0,1,2,5,3,2,1,7,13,0.5,2,4,7,12,2,5,6,4,0,0,0,0,0,0,1,-2,0,1,1
Cybersecurity,3.7,1,1,1,1,0,1,1,1,1,0,0,5,2,4,5,2,8,18,0.42105263157894735,3,9,12,16,2,6,7,3,0,1,0,0,0,1,1,-2,1,0,1
AI,3.57,1,1,1,1,0,1,0,1,1,1,1,3,4,3,5,2,9,17,0.5,3,7,10,12,2,7,7,4,0,1,0,0,0,1,1,-2,1,1,1
Software Engineering,2.9,1,1,1,1,0,1,0,0,0,1,0,3,2,3,3,3,6,14,0.4,3,7,10,10,2,6,5,2,0,1,0,0,0,1,0,-1,1,0,1
Computer Science,3.36,1,0,0,1,1,1,0,0,0,1,0,2,3,5,4,3,5,17,0.2777777777777778,5,6,8,10,4,5,1,1,0,0,0,0,1,1,-2,1,1,0,0
Computer Science,2.8,0,0,0,1,0,1,0,0,0,0,0,3,3,5,4,3,2,18,0.10526315789473684,2,7,10,15,0,3,1,0,0,1,0,0,0,1,-2,0,2,-1,1
AI,3.4,1,1,1,0,1,0,1,0,0,0,0,4,1,4,1,1,5,11,0.4166666666666667,3,4,6,11,4,4,5,2,0,0,1,0,1,0,2,0,-1,1,-1
Software Engineering,3.58,1,1,0,1,0,0,0,1,0,1,0,3,2,5,5,2,5,17,0.2777777777777778,2,5,8,11,2,7,5,4,0,0,1,0,0,0,0,-1,0,1,0
Data Science,3.33,1,1,0,1,1,1,0,0,0,0,0,4,2,4,4,1,5,15,0.3125,5,8,11,13,3,3,3,-1,0,0,0,0,1,1,-1,0,2,-1,0
Software Engineering,2.57,1,0,1,0,0,1,1,0,1,0,1,2,5,5,3,4,6,19,0.3,2,4,7,14,2,5,5,3,0,0,0,0,0,0,1,-1,0,1,1
AI,3.36,1,1,1,1,0,0,0,1,0,1,1,2,1,2,2,3,7,10,0.6363636363636364,2,4,7,5,2,8,6,5,0,0,1,0,0,0,1,-1,0,2,0
Data Science,2.67,0,0,1,0,1,0,1,1,0,0,1,5,1,3,5,5,5,19,0.25,2,5,6,13,3,4,2,4,0,0,0,0,0,0,1,1,-1,2,-1
Software Engineering,3.16,0,1,1,0,0,0,1,1,0,0,1,4,2,2,2,2,5,12,0.38461538461538464,0,4,6,12,1,5,5,5,0,0,1,0,0,0,2,-1,-1,2,0
Computer Science,1.92,1,0,0,1,0,0,1,1,0,1,0,3,3,5,4,5,5,20,0.23809523809523808,2,5,7,12,3,9,3,6,1,0,0,1,0,0,-1,0,-1,2,0
Computer Science,2.95,0,1,1,1,1,1,1,0,0,0,0,1,2,2,1,1,6,7,0.75,4,5,6,6,3,4,3,1,0,0,0,0,0,1,0,0,1,0,0
Data Science,3.66,0,1,1,1,0,0,0,0,0,0,0,4,3,5,3,4,3,19,0.15,1,6,9,16,0,4,5,1,0,0,1,0,0,0,1,-1,1,0,0
Computer Science,2.72,0,0,1,1,0,0,1,1,0,1,1,3,3,4,1,2,6,13,0.42857142857142855,1,5,6,12,2,9,3,7,1,0,0,1,0,0,0,0,-1,3,0
Cybersecurity,3.49,0,0,1,0,0,0,1,1,0,0,0,1,5,2,1,4,3,13,0.21428571428571427,0,1,3,9,1,4,3,4,0,0,0,0,0,0,1,0,-1,1,0
AI,3.16,1,1,0,0,1,0,0,0,0,0,0,1,5,5,3,1,3,15,0.1875,3,1,4,10,3,2,4,0,0,0,1,0,1,0,1,0,0,0,-1
Cybersecurity,3.53,1,1,1,0,0,0,1,1,0,0,1,2,2,4,2,1,6,11,0.5,1,2,5,9,2,6,6,5,0,0,1,0,0,0,2,-1,-1,2,0
Data Science,3.33,1,1,1,0,1,0,1,1,1,0,0,5,4,2,2,5,7,18,0.3684210526315789,3,5,7,14,4,4,7,3,0,0,1,0,1,0,3,-1,-1,1,-1
Software Engineering,3.55,1,1,0,1,0,1,0,0,0,1,1,3,3,5,2,3,6,16,0.35294117647058826,3,7,10,13,2,7,4,3,0,1,0,0,0,1,-1,-1,1,1,1
Data Science,3.02,1,1,1,1,0,0,0,1,1,0,1,3,3,2,5,3,7,16,0.4117647058823529,2,5,9,10,1,6,8,3,0,0,1,0,0,0,2,-2,1,1,0
Computer Science,3.22,0,1,0,1,0,0,0,1,0,1,0,5,2,1,5,2,4,15,0.25,1,7,9,12,1,6,4,4,0,0,1,0,0,0,0,-1,0,1,0
Software Engineering,3.85,1,1,1,1,0,1,1,0,0,0,1,4,5,1,5,2,7,17,0.3888888888888889,3,8,11,14,2,7,5,3,0,1,0,0,0,1,0,-1,1,1,1
Software Engineering,3.8,0,1,1,1,1,0,0,1,0,0,0,5,4,3,1,2,5,15,0.3125,3,7,9,16,2,3,4,1,0,0,1,0,0,0,1,0,1,0,-1
Computer Science,3.34,0,0,1,1,1,1,1,0,0,1,1,1,5,5,4,4,7,19,0.35,4,5,5,11,4,7,1,4,1,0,0,1,0,1,-1,1,0,2,0
Software Engineering,2.66,0,0,1,0,0,1,1,0,1,0,0,2,2,5,1,5,4,15,0.25,1,4,6,12,1,3,4,2,0,0,0,0,0,0,1,-1,0,0,1
Software Engineering,3.63,0,0,1,0,0,0,1,0,0,1,0,5,3,5,2,2,3,17,0.16666666666666666,0,5,6,17,2,6,3,5,0,0,0,1,0,0,1,0,-2,2,0
Computer Science,3.32,0,1,1,1,1,0,0,1,1,0,1,2,4,3,4,4,7,17,0.3888888888888889,3,4,6,10,2,4,6,2,0,0,1,0,0,0,2,-1,1,1,-1
Data Science,3.46,0,1,0,1,0,0,0,0,0,1,0,4,3,5,3,3,3,18,0.15789473684210525,1,6,8,15,1,6,4,3,0,0,1,0,0,0,0,-1,0,1,0
Computer Science,3.06,0,1,0,0,1,0,1,0,0,1,0,1,2,4,4,4,4,15,0.25,2,1,1,6,4,5,3,4,0,0,1,1,0,0,1,0,-2,2,-1
Cybersecurity,2.6,0,1,1,0,0,1,1,1,1,0,1,2,5,4,3,2,7,16,0.4117647058823529,1,4,6,14,1,4,6,4,0,0,0,0,0,0,2,-2,0,1,1
Computer Science,3.26,1,1,0,1,1,0,1,0,0,0,0,2,4,2,1,2,5,11,0.4166666666666667,4,4,6,8,4,6,4,2,0,0,1,0,1,0,0,0,0,1,-1
Software Engineering,3.41,1,0,1,0,1,0,0,0,0,0,0,2,1,4,3,3,3,13,0.21428571428571427,3,2,5,7,3,2,3,0,0,0,0,0,1,0,1,1,0,0,-1
Data Science,3.61,1,1,0,1,0,1,1,0,0,1,0,5,3,4,2,4,6,18,0.3157894736842105,3,9,11,16,3,8,4,4,1,1,0,1,0,1,-1,-1,0,1,1
Data Science,3.99,1,1,1,1,0,0,1,0,1,1,1,5,1,1,5,1,8,13,0.5714285714285714,2,7,9,10,3,10,8,6,1,0,1,1,0,0,2,-2,-1,3,0
Software Engineering,3.69,1,0,0,0,1,1,1,1,0,0,1,4,5,3,1,4,6,17,0.3333333333333333,4,6,8,15,4,4,1,3,0,0,0,0,1,0,-1,1,0,1,0
Software Engineering,3.96,0,1,0,0,0,0,0,1,0,0,0,2,1,2,1,5,2,11,0.16666666666666666,0,2,5,7,0,2,4,2,0,0,1,0,0,0,1,-1,0,0,0
Data Science,3.19,1,0,0,1,1,1,1,0,0,0,0,3,3,3,4,1,5,14,0.3333333333333333,5,7,9,11,4,5,1,1,0,0,0,0,1,1,-2,1,1,0,0
Computer Science,3.34,1,0,0,1,0,1,1,0,0,1,0,1,3,3,1,5,5,13,0.35714285714285715,3,5,7,7,3,8,2,4,1,1,0,1,0,1,-2,0,0,1,1
AI,3.33,1,0,0,0,0,0,1,0,1,1,1,2,2,4,3,2,5,13,0.35714285714285715,1,2,4,8,3,8,5,6,0,0,1,1,0,0,1,-1,-2,3,0
AI,3.97,1,0,0,0,1,1,0,0,0,0,0,3,1,4,3,5,3,16,0.17647058823529413,4,5,8,10,3,1,1,-1,0,0,0,0,1,0,-1,1,1,-1,0
Computer Science,2.99,1,0,0,1,1,0,1,0,1,1,0,4,3,3,3,4,6,17,0.3333333333333333,4,6,7,11,5,8,4,4,1,0,1,1,1,0,0,0,-1,2,-1
Computer Science,2.81,1,0,0,1,0,0,0,0,0,1,0,5,3,2,5,5,3,20,0.14285714285714285,2,7,10,13,2,7,3,3,0,0,0,0,0,0,-1,0,0,1,0
Software Engineering,2.68,1,0,0,1,0,1,0,0,0,0,0,4,4,5,4,4,3,21,0.13636363636363635,3,8,12,17,1,4,2,0,0,1,0,0,0,1,-2,0,2,-1,1
Computer Science,3.06,0,0,1,1,0,1,0,0,1,0,1,1,5,4,4,2,5,16,0.29411764705882354,2,5,8,12,0,4,4,1,0,1,0,0,0,1,0,-1,2,0,1
Software Engineering,2.31,1,0,1,1,1,0,1,0,0,1,1,2,3,3,3,4,7,15,0.4375,4,4,5,7,5,9,3,5,1,0,0,1,1,0,0,1,-1,3,-1
Data Science,3.1,1,0,1,0,1,0,0,1,0,1,0,1,3,2,1,1,5,8,0.5555555555555556,3,1,3,4,4,4,3,3,0,0,0,0,1,0,1,1,-1,1,-1
Computer Science,2.83,1,0,0,1,0,1,1,0,0,0,1,1,2,3,5,2,5,13,0.35714285714285715,3,5,8,7,2,7,2,3,0,1,0,0,0,1,-2,0,1,1,1
AI,3.67,0,0,1,0,1,0,0,0,0,0,0,3,1,3,1,1,2,9,0.2,2,3,5,9,2,1,2,0,0,0,0,0,0,0,1,1,0,0,-1
Computer Science,2.56,1,1,0,1,1,1,1,0,0,0,1,3,2,4,4,3,7,16,0.4117647058823529,5,7,9,11,4,6,3,2,0,0,0,0,1,1,-1,0,1,1,0
Computer Science,3.24,1,0,0,1,1,0,1,1,0,0,1,2,1,4,3,3,6,13,0.42857142857142855,4,4,6,7,4,7,2,4,0,0,0,0,1,0,-1,1,0,2,-1
Computer Science,2.84,0,1,1,0,1,1,1,0,0,1,0,5,3,2,2,3,6,15,0.375,3,7,7,14,4,4,3,3,0,0,0,1,0,0,1,0,-1,1,0
Software Engineering,2.57,0,1,1,1,0,0,1,1,1,0,1,2,3,5,1,5,7,16,0.4117647058823529,1,4,6,12,1,7,7,5,0,0,1,0,0,0,2,-2,0,2,0
Computer Science,2.78,1,0,0,0,1,0,0,0,1,1,0,2,2,4,2,3,4,13,0.2857142857142857,3,2,4,7,4,4,4,2,0,0,1,0,1,0,1,0,-1,1,-1
Computer Science,2.87,1,0,0,1,1,1,1,1,0,1,1,5,5,5,2,1,8,18,0.42105263157894735,5,9,10,18,5,8,1,5,1,0,0,1,1,1,-2,1,0,2,0
Cybersecurity,3.31,1,1,0,1,0,1,1,1,0,1,0,4,2,4,2,4,7,16,0.4117647058823529,3,8,10,13,3,8,4,5,1,1,0,1,0,1,-1,-1,0,1,1
Computer Science,4.0,1,0,0,0,1,1,0,0,1,0,0,3,2,4,3,4,4,16,0.23529411764705882,4,5,8,11,3,1,3,-1,0,0,0,0,1,0,0,0,1,-1,0
AI,3.77,0,0,1,1,1,1,0,1,0,0,1,3,5,3,3,4,6,18,0.3157894736842105,4,7,9,14,2,3,1,1,0,0,0,0,0,1,-1,1,2,0,0
Software Engineering,2.66,1,0,0,1,1,1,1,1,1,1,1,1,3,3,1,4,9,12,0.6923076923076923,5,5,6,6,5,8,3,5,1,0,0,1,1,1,-1,0,0,2,0
Data Science,3.32,0,1,0,1,0,0,1,1,0,0,1,2,3,1,2,2,5,10,0.45454545454545453,1,4,6,8,1,7,4,5,0,0,1,0,0,0,0,-1,0,2,0
Cybersecurity,2.97,1,1,1,1,1,0,0,1,1,0,1,5,1,3,3,4,8,16,0.47058823529411764,4,7,10,12,3,5,7,2,0,0,1,0,1,0,2,-1,1,1,-1
Software Engineering,3.38,1,1,0,1,0,1,0,1,1,1,1,3,3,2,5,4,8,17,0.4444444444444444,3,7,10,10,2,7,6,4,0,1,0,0,0,1,0,-2,1,1,1
Data Science,3.49,1,1,0,1,1,0,1,1,0,1,1,3,2,3,1,5,8,14,0.5333333333333333,4,5,6,8,5,9,4,6,1,0,1,1,1,0,0,0,-1,3,-1
Software Engineering,3.95,0,0,0,0,0,1,1,0,0,0,1,2,3,3,1,5,3,14,0.2,1,4,6,11,1,4,1,3,0,0,0,0,0,0,-1,0,0,1,1
Data Science,3.27,0,1,0,0,1,1,1,0,0,0,1,4,2,4,4,1,5,15,0.3125,3,6,7,14,3,3,2,2,0,0,0,0,0,0,0,0,0,1,0
Software Engineering,3.12,0,1,1,0,0,0,0,0,1,0,1,4,5,4,1,4,4,18,0.21052631578947367,0,4,7,17,0,3,7,2,0,0,1,0,0,0,3,-2,0,1,0
Cybersecurity,2.85,0,0,0,1,1,1,0,1,0,0,0,3,2,5,4,2,4,16,0.23529411764705882,4,7,9,13,2,2,0,0,0,0,0,0,0,1,-2,1,2,-1,0
AI,2.96,0,0,0,1,1,1,0,0,0,0,0,4,4,5,4,5,3,22,0.13043478260869565,4,8,10,17,2,2,0,-1,0,0,0,0,0,1,-2,1,2,-1,0
Computer Science,3.36,1,0,1,1,1,1,1,0,0,1,0,4,1,4,3,4,7,16,0.4117647058823529,5,8,9,11,5,7,2,3,1,0,0,1,1,1,-1,1,0,1,0
Data Science,3.44,1,0,0,0,1,1,1,0,0,0,0,3,2,4,4,2,4,15,0.25,4,5,7,11,4,3,1,1,0,0,0,0,1,0,-1,1,0,0,0
Cybersecurity,2.91,1,0,0,0,0,1,1,1,0,0,1,3,3,2,2,1,5,11,0.4166666666666667,2,5,8,11,2,5,2,4,0,0,0,0,0,0,-1,0,0,1,1
Software Engineering,3.83,0,0,1,1,1,1,0,1,0,1,0,2,4,4,4,1,6,15,0.375,4,6,7,11,3,4,1,2,0,0,0,0,0,1,-1,1,1,0,0
Computer Science,3.17,1,0,1,1,1,0,0,1,0,1,1,5,1,3,3,4,7,16,0.4117647058823529,4,7,9,11,4,7,3,4,0,0,0,0,1,0,0,1,0,2,-1
Cybersecurity,2.64,0,0,0,1,0,0,1,1,1,0,1,1,2,1,4,3,5,11,0.4166666666666667,1,3,5,5,1,7,4,5,0,0,1,0,0,0,0,-1,0,2,0
AI,2.55,1,1,1,1,0,1,0,0,0,1,0,1,1,5,2,5,6,14,0.4,3,5,8,7,2,6,5,2,0,1,0,0,0,1,0,-1,1,0,1
AI,3.39,0,0,0,1,0,1,0,0,1,0,0,3,3,4,4,4,3,18,0.15789473684210525,2,7,10,14,0,3,3,0,0,1,0,0,0,1,-1,-1,2,-1,1
Software Engineering,3.09,1,0,1,0,0,0,1,0,0,1,1,1,1,2,1,5,5,10,0.45454545454545453,1,1,3,3,3,8,4,6,0,0,0,1,0,0,1,0,-2,3,0
Data Science,3.13,0,0,0,1,0,1,1,0,1,0,0,4,3,4,2,3,4,16,0.23529411764705882,2,8,10,16,1,5,3,2,0,1,0,0,0,1,-1,-1,1,0,1
AI,3.91,1,1,0,1,0,1,0,0,1,1,0,3,4,2,2,3,6,14,0.4,3,7,10,11,2,6,6,2,0,1,0,0,0,1,0,-2,1,0,1
AI,2.76,1,0,1,1,0,1,1,0,0,0,0,4,3,5,5,3,5,20,0.23809523809523808,3,8,11,16,2,6,3,2,0,1,0,0,0,1,-1,0,1,0,1
Computer Science,3.35,1,0,1,1,0,1,0,0,0,0,0,2,3,5,3,3,4,16,0.23529411764705882,3,6,10,12,1,4,3,0,0,1,0,0,0,1,-1,0,2,-1,1
Data Science,3.31,1,0,0,0,0,1,1,0,0,1,0,4,3,5,3,5,4,20,0.19047619047619047,2,6,8,15,3,6,2,4,0,0,0,1,0,0,-1,0,-1,1,1
Computer Science,2.66,0,1,1,0,0,1,0,1,0,0,1,1,2,2,3,3,5,11,0.4166666666666667,1,3,6,7,0,2,4,2,0,0,0,0,0,0,1,-1,1,0,1
Data Science,3.5,1,0,0,0,0,1,1,1,1,0,0,4,1,3,1,5,5,14,0.3333333333333333,2,6,9,12,2,4,4,3,0,0,0,0,0,0,0,-1,0,0,1
Cybersecurity,3.53,0,1,1,0,0,1,1,1,0,1,1,5,5,4,4,4,7,22,0.30434782608695654,1,7,8,19,2,6,4,6,0,0,0,1,0,0,1,-1,-1,2,1
Data Science,3.36,1,1,0,1,1,1,0,0,1,0,0,5,2,5,3,5,6,20,0.2857142857142857,5,9,12,16,3,3,5,-1,0,0,0,0,1,1,0,-1,2,-1,0
Software Engineering,2.84,0,1,0,0,0,0,0,0,1,1,1,4,2,3,2,3,4,14,0.26666666666666666,0,4,6,12,1,5,6,4,0,0,1,0,0,0,2,-2,-1,2,0
Computer Science,3.59,0,1,1,0,1,1,1,0,1,0,0,3,4,1,5,4,6,17,0.3333333333333333,3,5,6,11,3,2,5,1,0,0,0,0,0,0,2,-1,0,0,0
AI,3.0,1,0,1,0,0,1,0,0,1,1,1,4,4,5,5,2,6,20,0.2857142857142857,2,6,9,16,2,5,5,3,0,0,0,0,0,0,1,-1,0,1,1
Data Science,3.82,0,0,0,1,1,1,1,0,0,0,0,4,2,2,3,3,4,14,0.26666666666666666,4,8,9,12,3,4,0,1,0,0,0,0,0,1,-2,1,1,0,0
Data Science,2.85,1,1,0,0,0,1,1,1,1,1,1,4,2,2,3,4,8,15,0.5,2,6,8,11,3,7,6,6,0,0,0,1,0,0,1,-2,-1,2,1
Computer Science,3.99,1,1,0,0,1,1,0,0,1,0,0,4,5,5,4,4,5,22,0.21739130434782608,4,6,9,17,3,1,5,-1,0,0,0,0,1,0,1,-1,1,-1,0
Data Science,3.08,1,1,0,0,1,1,0,1,1,0,1,3,2,1,4,1,7,11,0.5833333333333334,4,5,8,8,3,2,5,1,0,0,0,0,1,0,1,-1,1,0,0
Data Science,3.53,0,1,0,0,1,0,0,1,0,0,0,4,2,2,2,5,3,15,0.1875,2,4,6,11,2,1,3,1,0,0,1,0,0,0,1,0,0,0,-1
AI,3.6,1,0,0,0,0,1,1,0,0,1,0,4,2,5,1,2,4,14,0.26666666666666666,2,6,8,14,3,6,2,4,0,0,0,1,0,0,-1,0,-1,1,1
Data Science,2.69,0,1,1,0,0,0,1,0,1,1,1,3,3,4,3,2,6,15,0.375,0,3,4,12,2,7,7,6,0,0,1,1,0,0,3,-2,-2,3,0
Software Engineering,2.83,1,0,0,0,1,1,0,0,1,1,0,5,3,1,1,1,5,11,0.4166666666666667,4,7,9,12,4,3,3,1,0,0,0,0,1,0,0,0,0,0,0
Data Science,3.72,1,1,0,0,0,0,1,1,1,1,1,5,5,5,5,3,7,23,0.2916666666666667,1,5,7,18,3,8,7,7,0,0,1,1,0,0,2,-2,-2,3,0
Software Engineering,2.56,1,1,0,0,0,0,1,0,0,0,1,2,1,3,1,3,4,10,0.36363636363636365,1,2,5,7,2,6,5,4,0,0,1,0,0,0,1,-1,-1,2,0
AI,3.7,1,1,1,1,1,0,1,0,1,0,0,2,4,4,3,1,7,14,0.4666666666666667,4,4,6,10,4,6,7,2,0,0,1,0,1,0,2,-1,0,1,-1
Data Science,3.71,1,1,0,1,1,1,1,0,0,0,0,3,4,5,3,2,6,17,0.3333333333333333,5,7,9,14,4,5,3,1,0,0,0,0,1,1,-1,0,1,0,0
Computer Science,3.07,1,0,0,1,1,0,1,1,1,0,1,2,1,5,3,5,7,16,0.4117647058823529,4,4,6,8,4,7,4,4,0,0,1,0,1,0,0,0,0,2,-1
Computer Science,3.41,0,0,1,0,0,0,1,0,1,1,1,4,3,2,3,2,5,14,0.3333333333333333,0,4,5,12,2,7,5,6,0,0,1,1,0,0,2,-1,-2,3,0
Software Engineering,3.3,1,0,0,1,0,1,0,0,0,0,0,4,4,4,4,3,3,19,0.15,3,8,12,16,1,4,2,0,0,1,0,0,0,1,-2,0,2,-1,1
Software Engineering,3.87,0,1,0,1,1,1,0,1,0,0,1,5,3,4,1,3,6,16,0.35294117647058826,4,9,11,17,2,3,2,1,0,0,0,0,0,1,-1,0,2,0,0
Data Science,3.77,1,0,1,1,1,1,0,0,0,0,0,3,1,5,4,2,5,15,0.3125,5,7,10,11,3,3,2,-1,0,0,0,0,1,1,-1,1,2,-1,0
Data Science,3.22,1,0,0,1,1,1,1,0,0,0,0,5,2,5,4,3,5,19,0.25,5,9,11,16,4,5,1,1,0,0,0,0,1,1,-2,1,1,0,0
Computer Science,3.77,1,1,0,0,1,0,1,0,1,0,1,5,1,2,3,1,6,12,0.46153846153846156,3,5,7,11,4,5,6,3,0,0,1,0,1,0,2,-1,-1,2,-1
AI,3.69,1,1,0,1,1,1,0,1,0,1,0,3,2,4,3,2,7,14,0.4666666666666667,5,7,9,10,4,5,3,2,0,0,0,0,1,1,-1,0,1,0,0
Computer Science,2.62,1,0,0,1,1,1,0,0,0,1,1,4,5,1,3,1,6,14,0.4,5,8,10,12,4,6,1,2,0,0,0,0,1,1,-2,1,1,1,0
AI,3.12,1,1,1,0,1,1,0,0,0,0,0,4,2,4,1,2,5,13,0.35714285714285715,4,6,9,13,3,1,4,-1,0,0,0,0,1,0,1,0,1,-1,0
Software Engineering,2.7,0,0,0,1,0,1,0,1,0,1,1,4,1,4,5,5,5,19,0.25,2,8,10,13,1,6,1,4,0,1,0,0,0,1,-2,0,1,1,1
Cybersecurity,3.25,0,0,0,1,0,0,1,0,0,0,0,3,3,5,4,5,2,20,0.09523809523809523,1,5,7,14,1,6,2,3,0,0,0,0,0,0,-1,0,0,1,0
Software Engineering,3.0,0,0,0,1,0,1,1,0,0,0,0,3,1,3,3,1,3,11,0.25,2,7,9,11,1,5,1,2,0,1,0,0,0,1,-2,0,1,0,1
AI,3.34,0,0,1,1,0,1,1,0,0,0,0,4,5,3,3,4,4,19,0.2,2,8,10,17,1,5,2,2,0,1,0,0,0,1,-1,0,1,0,1
Cybersecurity,3.26,1,1,0,1,1,0,1,1,0,1,1,2,2,2,2,1,8,9,0.8,4,4,5,5,5,9,4,6,1,0,1,1,1,0,0,0,-1,3,-1
Data Science,2.85,1,0,0,1,0,1,0,0,1,0,0,3,3,4,5,1,4,16,0.23529411764705882,3,7,11,13,1,4,4,0,0,1,0,0,0,1,-1,-1,2,-1,1
AI,3.57,0,1,0,1,1,0,1,1,0,1,0,5,1,5,2,2,6,15,0.375,3,7,7,14,4,7,3,5,1,0,1,1,0,0,0,0,-1,2,-1
Software Engineering,2.87,1,1,0,0,0,1,0,0,0,0,1,3,4,2,5,3,4,17,0.2222222222222222,2,5,9,12,1,3,4,1,0,0,0,0,0,0,0,-1,1,0,1
Software Engineering,2.64,0,1,1,1,0,0,1,0,1,0,0,1,2,2,5,3,5,13,0.35714285714285715,1,3,5,6,1,6,7,3,0,0,1,0,0,0,2,-2,0,1,0
Cybersecurity,3.78,1,1,1,1,1,0,1,0,0,0,1,4,2,5,2,5,7,18,0.3684210526315789,4,6,8,13,4,7,5,3,0,0,1,0,1,0,1,0,0,2,-1
Cybersecurity,3.94,1,0,1,0,0,0,1,1,0,1,1,1,4,3,4,1,6,13,0.42857142857142855,1,1,3,7,3,8,4,7,0,0,0,1,0,0,1,0,-2,3,0
Data Science,3.58,1,0,1,0,1,1,1,0,1,1,0,5,5,3,5,2,7,20,0.3333333333333333,4,7,8,16,5,5,4,3,0,0,0,1,1,0,1,0,-1,1,0
Cybersecurity,3.65,1,0,1,0,0,0,0,0,0,0,1,4,1,2,4,5,3,16,0.17647058823529413,1,4,8,10,1,4,4,2,0,0,0,0,0,0,1,0,0,1,0
Computer Science,3.19,1,0,1,1,0,1,1,1,1,1,1,3,3,4,4,1,9,15,0.5625,3,7,9,12,3,9,5,6,1,1,0,1,0,1,0,-1,0,2,1
Computer Science,3.2,1,1,0,1,0,1,0,0,1,0,0,4,3,4,3,4,5,18,0.2631578947368421,3,8,12,15,1,4,6,0,0,1,0,0,0,1,0,-2,2,-1,1
Software Engineering,3.85,1,1,1,1,1,0,1,0,1,1,1,3,3,1,3,4,9,14,0.6,4,5,6,7,5,9,7,5,1,0,1,1,1,0,2,-1,-1,3,-1
Software Engineering,2.93,1,1,0,0,0,0,0,1,1,0,0,2,2,4,1,5,4,14,0.26666666666666666,1,2,6,9,1,3,7,2,0,0,1,0,0,0,2,-2,0,0,0
AI,3.68,1,0,1,0,1,1,0,0,1,0,0,3,3,5,2,3,5,16,0.29411764705882354,4,5,8,13,3,1,4,-1,0,0,0,0,1,0,1,0,1,-1,0
Data Science,3.09,1,0,0,1,0,0,1,0,0,1,1,2,2,4,3,5,5,16,0.29411764705882354,2,4,6,8,3,10,3,6,1,0,0,1,0,0,-1,0,-1,3,0
Cybersecurity,2.67,1,1,1,1,0,0,1,1,0,1,0,5,1,1,1,1,7,9,0.7,2,7,9,10,3,9,6,6,1,0,1,1,0,0,1,-1,-1,2,0
Software Engineering,3.44,0,1,0,0,0,1,0,1,1,1,1,4,5,4,4,1,6,18,0.3157894736842105,1,6,8,17,1,4,5,4,0,0,0,0,0,0,1,-2,0,1,1
Cybersecurity,2.76,1,1,1,0,1,1,0,0,1,1,1,1,5,1,1,3,8,11,0.6666666666666666,4,3,5,6,4,4,6,2,0,0,0,0,1,0,2,-1,0,1,0
Software Engineering,2.82,0,0,1,1,0,0,0,1,1,0,0,1,5,3,4,5,4,18,0.21052631578947367,1,3,6,10,0,4,5,2,0,0,1,0,0,0,1,-1,1,0,0
Data Science,2.66,1,0,1,1,0,1,1,0,0,1,0,3,2,5,4,4,6,18,0.3157894736842105,3,7,9,12,3,8,3,4,1,1,0,1,0,1,-1,0,0,1,1
Software Engineering,3.39,1,1,0,0,1,0,0,1,1,1,0,5,4,1,4,3,6,17,0.3333333333333333,3,5,7,12,4,4,6,3,0,0,1,0,1,0,2,-1,-1,1,-1
Data Science,3.28,1,0,0,1,1,1,0,0,1,0,1,4,3,4,2,1,6,14,0.4,5,8,11,14,3,4,3,0,0,0,0,0,1,1,-1,0,2,0,0
Computer Science,3.66,1,1,0,1,1,1,1,0,1,0,1,4,3,3,3,4,8,17,0.4444444444444444,5,8,10,13,4,6,5,2,0,0,0,0,1,1,0,-1,1,1,0
AI,3.71,1,0,0,1,1,0,0,0,0,0,0,2,2,5,1,2,3,12,0.23076923076923078,4,4,7,9,3,4,2,0,0,0,0,0,1,0,-1,1,1,0,-1
Software Engineering,3.4,1,0,0,1,0,1,0,0,0,0,0,5,5,5,4,1,3,20,0.14285714285714285,3,9,13,20,1,4,2,0,0,1,0,0,0,1,-2,0,2,-1,1
Cybersecurity,3.34,0,1,1,0,1,1,1,0,1,1,0,2,2,1,2,3,7,10,0.6363636363636364,3,4,4,6,4,4,5,3,0,0,0,1,0,0,2,-1,-1,1,0
Software Engineering,3.58,1,0,0,1,0,1,1,0,0,0,1,2,5,1,2,4,5,14,0.3333333333333333,3,6,9,10,2,7,2,3,0,1,0,0,0,1,-2,0,1,1,1
Cybersecurity,3.3,1,1,0,0,1,1,0,0,0,1,1,1,1,1,4,2,6,9,0.6,4,3,5,2,4,4,3,2,0,0,0,0,1,0,0,0,0,1,0
Cybersecurity,2.71,0,0,1,0,0,1,0,1,0,0,0,1,1,2,2,2,3,8,0.3333333333333333,1,3,6,6,0,1,2,1,0,0,0,0,0,0,0,0,1,-1,1
Computer Science,3.72,0,0,1,1,1,1,1,1,0,1,1,2,2,4,1,2,8,11,0.6666666666666666,4,6,6,9,4,7,1,5,1,0,0,1,0,1,-1,1,0,2,0
AI,3.12,0,1,0,1,0,0,0,0,0,0,1,5,2,4,5,4,3,20,0.14285714285714285,1,7,10,16,0,5,4,2,0,0,1,0,0,0,0,-1,1,1,0
Software Engineering,2.77,1,1,0,1,0,0,1,0,0,1,0,3,1,5,2,5,5,16,0.29411764705882354,2,5,7,10,3,9,5,5,1,0,1,1,0,0,0,-1,-1,2,0
AI,3.2,1,0,1,0,1,0,1,0,1,1,1,1,5,3,3,3,7,15,0.4375,3,1,2,7,5,7,5,5,0,0,1,1,1,0,2,0,-2,3,-1
Software Engineering,3.19,1,0,1,1,0,0,0,0,0,1,1,1,1,1,3,5,5,11,0.4166666666666667,2,3,6,2,2,8,4,4,0,0,0,0,0,0,0,0,0,2,0
Cybersecurity,2.54,0,0,1,0,1,1,1,0,1,1,0,1,5,4,4,2,6,16,0.35294117647058826,3,3,3,10,4,4,3,3,0,0,0,1,0,0,1,0,-1,1,0
Computer Science,3.02,1,0,1,1,0,0,0,1,0,0,0,3,1,1,2,1,4,8,0.4444444444444444,2,5,9,7,1,5,4,2,0,0,0,0,0,0,0,0,1,0,0
Software Engineering,3.27,0,1,0,1,0,0,0,0,1,0,1,1,3,5,4,2,4,15,0.25,1,3,6,10,0,5,6,2,0,0,1,0,0,0,1,-2,1,1,0
Data Science,3.2,1,0,1,1,0,1,1,1,0,0,1,3,3,4,3,4,7,17,0.3888888888888889,3,7,10,13,2,7,3,4,0,1,0,0,0,1,-1,0,1,1,1
AI,3.59,0,1,1,1,0,0,1,0,0,0,0,3,5,4,5,4,4,21,0.18181818181818182,1,5,7,15,1,6,5,3,0,0,1,0,0,0,1,-1,0,1,0
Cybersecurity,3.29,1,1,1,0,1,1,0,0,1,0,1,3,3,2,3,4,7,15,0.4375,4,5,8,10,3,2,6,0,0,0,0,0,1,0,2,-1,1,0,0
Computer Science,3.0,0,0,0,0,0,0,1,1,0,1,0,3,2,3,3,3,3,14,0.2,0,3,4,10,2,6,2,6,0,0,0,1,0,0,0,0,-2,2,0
AI,2.99,0,0,0,0,0,0,1,0,0,0,0,3,3,4,3,4,1,17,0.05555555555555555,0,3,5,13,1,4,2,3,0,0,0,0,0,0,0,0,-1,1,0
Computer Science,4.0,1,1,0,0,1,1,0,0,0,0,0,3,2,5,3,3,4,16,0.23529411764705882,4,5,8,12,3,1,3,-1,0,0,0,0,1,0,0,0,1,-1,0
Computer Science,3.84,0,0,1,0,1,0,0,0,1,1,0,5,3,2,1,5,4,16,0.23529411764705882,2,5,6,13,3,3,4,2,0,0,1,0,0,0,2,0,-1,1,-1
Data Science,3.15,1,0,0,1,1,1,0,0,1,0,0,5,4,4,5,4,5,22,0.21739130434782608,5,9,12,17,3,3,3,-1,0,0,0,0,1,1,-1,0,2,-1,0
Software Engineering,2.82,0,1,1,1,1,0,1,1,0,0,1,4,5,5,1,1,7,16,0.4117647058823529,3,6,7,17,3,6,4,4,0,0,1,0,0,0,1,0,0,2,-1
Cybersecurity,3.43,1,1,0,0,1,1,1,0,1,0,1,3,1,4,2,3,7,13,0.5,4,5,7,10,4,4,5,2,0,0,0,0,1,0,1,-1,0,1,0
AI,3.26,1,1,0,1,0,1,1,0,0,0,0,5,2,1,5,2,5,15,0.3125,3,9,12,13,2,6,4,2,0,1,0,0,0,1,-1,-1,1,0,1
Software Engineering,3.01,1,0,0,1,0,0,1,1,0,0,1,2,1,5,2,5,5,15,0.3125,2,4,7,9,2,8,3,5,0,0,0,0,0,0,-1,0,0,2,0
Cybersecurity,2.76,1,0,1,1,1,1,0,0,0,0,1,3,2,2,1,1,6,9,0.6,5,7,10,9,3,4,2,0,0,0,0,0,1,1,-1,1,2,0,0
Computer Science,2.67,1,1,0,1,0,0,0,1,1,1,0,4,2,2,2,5,6,15,0.375,2,6,9,10,2,7,7,4,0,0,1,0,0,0,1,-2,0,1,0
AI,3.23,1,0,0,1,1,1,1,1,0,0,1,4,1,5,5,4,7,19,0.35,5,8,10,13,4,6,1,3,0,0,0,0,1,1,-2,1,1,1,0
Data Science,2.72,0,0,1,1,0,0,1,0,1,0,1,4,5,3,3,4,5,19,0.25,1,6,8,16,1,7,5,4,0,0,1,0,0,0,1,-1,0,2,0
Software Engineering,2.94,0,1,1,1,0,0,0,0,1,0,0,5,5,5,4,5,4,24,0.16,1,7,10,20,0,4,7,1,0,0,1,0,0,0,2,-2,1,0,0
Data Science,3.88,1,0,1,1,1,1,0,0,0,0,0,3,1,4,4,5,5,17,0.2777777777777778,5,7,10,10,3,3,2,-1,0,0,0,0,1,1,-1,1,2,-1,0
Cybersecurity,3.12,0,0,1,0,1,0,0,1,1,1,1,1,1,2,2,5,6,11,0.5,2,1,2,3,3,4,4,4,0,0,1,0,0,0,2,0,-1,2,-1
Cybersecurity,3.14,1,1,0,0,1,0,1,0,1,0,0,2,3,4,3,5,5,17,0.2777777777777778,3,2,4,9,4,4,6,2,0,0,1,0,1,0,2,-1,-1,1,-1
Computer Science,3.62,1,0,0,0,0,0,1,1,1,1,0,4,3,1,5,5,5,18,0.2631578947368421,1,4,6,10,3,7,5,6,0,0,1,1,0,0,1,-1,-2,2,0
Data Science,3.09,1,0,0,1,0,1,1,0,0,0,1,3,3,4,3,4,5,17,0.2777777777777778,3,7,10,13,2,7,2,3,0,1,0,0,0,1,-2,0,1,1,1
Software Engineering,3.19,1,0,0,1,0,1,0,0,0,0,0,4,4,4,4,3,3,19,0.15,3,8,12,16,1,4,2,0,0,1,0,0,0,1,-2,0,2,-1,1
Computer Science,2.67,0,1,0,0,0,0,0,0,1,1,1,1,1,4,4,1,4,11,0.3333333333333333,0,1,3,6,1,5,6,4,0,0,1,0,0,0,2,-2,-1,2,0
Computer Science,3.25,0,0,0,0,0,1,1,0,0,0,0,4,4,3,4,3,2,18,0.10526315789473684,1,6,8,16,1,3,1,2,0,0,0,0,0,0,-1,0,0,0,1
AI,2.97,1,0,0,1,1,1,1,0,0,1,0,2,1,5,3,4,6,15,0.375,5,6,7,8,5,7,1,3,1,0,0,1,1,1,-2,1,0,1,0
Computer Science,2.6,0,1,1,0,1,0,0,0,1,0,1,5,4,5,4,2,5,20,0.23809523809523808,2,5,7,18,2,2,6,1,0,0,1,0,0,0,3,-1,0,1,-1
Data Science,3.96,0,1,0,1,1,0,0,1,1,0,0,4,2,5,4,5,5,20,0.23809523809523808,3,6,8,14,2,3,5,1,0,0,1,0,0,0,1,-1,1,0,-1
Cybersecurity,2.89,0,1,1,1,1,1,0,0,1,1,0,5,2,4,3,4,7,18,0.3684210526315789,4,9,10,15,3,4,5,1,0,0,0,0,0,1,1,-1,1,0,0
Data Science,3.93,0,0,0,0,1,1,1,0,0,1,0,5,5,3,1,4,4,18,0.21052631578947367,3,7,7,17,4,4,0,3,0,0,0,1,0,0,-1,1,-1,1,0
Software Engineering,4.0,1,0,0,1,0,0,1,1,0,1,0,2,3,4,4,4,5,17,0.2777777777777778,2,4,6,9,3,9,3,6,1,0,0,1,0,0,-1,0,-1,2,0
Data Science,3.8,1,0,0,1,1,1,0,0,0,1,0,4,2,4,2,4,5,16,0.29411764705882354,5,8,10,12,4,5,1,1,0,0,0,0,1,1,-2,1,1,0,0
Computer Science,3.05,1,0,0,1,1,0,1,0,1,1,0,4,3,4,4,5,6,20,0.2857142857142857,4,6,7,12,5,8,4,4,1,0,1,1,1,0,0,0,-1,2,-1
Computer Science,3.14,1,0,1,1,1,1,0,1,0,1,0,5,2,2,1,3,7,13,0.5,5,9,11,12,4,5,2,2,0,0,0,0,1,1,-1,1,1,0,0
Cybersecurity,2.74,0,0,1,1,0,0,0,0,1,0,0,2,5,3,2,2,3,14,0.2,1,4,7,12,0,4,5,1,0,0,1,0,0,0,1,-1,1,0,0
Data Science,3.76,1,1,0,1,1,1,0,0,1,1,0,5,4,3,4,3,7,19,0.35,5,9,11,15,4,5,5,1,0,0,0,0,1,1,0,-1,1,0,0
Cybersecurity,3.6,0,1,0,0,0,1,1,1,1,0,0,4,4,4,5,3,5,20,0.23809523809523808,1,6,8,17,1,3,5,3,0,0,0,0,0,0,1,-2,0,0,1
Computer Science,2.91,0,0,1,1,1,0,1,1,0,0,1,4,4,3,1,4,6,16,0.35294117647058826,3,6,7,14,3,6,2,4,0,0,0,0,0,0,0,1,0,2,-1
Data Science,2.45,1,0,0,0,0,1,1,0,0,1,0,3,1,5,4,4,4,17,0.2222222222222222,2,5,7,11,3,6,2,4,0,0,0,1,0,0,-1,0,-1,1,1
Software Engineering,2.89,1,1,0,1,1,1,1,1,0,1,0,4,2,5,1,5,8,17,0.4444444444444444,5,8,9,13,5,7,3,4,1,0,0,1,1,1,-1,0,0,1,0
Cybersecurity,2.56,1,0,1,1,1,0,0,1,0,0,1,4,4,2,1,1,6,12,0.46153846153846156,4,6,9,12,3,5,3,2,0,0,0,0,1,0,0,1,1,1,-1
Software Engineering,2.79,1,1,0,1,1,1,1,1,0,1,1,4,2,4,2,5,9,17,0.5,5,8,9,12,5,8,3,5,1,0,0,1,1,1,-1,0,0,2,0
Software Engineering,2.7,0,1,0,1,0,1,1,1,0,1,0,2,2,5,3,4,6,16,0.35294117647058826,2,6,7,11,2,7,3,5,1,1,0,1,0,1,-1,-1,0,1,1
Computer Science,2.69,1,1,0,0,0,1,0,1,1,0,1,2,5,5,2,3,6,17,0.3333333333333333,2,4,8,14,1,3,6,2,0,0,0,0,0,0,1,-2,1,0,1
AI,2.7,0,1,1,1,1,0,0,0,1,0,1,3,2,2,5,1,6,13,0.42857142857142855,3,5,7,9,2,4,6,1,0,0,1,0,0,0,2,-1,1,1,-1
Software Engineering,2.57,1,1,1,1,0,0,1,0,0,1,1,4,2,3,1,3,7,13,0.5,2,6,8,11,3,10,6,6,1,0,1,1,0,0,1,-1,-1,3,0
Software Engineering,2.64,1,0,1,1,0,1,0,1,1,0,0,1,3,1,5,1,6,11,0.5,3,5,9,6,1,4,5,1,0,1,0,0,0,1,0,-1,2,-1,1
Data Science,3.73,0,0,0,1,0,1,1,1,0,0,1,1,1,1,5,2,5,10,0.45454545454545453,2,5,7,5,1,6,1,4,0,1,0,0,0,1,-2,0,1,1,1
Cybersecurity,3.39,0,1,0,0,1,1,1,1,0,0,1,3,1,5,1,4,6,14,0.4,3,5,6,12,3,3,2,3,0,0,0,0,0,0,0,0,0,1,0
Computer Science,3.38,0,0,1,1,0,1,1,0,1,0,0,5,2,1,2,4,5,14,0.3333333333333333,2,9,11,14,1,5,4,2,0,1,0,0,0,1,0,-1,1,0,1
Cybersecurity,3.5,1,1,1,0,1,0,0,1,1,1,1,4,1,4,3,4,8,16,0.47058823529411764,3,4,6,10,4,5,7,4,0,0,1,0,1,0,3,-1,-1,2,-1
Data Science,2.79,1,0,0,1,0,1,0,0,0,0,0,4,3,3,1,5,3,16,0.17647058823529413,3,8,12,14,1,4,2,0,0,1,0,0,0,1,-2,0,2,-1,1
Data Science,3.56,1,0,1,1,1,1,1,0,0,0,0,5,2,3,1,2,6,13,0.42857142857142855,5,9,11,14,4,5,2,1,0,0,0,0,1,1,-1,1,1,0,0
Data Science,3.03,1,1,0,1,1,1,0,1,1,1,1,2,5,4,1,4,9,16,0.5294117647058824,5,6,8,11,4,6,5,3,0,0,0,0,1,1,0,-1,1,1,0
Computer Science,3.06,0,0,1,0,1,1,0,1,0,1,1,3,4,5,2,1,6,15,0.375,3,5,6,14,3,3,1,3,0,0,0,0,0,0,0,1,0,1,0
Computer Science,2.58,0,1,1,0,1,1,0,1,0,0,0,2,4,3,2,1,5,12,0.38461538461538464,3,4,6,11,2,0,3,0,0,0,0,0,0,0,1,0,1,-1,0
AI,2.72,1,0,0,0,0,0,1,0,0,1,1,2,1,3,5,4,4,15,0.25,1,2,4,6,3,8,3,6,0,0,0,1,0,0,0,0,-2,3,0
Cybersecurity,3.82,1,1,1,1,1,1,1,0,0,1,1,2,3,4,3,2,9,14,0.6,5,6,7,9,5,8,4,4,1,0,0,1,1,1,0,0,0,2,0
Computer Science,3.45,0,0,0,1,1,1,1,0,0,0,0,4,4,5,5,4,4,22,0.17391304347826086,4,8,9,17,3,4,0,1,0,0,0,0,0,1,-2,1,1,0,0
Cybersecurity,2.62,0,0,1,1,1,1,1,1,0,1,1,3,3,3,5,4,8,18,0.42105263157894735,4,7,7,11,4,7,1,5,1,0,0,1,0,1,-1,1,0,2,0
Data Science,2.58,0,1,1,1,1,0,0,1,1,1,1,1,1,4,3,1,8,10,0.7272727272727273,3,3,4,5,3,6,6,4,0,0,1,0,0,0,2,-1,0,2,-1
Cybersecurity,3.45,1,1,1,1,0,1,1,1,0,0,0,5,4,2,1,1,7,13,0.5,3,9,12,16,2,6,5,3,0,1,0,0,0,1,0,-1,1,0,1
Software Engineering,3.16,1,1,0,0,0,1,0,1,0,1,0,5,2,2,3,4,5,16,0.29411764705882354,2,7,10,13,2,4,4,3,0,0,0,0,0,0,0,-1,0,0,1
Data Science,3.18,1,0,1,0,1,1,0,0,1,0,1,3,5,5,5,3,6,21,0.2727272727272727,4,5,8,15,3,2,4,0,0,0,0,0,1,0,1,0,1,0,0
Software Engineering,3.21,1,1,0,1,1,1,1,0,0,0,1,3,2,4,5,4,7,18,0.3684210526315789,5,7,9,11,4,6,3,2,0,0,0,0,1,1,-1,0,1,1,0
AI,3.44,1,0,1,0,1,1,0,0,0,0,1,3,1,3,3,2,5,12,0.38461538461538464,4,5,8,9,3,2,2,0,0,0,0,0,1,0,0,1,1,0,0
Computer Science,3.32,1,0,1,1,0,1,1,0,0,1,0,5,1,3,4,3,6,16,0.35294117647058826,3,9,11,13,3,8,3,4,1,1,0,1,0,1,-1,0,0,1,1
Data Science,2.69,1,1,1,0,1,0,0,1,1,1,0,1,2,2,5,1,7,11,0.5833333333333334,3,1,3,3,4,4,7,3,0,0,1,0,1,0,3,-1,-1,1,-1
Software Engineering,3.25,0,1,0,0,0,1,1,1,0,1,0,2,2,2,1,1,5,8,0.5555555555555556,1,4,5,8,2,5,3,5,0,0,0,1,0,0,0,-1,-1,1,1
AI,3.43,1,0,0,1,1,1,0,0,1,0,0,3,4,5,3,4,5,19,0.25,5,7,10,14,3,3,3,-1,0,0,0,0,1,1,-1,0,2,-1,0
AI,3.28,1,0,0,1,1,1,0,0,0,0,0,4,3,5,5,2,4,19,0.2,5,8,11,15,3,3,1,-1,0,0,0,0,1,1,-2,1,2,-1,0
Data Science,2.9,1,0,0,1,0,1,0,0,0,1,1,3,1,3,1,5,5,13,0.35714285714285715,3,7,10,9,2,7,2,3,0,1,0,0,0,1,-2,0,1,1,1
AI,3.25,0,1,1,1,1,1,0,1,0,1,1,1,3,4,4,2,8,14,0.5333333333333333,4,5,6,8,3,5,3,3,0,0,0,0,0,1,0,0,1,1,0
Data Science,3.11,0,0,0,1,1,0,1,0,0,1,1,3,5,3,3,5,5,19,0.25,3,5,5,12,4,8,1,5,1,0,0,1,0,0,-1,1,-1,3,-1
Data Science,3.28,1,0,0,1,0,1,0,0,0,1,0,2,3,5,4,5,4,19,0.2,3,6,9,11,2,6,2,2,0,1,0,0,0,1,-2,0,1,0,1
Computer Science,3.47,0,0,1,1,0,0,1,0,0,1,0,4,2,5,3,4,4,18,0.21052631578947367,1,6,7,14,2,8,3,5,1,0,0,1,0,0,0,0,-1,2,0
AI,2.54,1,0,0,1,1,1,0,0,0,1,0,2,1,1,3,4,5,11,0.4166666666666667,5,6,8,4,4,5,1,1,0,0,0,0,1,1,-2,1,1,0,0
Software Engineering,3.42,1,1,0,0,1,0,0,1,1,1,0,4,5,4,3,1,6,17,0.3333333333333333,3,4,6,14,4,4,6,3,0,0,1,0,1,0,2,-1,-1,1,-1
Computer Science,2.64,1,1,1,0,0,1,0,0,1,1,0,2,4,1,3,2,6,12,0.46153846153846156,2,4,7,8,2,4,7,2,0,0,0,0,0,0,2,-2,0,0,1
Software Engineering,3.33,0,0,0,0,1,0,1,1,1,0,0,2,1,2,2,1,4,8,0.4444444444444444,2,2,3,6,3,3,3,3,0,0,1,0,0,0,1,0,-1,1,-1
Cybersecurity,3.2,1,1,1,1,1,1,1,0,0,0,0,3,3,2,5,1,7,14,0.4666666666666667,5,7,9,10,4,5,4,1,0,0,0,0,1,1,0,0,1,0,0
Data Science,3.65,1,0,0,1,0,1,0,0,0,0,0,4,4,5,4,2,3,19,0.15,3,8,12,17,1,4,2,0,0,1,0,0,0,1,-2,0,2,-1,1
Software Engineering,2.94,0,1,1,0,0,0,0,0,0,0,1,2,4,4,2,5,3,17,0.16666666666666666,0,2,5,12,0,3,5,2,0,0,1,0,0,0,2,-1,0,1,0
Computer Science,2.51,1,1,1,0,0,0,1,1,0,1,1,1,5,4,2,1,7,13,0.5,1,1,3,9,3,8,6,7,0,0,1,1,0,0,2,-1,-2,3,0
AI,3.1,1,1,0,1,0,1,1,0,0,0,0,1,3,1,4,3,5,12,0.38461538461538464,3,5,8,6,2,6,4,2,0,1,0,0,0,1,-1,-1,1,0,1
Computer Science,2.64,1,0,0,1,0,0,1,1,0,0,1,3,2,3,3,5,5,16,0.29411764705882354,2,5,8,10,2,8,3,5,0,0,0,0,0,0,-1,0,0,2,0
AI,4.0,1,0,0,1,1,1,0,0,0,0,0,2,2,5,3,4,4,16,0.23529411764705882,5,6,9,10,3,3,1,-1,0,0,0,0,1,1,-2,1,2,-1,0
Computer Science,2.57,1,1,0,1,0,0,0,1,0,1,0,2,4,4,4,1,5,15,0.3125,2,4,7,10,2,7,5,4,0,0,1,0,0,0,0,-1,0,1,0
AI,2.55,1,1,1,0,1,1,0,0,1,1,0,5,3,1,2,5,7,16,0.4117647058823529,4,7,9,12,4,3,6,1,0,0,0,0,1,0,2,-1,0,0,0
Software Engineering,3.1,0,0,1,1,1,1,1,0,1,0,1,2,3,3,4,4,7,16,0.4117647058823529,4,6,7,10,3,5,3,2,0,0,0,0,0,1,0,0,1,1,0
AI,3.14,1,1,1,1,0,1,1,1,0,0,0,3,5,3,4,1,7,16,0.4117647058823529,3,7,10,14,2,6,5,3,0,1,0,0,0,1,0,-1,1,0,1
Computer Science,2.7,0,0,1,1,1,0,1,0,1,1,0,3,3,1,1,3,6,11,0.5,3,5,5,8,4,7,4,4,1,0,1,1,0,0,1,0,-1,2,-1
Software Engineering,3.02,1,0,0,0,0,0,1,1,0,1,1,1,3,3,4,4,5,15,0.3125,1,1,3,6,3,8,3,7,0,0,0,1,0,0,0,0,-2,3,0
Computer Science,3.29,0,0,1,0,1,0,1,1,0,1,1,3,3,2,4,2,6,14,0.4,2,3,3,9,4,6,2,6,0,0,0,1,0,0,1,1,-2,3,-1
Software Engineering,3.84,0,0,0,0,1,0,1,0,0,1,1,4,1,5,2,5,4,17,0.2222222222222222,2,4,4,12,4,6,1,5,0,0,0,1,0,0,0,1,-2,3,-1
Computer Science,3.36,0,1,0,1,0,1,1,1,1,0,1,2,4,3,1,3,7,13,0.5,2,6,8,12,1,6,5,4,0,1,0,0,0,1,0,-2,1,1,1
Cybersecurity,3.03,0,1,0,0,0,1,1,1,0,1,1,2,2,4,3,2,6,13,0.42857142857142855,1,4,5,10,2,6,3,6,0,0,0,1,0,0,0,-1,-1,2,1
Data Science,2.97,1,0,0,1,0,1,0,0,0,0,1,3,2,4,4,5,4,18,0.21052631578947367,3,7,11,12,1,5,2,1,0,1,0,0,0,1,-2,0,2,0,1
Computer Science,2.83,0,0,0,1,0,1,0,0,0,0,0,4,3,4,5,3,2,19,0.1,2,8,11,16,0,3,1,0,0,1,0,0,0,1,-2,0,2,-1,1
AI,3.37,1,0,0,1,0,1,1,0,1,1,0,2,3,1,5,1,6,12,0.46153846153846156,3,6,8,7,3,8,4,4,1,1,0,1,0,1,-1,-1,0,1,1
AI,2.93,1,0,0,1,1,1,1,0,0,0,0,3,4,4,5,2,5,18,0.2631578947368421,5,7,9,13,4,5,1,1,0,0,0,0,1,1,-2,1,1,0,0
Data Science,3.37,0,1,0,1,1,0,0,0,0,1,1,4,2,4,4,2,5,16,0.29411764705882354,3,6,7,12,3,6,3,3,0,0,1,0,0,0,0,0,0,2,-1
Software Engineering,3.95,1,1,0,1,1,1,0,0,0,1,0,3,2,5,2,3,6,15,0.375,5,7,9,11,4,5,3,1,0,0,0,0,1,1,-1,0,1,0,0
Computer Science,3.07,1,0,0,1,0,0,1,1,0,0,0,5,3,4,3,4,4,19,0.2,2,7,10,16,2,7,3,4,0,0,0,0,0,0,-1,0,0,1,0
AI,3.36,1,0,0,0,0,0,1,0,0,1,0,4,2,1,5,5,3,17,0.16666666666666666,1,4,6,9,3,7,3,5,0,0,0,1,0,0,0,0,-2,2,0
Cybersecurity,3.88,0,0,0,0,0,1,1,1,0,1,1,5,2,3,2,4,5,16,0.29411764705882354,1,7,8,15,2,6,1,6,0,0,0,1,0,0,-1,0,-1,2,1
Computer Science,3.78,0,0,0,1,1,1,1,0,0,1,0,5,1,5,3,1,5,15,0.3125,4,9,9,15,4,6,0,3,1,0,0,1,0,1,-2,1,0,1,0
Computer Science,3.91,1,1,1,0,1,1,1,1,1,0,1,3,2,2,1,1,9,9,0.9,4,5,7,9,4,4,6,3,0,0,0,0,1,0,2,-1,0,1,0
Cybersecurity,4.0,0,0,0,0,1,0,1,1,1,0,1,4,4,3,2,3,5,16,0.29411764705882354,2,4,5,14,3,4,3,4,0,0,1,0,0,0,1,0,-1,2,-1
Software Engineering,3.07,1,0,0,1,0,1,1,0,0,0,1,4,3,4,5,5,5,21,0.22727272727272727,3,8,11,15,2,7,2,3,0,1,0,0,0,1,-2,0,1,1,1
Data Science,4.0,1,0,0,1,0,1,1,0,0,0,1,3,5,5,4,3,5,20,0.23809523809523808,3,7,10,16,2,7,2,3,0,1,0,0,0,1,-2,0,1,1,1
Data Science,3.75,1,0,0,1,0,1,1,0,0,1,0,3,1,5,4,4,5,17,0.2777777777777778,3,7,9,11,3,8,2,4,1,1,0,1,0,1,-2,0,0,1,1
AI,3.66,1,1,0,1,0,1,1,0,0,0,0,3,2,4,2,4,5,15,0.3125,3,7,10,12,2,6,4,2,0,1,0,0,0,1,-1,-1,1,0,1
Cybersecurity,3.5,1,1,0,1,0,1,0,0,0,0,0,3,2,2,3,2,4,12,0.3076923076923077,3,7,11,10,1,4,4,0,0,1,0,0,0,1,-1,-1,2,-1,1
Data Science,3.3,0,1,1,1,0,1,1,1,1,0,0,2,5,4,5,1,7,17,0.3888888888888889,2,6,8,14,1,5,6,3,0,1,0,0,0,1,1,-2,1,0,1
Software Engineering,3.64,1,1,1,1,0,1,0,0,1,1,0,5,1,1,4,5,7,16,0.4117647058823529,3,9,12,11,2,6,7,2,0,1,0,0,0,1,1,-2,1,0,1
Computer Science,2.54,1,1,1,0,1,1,1,1,0,1,0,3,4,1,5,2,8,15,0.5,4,5,6,9,5,5,4,4,0,0,0,1,1,0,1,0,-1,1,0
Computer Science,3.32,1,0,0,1,1,1,0,0,0,0,0,5,2,5,5,3,4,20,0.19047619047619047,5,9,12,16,3,3,1,-1,0,0,0,0,1,1,-2,1,2,-1,0
Computer Science,3.68,1,1,0,1,0,0,1,1,0,0,0,4,2,5,5,5,5,21,0.22727272727272727,2,6,9,14,2,7,5,4,0,0,1,0,0,0,0,-1,0,1,0
Cybersecurity,3.44,0,0,1,1,1,1,1,0,0,1,1,3,3,5,3,3,7,17,0.3888888888888889,4,7,7,13,4,7,1,4,1,0,0,1,0,1,-1,1,0,2,0
AI,4.0,1,0,0,1,1,1,1,0,0,1,0,3,4,5,3,3,6,18,0.3157894736842105,5,7,8,13,5,7,1,3,1,0,0,1,1,1,-2,1,0,1,0
Cybersecurity,3.33,0,0,1,1,0,0,0,1,1,0,0,2,2,3,2,3,4,12,0.3076923076923077,1,4,7,9,0,4,5,2,0,0,1,0,0,0,1,-1,1,0,0
Cybersecurity,2.91,0,0,0,1,1,0,1,0,0,0,0,3,3,2,4,3,3,15,0.1875,3,5,6,10,3,5,1,2,0,0,0,0,0,0,-1,1,0,1,-1
Cybersecurity,3.64,1,0,1,1,1,1,0,1,1,0,1,5,5,2,4,1,8,17,0.4444444444444444,5,9,12,16,3,4,4,1,0,0,0,0,1,1,0,0,2,0,0
Computer Science,2.72,1,0,1,1,1,1,1,0,0,1,0,3,3,4,3,3,7,16,0.4117647058823529,5,7,8,11,5,7,2,3,1,0,0,1,1,1,-1,1,0,1,0
Cybersecurity,3.77,1,0,0,0,0,0,1,1,1,1,1,3,5,5,2,4,6,19,0.3,1,3,5,14,3,8,5,7,0,0,1,1,0,0,1,-1,-2,3,0
AI,2.95,1,1,1,1,0,0,1,0,0,1,0,2,1,3,3,4,6,13,0.42857142857142855,2,4,6,6,3,9,6,5,1,0,1,1,0,0,1,-1,-1,2,0
AI,2.94,1,0,1,1,0,1,1,0,1,0,0,4,3,4,2,1,6,14,0.4,3,8,11,15,2,6,5,2,0,1,0,0,0,1,0,-1,1,0,1
Computer Science,3.47,0,1,0,1,1,0,0,1,1,1,1,4,2,5,1,5,7,17,0.3888888888888889,3,6,7,13,3,6,5,4,0,0,1,0,0,0,1,-1,0,2,-1
Data Science,3.23,0,1,1,1,0,1,0,0,0,0,0,5,3,3,4,4,4,19,0.2,2,9,12,17,0,3,4,0,0,1,0,0,0,1,0,-1,2,-1,1
AI,4.0,0,1,0,0,0,1,0,0,0,0,0,2,5,3,4,2,2,16,0.11764705882352941,1,4,7,13,0,1,3,0,0,0,0,0,0,0,0,-1,1,-1,1
Software Engineering,2.67,0,1,1,1,1,1,1,1,1,1,0,5,3,3,1,5,9,17,0.5,4,9,9,15,4,6,5,4,1,0,0,1,0,1,1,-1,0,1,0
Data Science,3.74,0,1,1,1,1,0,0,1,0,1,0,4,1,2,1,4,6,12,0.46153846153846156,3,6,7,9,3,5,4,3,0,0,1,0,0,0,1,0,0,1,-1
Cybersecurity,3.07,0,0,1,0,0,1,1,0,1,1,1,3,2,3,4,4,6,16,0.35294117647058826,1,5,6,11,2,6,4,5,0,0,0,1,0,0,1,-1,-1,2,1
Data Science,3.71,0,1,1,1,0,0,1,1,1,0,0,1,5,3,5,3,6,17,0.3333333333333333,1,3,5,10,1,6,7,4,0,0,1,0,0,0,2,-2,0,1,0
Data Science,3.77,1,0,0,0,0,0,0,0,0,0,0,3,3,5,5,2,1,18,0.05263157894736842,1,3,7,13,1,3,3,1,0,0,0,0,0,0,0,0,0,0,0
Software Engineering,3.33,0,0,0,1,0,1,1,1,0,0,0,1,1,5,5,5,4,17,0.2222222222222222,2,5,7,9,1,5,1,3,0,1,0,0,0,1,-2,0,1,0,1
Data Science,3.26,0,1,0,0,1,0,0,1,0,1,1,4,2,5,4,1,5,16,0.29411764705882354,2,4,5,13,3,4,3,4,0,0,1,0,0,0,1,0,-1,2,-1
AI,2.79,0,0,1,1,0,1,0,0,0,0,1,2,1,5,3,5,4,16,0.23529411764705882,2,6,9,11,0,4,2,1,0,1,0,0,0,1,-1,0,2,0,1
Computer Science,3.02,1,1,0,1,1,1,0,1,1,0,0,3,3,2,1,4,7,13,0.5,5,7,10,10,3,3,5,0,0,0,0,0,1,1,0,-1,2,-1,0
Computer Science,3.55,0,1,0,1,0,1,0,0,0,0,0,3,2,5,3,1,3,14,0.2,2,7,10,14,0,3,3,0,0,1,0,0,0,1,-1,-1,2,-1,1
Cybersecurity,3.84,1,0,0,0,1,1,1,0,0,0,0,3,2,4,3,5,4,17,0.2222222222222222,4,5,7,11,4,3,1,1,0,0,0,0,1,0,-1,1,0,0,0
Data Science,2.79,0,1,1,1,1,1,1,1,0,0,0,5,4,2,3,2,7,16,0.4117647058823529,4,9,10,16,3,4,3,2,0,0,0,0,0,1,0,0,1,0,0
Computer Science,2.75,1,1,0,1,0,1,1,0,1,1,1,2,2,4,4,2,8,14,0.5333333333333333,3,6,8,9,3,9,6,5,1,1,0,1,0,1,0,-2,0,2,1
Data Science,2.89,1,0,0,1,0,1,1,0,0,0,0,3,3,4,4,4,4,18,0.21052631578947367,3,7,10,13,2,6,2,2,0,1,0,0,0,1,-2,0,1,0,1
Cybersecurity,2.84,1,0,1,0,0,0,0,1,0,1,0,5,5,5,5,4,4,24,0.16,1,5,8,18,2,5,4,4,0,0,0,0,0,0,1,0,-1,1,0
Software Engineering,2.87,0,0,1,1,0,0,1,0,0,1,1,5,2,5,3,5,5,20,0.23809523809523808,1,7,8,16,2,9,3,6,1,0,0,1,0,0,0,0,-1,3,0
Computer Science,2.53,1,0,0,0,0,0,1,1,1,1,0,1,2,5,4,3,5,15,0.3125,1,1,3,7,3,7,5,6,0,0,1,1,0,0,1,-1,-2,2,0
AI,2.71,1,0,0,1,0,0,1,0,0,0,0,3,4,5,1,5,3,18,0.15789473684210525,2,5,8,14,2,7,3,3,0,0,0,0,0,0,-1,0,0,1,0
Computer Science,2.91,1,0,0,0,1,1,1,1,1,0,0,2,3,4,2,1,6,12,0.46153846153846156,4,4,6,10,4,3,3,2,0,0,0,0,1,0,0,0,0,0,0
Computer Science,3.97,1,1,1,0,1,1,1,1,1,1,0,4,5,3,2,5,9,19,0.45,4,6,7,14,5,5,6,4,0,0,0,1,1,0,2,-1,-1,1,0
AI,2.74,0,1,0,1,1,1,0,1,1,1,0,5,4,5,3,3,7,20,0.3333333333333333,4,9,10,18,3,4,4,2,0,0,0,0,0,1,0,-1,1,0,0
Computer Science,3.07,0,0,1,0,0,1,0,0,0,0,0,5,3,5,4,5,2,22,0.08695652173913043,1,7,10,19,0,1,2,0,0,0,0,0,0,0,0,0,1,-1,1
Cybersecurity,2.67,0,1,1,0,1,1,1,0,1,0,1,2,2,3,4,2,7,13,0.5,3,4,5,9,3,3,5,2,0,0,0,0,0,0,2,-1,0,1,0
Data Science,3.82,0,0,0,0,0,1,1,1,1,1,0,3,5,5,1,3,5,17,0.2777777777777778,1,5,6,16,2,5,3,5,0,0,0,1,0,0,0,-1,-1,1,1
Data Science,2.85,0,0,0,1,1,1,1,1,1,1,1,5,4,4,2,2,8,17,0.4444444444444444,4,9,9,17,4,7,2,5,1,0,0,1,0,1,-1,0,0,2,0
AI,3.75,0,0,1,1,0,0,1,1,0,1,1,2,4,2,5,3,6,16,0.35294117647058826,1,4,5,9,2,9,3,7,1,0,0,1,0,0,0,0,-1,3,0
Cybersecurity,3.12,1,1,1,1,0,1,1,1,0,1,1,1,5,1,4,4,9,15,0.5625,3,5,7,7,3,9,5,6,1,1,0,1,0,1,0,-1,0,2,1
Computer Science,3.43,0,1,1,0,1,1,0,0,1,1,1,3,5,2,3,5,7,18,0.3684210526315789,3,5,6,12,3,3,5,2,0,0,0,0,0,0,2,-1,0,1,0
Cybersecurity,2.95,0,1,0,0,0,1,1,0,1,0,1,4,1,2,4,5,5,16,0.29411764705882354,1,6,8,12,1,4,5,3,0,0,0,0,0,0,1,-2,0,1,1
Computer Science,3.33,1,0,0,1,0,1,1,0,0,1,0,3,1,3,2,3,5,12,0.38461538461538464,3,7,9,9,3,8,2,4,1,1,0,1,0,1,-2,0,0,1,1
Computer Science,3.19,1,0,1,0,0,1,0,0,0,0,1,4,4,3,5,4,4,20,0.19047619047619047,2,6,10,15,1,3,3,1,0,0,0,0,0,0,0,0,1,0,1
Data Science,3.17,0,0,0,1,1,1,0,1,0,1,0,3,4,4,5,3,5,19,0.25,4,7,8,13,3,4,0,2,0,0,0,0,0,1,-2,1,1,0,0
Cybersecurity,2.64,0,1,0,0,1,1,1,0,1,1,0,2,4,4,2,3,6,15,0.375,3,4,4,11,4,4,4,3,0,0,0,1,0,0,1,-1,-1,1,0
Computer Science,3.7,1,1,1,1,0,1,1,0,0,1,0,3,1,4,2,5,7,15,0.4375,3,7,9,10,3,8,5,4,1,1,0,1,0,1,0,-1,0,1,1
AI,2.63,1,1,1,1,1,0,0,1,1,1,0,2,3,3,2,2,8,12,0.6153846153846154,4,4,6,7,4,6,7,3,0,0,1,0,1,0,2,-1,0,1,-1
Data Science,3.1,0,0,1,0,0,1,0,0,0,0,1,5,5,3,1,4,3,18,0.15789473684210525,1,7,10,19,0,2,2,1,0,0,0,0,0,0,0,0,1,0,1
Computer Science,3.01,1,0,1,0,0,1,0,0,0,0,0,2,5,3,1,3,3,14,0.2,2,4,8,12,1,2,3,0,0,0,0,0,0,0,0,0,1,-1,1
Data Science,3.13,0,1,1,1,1,1,0,0,1,0,1,2,5,4,2,1,7,14,0.4666666666666667,4,6,8,13,2,3,5,0,0,0,0,0,0,1,1,-1,2,0,0
AI,2.84,1,0,0,0,1,1,1,1,0,0,0,1,2,1,4,1,5,9,0.5,4,3,5,4,4,3,1,2,0,0,0,0,1,0,-1,1,0,0,0
Data Science,3.29,1,0,0,1,1,1,1,0,0,0,0,2,2,5,3,4,5,16,0.29411764705882354,5,6,8,10,4,5,1,1,0,0,0,0,1,1,-2,1,1,0,0
Data Science,3.46,1,0,1,1,0,1,1,1,0,1,0,5,3,2,4,4,7,18,0.3684210526315789,3,9,11,14,3,8,3,5,1,1,0,1,0,1,-1,0,0,1,1
Computer Science,2.82,1,0,0,1,0,1,0,0,0,0,0,3,2,3,5,5,3,18,0.15789473684210525,3,7,11,11,1,4,2,0,0,1,0,0,0,1,-2,0,2,-1,1
Data Science,3.76,1,1,1,1,0,0,1,0,0,0,1,1,4,5,5,1,6,16,0.35294117647058826,2,3,6,10,2,8,6,4,0,0,1,0,0,0,1,-1,0,2,0
Data Science,3.71,1,0,0,0,1,1,1,0,0,1,0,2,1,5,3,2,5,13,0.35714285714285715,4,4,5,8,5,5,1,3,0,0,0,1,1,0,-1,1,-1,1,0
Cybersecurity,3.12,1,0,1,1,0,0,0,1,0,1,0,3,4,2,2,1,5,12,0.38461538461538464,2,5,8,10,2,7,4,4,0,0,0,0,0,0,0,0,0,1,0
Data Science,3.44,1,1,0,1,0,1,1,0,0,0,0,4,5,4,4,2,5,19,0.25,3,8,11,17,2,6,4,2,0,1,0,0,0,1,-1,-1,1,0,1
Data Science,3.57,1,1,0,1,0,1,1,0,0,1,0,1,4,5,4,5,6,19,0.3,3,5,7,10,3,8,4,4,1,1,0,1,0,1,-1,-1,0,1,1
AI,2.82,0,1,0,1,1,0,1,0,0,0,0,2,3,2,5,4,4,16,0.23529411764705882,3,4,5,8,3,5,3,2,0,0,1,0,0,0,0,0,0,1,-1
AI,3.24,0,0,0,1,0,1,1,0,0,0,0,5,2,4,5,2,3,18,0.15789473684210525,2,9,11,17,1,5,1,2,0,1,0,0,0,1,-2,0,1,0,1
Computer Science,3.67,1,0,0,1,1,1,1,0,0,0,0,4,4,5,3,1,5,17,0.2777777777777778,5,8,10,16,4,5,1,1,0,0,0,0,1,1,-2,1,1,0,0
Data Science,3.47,1,1,0,1,1,1,0,0,0,1,0,4,3,4,4,4,6,19,0.3,5,8,10,13,4,5,3,1,0,0,0,0,1,1,-1,0,1,0,0
Computer Science,4.0,1,1,0,0,1,1,0,1,1,0,0,3,4,4,2,4,6,17,0.3333333333333333,4,5,8,13,3,1,5,0,0,0,0,0,1,0,1,-1,1,-1,0
Cybersecurity,3.79,1,1,1,1,0,0,1,0,1,1,0,5,2,2,3,1,7,13,0.5,2,7,9,12,3,9,8,5,1,0,1,1,0,0,2,-2,-1,2,0
AI,3.46,0,1,0,1,1,0,0,0,1,1,1,2,2,1,4,5,6,14,0.4,3,4,5,5,3,6,5,3,0,0,1,0,0,0,1,-1,0,2,-1
Data Science,3.26,1,0,1,0,1,0,0,0,1,0,1,4,5,5,1,4,5,19,0.25,3,4,7,16,3,3,5,1,0,0,1,0,1,0,2,0,0,1,-1
Software Engineering,3.22,0,0,0,0,0,1,1,1,1,0,1,2,5,2,3,1,5,13,0.35714285714285715,1,4,6,12,1,4,3,4,0,0,0,0,0,0,0,-1,0,1,1
AI,3.85,1,0,0,1,0,1,0,0,0,0,0,5,4,5,3,3,3,20,0.14285714285714285,3,9,13,19,1,4,2,0,0,1,0,0,0,1,-2,0,2,-1,1
Computer Science,4.0,1,0,0,1,0,1,0,0,0,0,0,4,3,5,2,3,3,17,0.16666666666666666,3,8,12,16,1,4,2,0,0,1,0,0,0,1,-2,0,2,-1,1
Cybersecurity,4.0,0,1,0,1,0,1,1,1,0,0,0,1,1,3,3,2,5,10,0.45454545454545453,2,5,7,7,1,5,3,3,0,1,0,0,0,1,-1,-1,1,0,1
Software Engineering,3.09,1,0,0,1,0,0,1,1,1,0,1,2,3,1,5,3,6,14,0.4,2,4,7,7,2,8,5,5,0,0,1,0,0,0,0,-1,0,2,0
AI,2.54,0,1,0,0,0,0,0,1,0,0,0,2,2,1,1,1,2,7,0.25,0,2,5,7,0,2,4,2,0,0,1,0,0,0,1,-1,0,0,0
AI,3.69,1,0,0,1,1,1,1,0,0,0,1,3,4,3,2,3,6,15,0.375,5,7,9,12,4,6,1,2,0,0,0,0,1,1,-2,1,1,1,0
AI,2.99,1,1,1,1,0,1,1,1,0,0,0,1,4,5,1,1,7,12,0.5384615384615384,3,5,8,11,2,6,5,3,0,1,0,0,0,1,0,-1,1,0,1
Data Science,3.91,0,1,1,1,0,0,1,1,1,1,1,2,5,4,2,2,8,15,0.5,1,4,5,12,2,9,7,7,1,0,1,1,0,0,2,-2,-1,3,0
Cybersecurity,3.54,0,0,0,0,1,1,1,1,0,1,0,4,2,4,3,5,5,18,0.2631578947368421,3,6,6,13,4,4,0,4,0,0,0,1,0,0,-1,1,-1,1,0
Computer Science,2.68,1,1,0,1,1,1,0,0,1,1,0,3,2,5,1,1,7,12,0.5384615384615384,5,7,9,11,4,5,5,1,0,0,0,0,1,1,0,-1,1,0,0
Software Engineering,2.71,0,0,1,0,1,1,0,1,1,0,1,5,1,4,1,5,6,16,0.35294117647058826,3,7,9,15,2,1,3,1,0,0,0,0,0,0,1,0,1,0,0
Data Science,2.63,0,0,1,0,0,0,1,1,1,1,1,3,1,3,5,4,6,16,0.35294117647058826,0,3,4,9,2,7,5,7,0,0,1,1,0,0,2,-1,-2,3,0
Cybersecurity,2.9,1,0,0,0,0,1,0,0,0,0,0,4,2,3,3,4,2,16,0.11764705882352941,2,6,10,13,1,2,2,0,0,0,0,0,0,0,-1,0,1,-1,1
Data Science,2.76,1,0,0,1,1,1,0,1,0,1,1,4,2,4,3,2,7,15,0.4375,5,8,10,12,4,6,1,3,0,0,0,0,1,1,-2,1,1,1,0
Software Engineering,2.6,1,1,1,1,0,0,1,0,0,0,1,4,2,3,2,2,6,13,0.42857142857142855,2,6,9,12,2,8,6,4,0,0,1,0,0,0,1,-1,0,2,0
Computer Science,2.65,1,1,1,1,1,0,1,0,0,0,1,1,4,1,5,1,7,12,0.5384615384615384,4,3,5,5,4,7,5,3,0,0,1,0,1,0,1,0,0,2,-1
Software Engineering,3.09,0,0,0,0,0,1,1,0,1,0,0,2,2,4,2,4,3,14,0.2,1,4,6,11,1,3,3,2,0,0,0,0,0,0,0,-1,0,0,1
Cybersecurity,3.31,0,0,1,1,0,0,0,0,0,0,0,4,5,4,4,5,2,22,0.08695652173913043,1,6,9,17,0,4,3,1,0,0,0,0,0,0,0,0,1,0,0
Software Engineering,3.37,0,0,0,0,1,1,0,0,0,0,0,2,1,4,4,3,2,14,0.13333333333333333,3,4,6,9,2,0,0,-1,0,0,0,0,0,0,-1,1,1,-1,0
Software Engineering,3.2,1,1,1,1,1,0,0,0,1,1,0,4,1,3,3,5,7,16,0.4117647058823529,4,6,8,9,4,6,7,2,0,0,1,0,1,0,2,-1,0,1,-1
AI,3.68,0,0,1,1,0,1,0,1,0,1,0,4,1,4,5,3,5,17,0.2777777777777778,2,8,10,13,1,5,2,3,0,1,0,0,0,1,-1,0,1,0,1
Cybersecurity,3.63,0,1,0,0,0,0,1,0,1,0,0,2,2,4,4,3,3,15,0.1875,0,2,4,10,1,4,6,3,0,0,1,0,0,0,2,-2,-1,1,0
Data Science,3.28,1,0,1,0,1,1,0,0,0,1,0,2,1,3,5,2,5,13,0.35714285714285715,4,4,6,6,4,3,2,1,0,0,0,0,1,0,0,1,0,0,0
Data Science,2.75,1,1,0,0,1,0,0,1,0,1,0,2,3,3,3,1,5,12,0.38461538461538464,3,2,4,7,4,4,4,3,0,0,1,0,1,0,1,0,-1,1,-1
AI,2.9,0,1,0,1,1,1,1,0,1,0,0,4,3,2,1,5,6,15,0.375,4,8,9,13,3,4,4,1,0,0,0,0,0,1,0,-1,1,0,0
Software Engineering,3.4,0,0,1,0,0,0,0,1,1,1,1,5,3,2,5,3,5,18,0.2631578947368421,0,5,7,14,1,5,5,5,0,0,1,0,0,0,2,-1,-1,2,0
Computer Science,3.18,1,0,0,1,0,1,0,0,0,0,0,5,2,5,3,3,3,18,0.15789473684210525,3,9,13,17,1,4,2,0,0,1,0,0,0,1,-2,0,2,-1,1
Computer Science,2.52,0,0,0,1,1,1,1,1,1,1,0,5,2,3,3,5,7,18,0.3684210526315789,4,9,9,14,4,6,2,4,1,0,0,1,0,1,-1,0,0,1,0
AI,3.36,1,1,0,1,1,1,0,0,0,0,1,3,1,3,4,4,6,15,0.375,5,7,10,9,3,4,3,0,0,0,0,0,1,1,-1,0,2,0,0
Data Science,4.0,1,0,1,0,1,1,1,0,1,0,0,2,2,4,4,3,6,15,0.375,4,4,6,9,4,3,4,1,0,0,0,0,1,0,1,0,0,0,0
Cybersecurity,3.68,1,0,1,0,0,0,1,1,0,1,1,5,2,4,5,1,6,17,0.3333333333333333,1,5,7,14,3,8,4,7,0,0,0,1,0,0,1,0,-2,3,0
Cybersecurity,3.62,0,0,0,1,1,0,1,0,0,0,1,1,2,2,2,5,4,12,0.3076923076923077,3,3,4,5,3,6,1,3,0,0,0,0,0,0,-1,1,0,2,-1
Cybersecurity,3.52,1,0,0,0,0,1,1,1,0,1,1,5,4,2,5,1,6,17,0.3333333333333333,2,7,9,15,3,7,2,6,0,0,0,1,0,0,-1,0,-1,2,1
Computer Science,2.87,1,1,1,1,0,0,1,1,0,1,1,5,2,1,4,3,8,15,0.5,2,7,9,11,3,10,6,7,1,0,1,1,0,0,1,-1,-1,3,0
Data Science,2.83,1,1,0,1,1,1,0,1,0,1,0,1,2,5,3,4,7,15,0.4375,5,5,7,7,4,5,3,2,0,0,0,0,1,1,-1,0,1,0,0
Data Science,3.76,1,1,1,0,1,1,0,1,0,1,0,1,4,5,5,4,7,19,0.35,4,3,5,9,4,3,4,2,0,0,0,0,1,0,1,0,0,0,0
Computer Science,2.9,1,0,1,1,1,1,0,0,1,1,1,1,5,5,5,3,8,19,0.4,5,5,7,10,4,6,4,2,0,0,0,0,1,1,0,0,1,1,0
Data Science,2.82,0,0,1,1,1,0,1,1,1,1,0,2,5,1,1,4,7,13,0.5,3,4,4,8,4,7,4,5,1,0,1,1,0,0,1,0,-1,2,-1
Data Science,3.38,1,1,1,0,1,1,1,1,0,0,0,2,1,1,2,5,7,11,0.5833333333333334,4,4,6,5,4,3,4,2,0,0,0,0,1,0,1,0,0,0,0
AI,2.85,0,1,1,1,1,0,1,1,1,0,1,2,1,2,4,1,8,10,0.7272727272727273,3,4,5,6,3,6,6,4,0,0,1,0,0,0,2,-1,0,2,-1
AI,2.95,0,1,1,1,1,0,1,1,0,0,1,3,2,2,3,1,7,11,0.5833333333333334,3,5,6,9,3,6,4,4,0,0,1,0,0,0,1,0,0,2,-1
Data Science,3.17,1,0,0,1,0,1,1,0,0,1,0,5,4,4,4,3,5,20,0.23809523809523808,3,9,11,17,3,8,2,4,1,1,0,1,0,1,-2,0,0,1,1
Data Science,3.18,1,1,1,0,0,1,1,0,0,0,0,3,3,3,4,4,5,17,0.2777777777777778,2,5,8,12,2,4,5,2,0,0,0,0,0,0,1,-1,0,0,1
Cybersecurity,3.33,1,0,1,0,0,1,0,1,1,1,0,4,4,1,1,2,6,12,0.46153846153846156,2,6,9,12,2,4,5,3,0,0,0,0,0,0,1,-1,0,0,1
Computer Science,2.9,1,0,1,1,0,0,0,1,1,0,0,1,1,5,4,2,5,13,0.35714285714285715,2,3,7,7,1,5,6,2,0,0,1,0,0,0,1,-1,1,0,0
Computer Science,2.83,0,1,1,1,1,1,1,0,1,0,1,3,2,1,2,2,8,10,0.7272727272727273,4,7,8,9,3,5,5,2,0,0,0,0,0,1,1,-1,1,1,0
Data Science,3.16,0,0,1,0,0,0,1,1,1,0,1,3,5,3,1,1,5,13,0.35714285714285715,0,3,5,14,1,5,5,5,0,0,1,0,0,0,2,-1,-1,2,0
Software Engineering,3.16,0,1,0,1,1,1,0,0,1,1,0,1,4,3,2,4,6,14,0.4,4,5,6,8,3,4,4,1,0,0,0,0,0,1,0,-1,1,0,0
Computer Science,2.88,1,0,1,1,0,1,1,1,0,1,0,3,2,3,4,3,7,15,0.4375,3,7,9,10,3,8,3,5,1,1,0,1,0,1,-1,0,0,1,1
Computer Science,3.78,0,1,0,1,1,1,0,1,0,0,1,4,5,4,4,5,6,22,0.2608695652173913,4,8,10,17,2,3,2,1,0,0,0,0,0,1,-1,0,2,0,0
Cybersecurity,3.99,1,1,0,1,1,1,0,0,0,1,0,4,1,4,5,3,6,17,0.3333333333333333,5,8,10,11,4,5,3,1,0,0,0,0,1,1,-1,0,1,0,0
Data Science,3.15,1,1,1,1,1,0,1,0,1,0,1,5,2,3,5,5,8,20,0.38095238095238093,4,7,9,13,4,7,7,3,0,0,1,0,1,0,2,-1,0,2,-1
AI,3.03,1,0,0,0,0,0,1,1,1,1,0,2,1,4,3,3,5,13,0.35714285714285715,1,2,4,7,3,7,5,6,0,0,1,1,0,0,1,-1,-2,2,0
AI,3.78,1,0,0,1,0,0,0,0,1,0,0,4,1,5,3,4,3,17,0.16666666666666666,2,6,10,13,1,5,5,1,0,0,1,0,0,0,0,-1,1,0,0
Software Engineering,3.51,1,1,1,0,1,0,1,0,0,1,0,3,1,5,4,4,6,17,0.3333333333333333,3,3,4,9,5,6,5,4,0,0,1,1,1,0,2,0,-2,2,-1
Software Engineering,3.89,1,1,0,1,1,0,0,1,1,0,1,1,1,2,3,5,7,12,0.5384615384615384,4,3,6,3,3,5,6,2,0,0,1,0,1,0,1,-1,1,1,-1
AI,3.65,0,1,0,0,0,0,1,0,1,0,1,5,3,5,5,3,4,21,0.18181818181818182,0,5,7,18,1,5,6,4,0,0,1,0,0,0,2,-2,-1,2,0
Computer Science,3.07,1,1,0,0,0,1,0,1,1,0,1,2,2,3,2,2,6,11,0.5,2,4,8,9,1,3,6,2,0,0,0,0,0,0,1,-2,1,0,1
AI,2.77,0,1,0,0,1,1,1,0,0,0,1,4,4,3,4,2,5,17,0.2777777777777778,3,6,7,15,3,3,2,2,0,0,0,0,0,0,0,0,0,1,0
AI,2.86,1,0,0,1,1,1,1,1,0,0,0,5,3,4,4,1,6,17,0.3333333333333333,5,9,11,16,4,5,1,2,0,0,0,0,1,1,-2,1,1,0,0
Data Science,3.91,1,0,0,1,0,1,0,1,1,1,0,1,2,3,1,1,6,8,0.6666666666666666,3,5,8,6,2,6,4,3,0,1,0,0,0,1,-1,-1,1,0,1
AI,3.65,1,1,1,0,1,0,0,1,1,0,1,1,5,2,3,5,7,16,0.4117647058823529,3,1,4,7,3,3,7,2,0,0,1,0,1,0,3,-1,0,1,-1
Data Science,3.49,1,0,0,1,1,1,1,0,0,1,1,4,3,5,2,4,7,18,0.3684210526315789,5,8,9,14,5,8,1,4,1,0,0,1,1,1,-2,1,0,2,0
Data Science,3.45,0,0,0,0,0,1,1,0,1,1,0,5,5,1,1,1,4,13,0.2857142857142857,1,7,8,16,2,5,3,4,0,0,0,1,0,0,0,-1,-1,1,1
Software Engineering,3.16,1,0,0,0,1,0,1,0,0,1,1,2,3,1,4,5,5,15,0.3125,3,2,3,5,5,7,2,5,0,0,0,1,1,0,0,1,-2,3,-1
Data Science,3.83,1,0,0,1,1,1,0,1,0,1,0,1,2,4,4,3,6,14,0.4,5,5,7,6,4,5,1,2,0,0,0,0,1,1,-2,1,1,0,0
AI,2.94,0,1,1,0,0,0,0,0,1,1,1,2,3,5,2,5,5,17,0.2777777777777778,0,2,4,11,1,5,7,4,0,0,1,0,0,0,3,-2,-1,2,0
AI,3.92,1,0,0,0,1,0,1,0,0,1,1,4,2,2,1,2,5,11,0.4166666666666667,3,4,5,9,5,7,2,5,0,0,0,1,1,0,0,1,-2,3,-1
Software Engineering,3.25,0,0,0,0,0,1,1,0,0,1,0,2,2,5,1,3,3,13,0.21428571428571427,1,4,5,11,2,5,1,4,0,0,0,1,0,0,-1,0,-1,1,1
Computer Science,3.62,0,0,1,0,0,0,1,1,1,1,0,5,1,3,2,4,5,15,0.3125,0,5,6,13,2,6,5,6,0,0,1,1,0,0,2,-1,-2,2,0
Data Science,3.31,1,0,0,1,1,1,1,0,0,0,0,5,3,3,5,4,5,20,0.23809523809523808,5,9,11,15,4,5,1,1,0,0,0,0,1,1,-2,1,1,0,0
Software Engineering,2.75,0,0,1,0,0,1,0,0,1,0,0,2,5,4,3,4,3,18,0.15789473684210525,1,4,7,14,0,1,4,0,0,0,0,0,0,0,1,-1,1,-1,1
Software Engineering,2.66,0,0,1,1,0,1,0,0,1,1,0,5,1,5,5,5,5,21,0.22727272727272727,2,9,11,16,1,5,4,2,0,1,0,0,0,1,0,-1,1,0,1
AI,2.99,1,0,0,0,1,1,1,0,0,0,1,4,1,5,2,4,5,16,0.29411764705882354,4,6,8,13,4,4,1,2,0,0,0,0,1,0,-1,1,0,1,0
Software Engineering,3.19,0,0,0,1,1,1,0,1,1,0,1,3,5,3,4,2,6,17,0.3333333333333333,4,7,9,14,2,3,2,1,0,0,0,0,0,1,-1,0,2,0,0
Computer Science,3.17,1,0,1,1,0,1,0,0,0,0,0,4,2,4,3,1,4,14,0.26666666666666666,3,8,12,14,1,4,3,0,0,1,0,0,0,1,-1,0,2,-1,1
Software Engineering,3.65,1,1,0,0,1,0,1,1,0,1,0,5,1,4,4,4,6,18,0.3157894736842105,3,5,6,12,5,6,4,5,0,0,1,1,1,0,1,0,-2,2,-1
AI,3.09,0,0,0,1,1,0,1,0,0,0,0,2,3,3,5,1,3,14,0.2,3,4,5,9,3,5,1,2,0,0,0,0,0,0,-1,1,0,1,-1
Computer Science,3.58,1,1,0,1,0,1,0,0,0,0,0,5,3,5,3,4,4,20,0.19047619047619047,3,9,13,18,1,4,4,0,0,1,0,0,0,1,-1,-1,2,-1,1
Computer Science,2.85,0,0,0,0,0,0,1,0,0,0,0,3,3,5,2,4,1,17,0.05555555555555555,0,3,5,14,1,4,2,3,0,0,0,0,0,0,0,0,-1,1,0
Software Engineering,2.55,0,1,0,0,0,0,1,1,0,0,1,4,5,3,3,1,4,16,0.23529411764705882,0,4,6,16,1,5,4,5,0,0,1,0,0,0,1,-1,-1,2,0
Computer Science,3.51,1,0,1,1,1,1,1,0,0,0,0,4,2,5,3,2,6,16,0.35294117647058826,5,8,10,14,4,5,2,1,0,0,0,0,1,1,-1,1,1,0,0
AI,3.98,1,1,0,1,1,1,0,0,0,0,0,4,3,4,4,3,5,18,0.2631578947368421,5,8,11,14,3,3,3,-1,0,0,0,0,1,1,-1,0,2,-1,0
AI,3.1,0,0,1,1,1,1,0,1,0,1,0,3,4,4,4,5,6,20,0.2857142857142857,4,7,8,13,3,4,1,2,0,0,0,0,0,1,-1,1,1,0,0
Software Engineering,3.96,0,0,0,0,0,0,1,0,1,1,0,3,5,5,4,1,3,18,0.15789473684210525,0,3,4,15,2,6,4,5,0,0,1,1,0,0,1,-1,-2,2,0
Computer Science,3.32,1,0,1,1,0,1,1,0,1,1,0,4,2,4,4,5,7,19,0.35,3,8,10,13,3,8,5,4,1,1,0,1,0,1,0,-1,0,1,1
Computer Science,2.68,0,0,0,1,1,1,1,1,0,0,1,4,1,3,3,3,6,14,0.4,4,8,9,12,3,5,0,3,0,0,0,0,0,1,-2,1,1,1,0
AI,3.2,1,0,0,0,0,1,1,1,0,1,1,4,4,5,3,2,6,18,0.3157894736842105,2,6,8,16,3,7,2,6,0,0,0,1,0,0,-1,0,-1,2,1
Cybersecurity,3.52,0,0,1,0,1,0,1,1,1,0,1,1,1,3,5,1,6,11,0.5,2,1,2,5,3,4,4,4,0,0,1,0,0,0,2,0,-1,2,-1
AI,3.55,0,0,0,1,1,1,1,1,1,1,1,4,2,2,4,5,8,17,0.4444444444444444,4,8,8,11,4,7,2,5,1,0,0,1,0,1,-1,0,0,2,0
Cybersecurity,3.51,1,1,1,0,0,1,0,1,0,0,1,4,3,2,3,2,6,14,0.4,2,6,10,13,1,3,5,2,0,0,0,0,0,0,1,-1,1,0,1
Data Science,3.65,1,0,0,1,1,1,0,0,0,0,0,3,4,5,3,4,4,19,0.2,5,7,10,14,3,3,1,-1,0,0,0,0,1,1,-2,1,2,-1,0
Computer Science,3.0,0,0,0,1,0,1,0,0,0,0,1,5,2,4,3,2,3,16,0.17647058823529413,2,9,12,17,0,4,1,1,0,1,0,0,0,1,-2,0,2,0,1
AI,3.02,1,1,0,0,1,0,1,0,0,0,1,1,3,5,3,4,5,16,0.29411764705882354,3,1,3,8,4,5,4,3,0,0,1,0,1,0,1,0,-1,2,-1
AI,3.43,0,1,1,1,0,1,0,0,0,0,1,4,2,1,2,3,5,12,0.38461538461538464,2,8,11,12,0,4,4,1,0,1,0,0,0,1,0,-1,2,0,1
AI,3.12,1,1,0,0,0,0,0,1,1,0,1,2,2,4,2,2,5,12,0.38461538461538464,1,2,6,9,1,4,7,3,0,0,1,0,0,0,2,-2,0,1,0
AI,3.29,0,0,1,1,1,1,0,1,0,0,0,3,5,3,4,2,5,17,0.2777777777777778,4,7,9,14,2,2,1,0,0,0,0,0,0,1,-1,1,2,-1,0
AI,3.33,1,1,0,1,1,0,1,1,0,1,1,5,1,1,1,2,8,10,0.7272727272727273,4,7,8,9,5,9,4,6,1,0,1,1,1,0,0,0,-1,3,-1
Computer Science,3.53,0,0,0,1,1,1,0,0,0,0,0,2,2,4,5,3,3,16,0.17647058823529413,4,6,8,10,2,2,0,-1,0,0,0,0,0,1,-2,1,2,-1,0
AI,3.33,1,0,0,0,1,1,0,0,0,0,0,4,2,4,1,3,3,14,0.2,4,6,9,13,3,1,1,-1,0,0,0,0,1,0,-1,1,1,-1,0
Software Engineering,3.28,1,1,0,0,1,1,1,1,1,0,1,4,2,3,4,3,8,16,0.47058823529411764,4,6,8,12,4,4,5,3,0,0,0,0,1,0,1,-1,0,1,0
Computer Science,3.14,1,0,0,1,0,0,1,1,0,1,1,2,2,4,3,3,6,14,0.4,2,4,6,8,3,10,3,7,1,0,0,1,0,0,-1,0,-1,3,0
AI,3.02,1,0,1,0,0,1,1,1,0,1,1,1,2,5,2,2,7,12,0.5384615384615384,2,3,5,8,3,7,3,6,0,0,0,1,0,0,0,0,-1,2,1
Cybersecurity,3.27,1,0,1,0,0,1,1,1,0,1,1,4,4,2,1,5,7,16,0.4117647058823529,2,6,8,13,3,7,3,6,0,0,0,1,0,0,0,0,-1,2,1
AI,3.09,0,1,1,1,1,0,0,0,0,0,0,4,4,4,2,2,4,16,0.23529411764705882,3,6,8,15,2,3,4,0,0,0,1,0,0,0,1,0,1,0,-1
Computer Science,2.79,1,0,1,0,0,0,1,1,0,1,1,2,1,3,2,4,6,12,0.46153846153846156,1,2,4,6,3,8,4,7,0,0,0,1,0,0,1,0,-2,3,0
AI,3.68,0,1,1,0,0,1,0,1,0,0,1,1,3,5,5,2,5,16,0.29411764705882354,1,3,6,11,0,2,4,2,0,0,0,0,0,0,1,-1,1,0,1
Computer Science,2.97,1,0,0,0,0,0,1,1,0,0,1,5,3,4,3,4,4,19,0.2,1,5,8,16,2,6,3,5,0,0,0,0,0,0,0,0,-1,2,0
Data Science,3.72,1,0,1,1,1,1,1,0,0,0,0,4,1,5,3,3,6,16,0.35294117647058826,5,8,10,13,4,5,2,1,0,0,0,0,1,1,-1,1,1,0,0
Cybersecurity,3.63,0,1,1,1,0,1,1,0,0,0,0,4,5,2,5,5,5,21,0.22727272727272727,2,8,10,16,1,5,4,2,0,1,0,0,0,1,0,-1,1,0,1
Cybersecurity,3.48,1,1,1,0,0,1,0,0,0,1,1,5,4,1,5,2,6,17,0.3333333333333333,2,7,10,14,2,5,5,3,0,0,0,0,0,0,1,-1,0,1,1
Cybersecurity,3.12,0,0,1,1,0,1,0,1,1,0,1,1,4,2,5,5,6,17,0.3333333333333333,2,5,8,9,0,4,4,2,0,1,0,0,0,1,0,-1,2,0,1
Data Science,3.54,1,1,0,1,1,1,0,1,0,0,0,3,3,5,1,4,6,16,0.35294117647058826,5,7,10,13,3,3,3,0,0,0,0,0,1,1,-1,0,2,-1,0
Data Science,2.66,0,1,1,0,0,1,0,1,0,1,1,2,3,3,2,5,6,15,0.375,1,4,6,10,1,4,4,4,0,0,0,0,0,0,1,-1,0,1,1
Cybersecurity,3.75,0,1,1,1,0,1,1,0,1,0,0,3,1,3,2,3,6,12,0.46153846153846156,2,7,9,11,1,5,6,2,0,1,0,0,0,1,1,-2,1,0,1
Data Science,2.61,0,1,1,1,1,0,0,1,1,1,1,4,2,5,2,2,8,15,0.5,3,6,7,13,3,6,6,4,0,0,1,0,0,0,2,-1,0,2,-1
Data Science,3.86,1,1,1,1,1,0,1,1,1,0,1,2,2,1,1,2,9,8,1.0,4,4,6,5,4,7,7,4,0,0,1,0,1,0,2,-1,0,2,-1
AI,3.28,1,0,0,1,0,1,1,0,0,1,1,4,1,3,2,5,6,15,0.375,3,8,10,11,3,9,2,5,1,1,0,1,0,1,-2,0,0,2,1
Cybersecurity,3.33,1,1,1,0,0,1,1,1,1,0,0,4,5,3,5,3,7,20,0.3333333333333333,2,6,9,16,2,4,7,3,0,0,0,0,0,0,2,-2,0,0,1
Data Science,3.1,1,1,0,1,1,1,0,0,0,0,0,4,5,4,4,2,5,19,0.25,5,8,11,16,3,3,3,-1,0,0,0,0,1,1,-1,0,2,-1,0
Data Science,3.68,0,0,0,1,0,1,0,1,0,1,0,3,3,4,5,3,4,18,0.21052631578947367,2,7,9,13,1,5,1,3,0,1,0,0,0,1,-2,0,1,0,1
Cybersecurity,3.59,1,0,1,1,0,0,0,0,1,0,0,5,2,2,4,5,4,18,0.21052631578947367,2,7,11,13,1,5,6,1,0,0,1,0,0,0,1,-1,1,0,0
Data Science,2.76,1,1,0,0,0,0,0,0,0,0,0,2,2,4,2,2,2,12,0.15384615384615385,1,2,6,9,1,3,5,1,0,0,1,0,0,0,1,-1,0,0,0
Computer Science,3.95,0,0,0,0,0,0,1,0,0,1,1,1,1,2,3,1,3,8,0.3333333333333333,0,1,2,4,2,7,2,6,0,0,0,1,0,0,0,0,-2,3,0
Software Engineering,3.51,0,1,1,1,1,0,0,0,0,0,1,2,3,5,1,4,5,15,0.3125,3,4,6,11,2,4,4,1,0,0,1,0,0,0,1,0,1,1,-1
Computer Science,3.63,0,1,0,0,0,0,1,0,1,1,0,2,2,2,3,4,4,13,0.2857142857142857,0,2,3,7,2,6,6,5,0,0,1,1,0,0,2,-2,-2,2,0
Cybersecurity,2.67,1,0,0,0,0,1,0,0,1,0,1,2,1,3,3,5,4,14,0.26666666666666666,2,4,8,8,1,3,4,1,0,0,0,0,0,0,0,-1,1,0,1
Data Science,3.5,1,0,0,0,1,0,1,0,0,1,0,3,2,5,3,4,4,17,0.2222222222222222,3,3,4,10,5,6,2,4,0,0,0,1,1,0,0,1,-2,2,-1
Data Science,3.03,1,1,0,0,1,0,0,1,0,0,0,2,2,4,1,5,4,14,0.26666666666666666,3,2,5,8,3,2,4,1,0,0,1,0,1,0,1,0,0,0,-1
Cybersecurity,2.62,1,1,0,0,1,0,0,0,1,0,0,5,2,3,3,4,4,17,0.2222222222222222,3,5,8,13,3,2,6,0,0,0,1,0,1,0,2,-1,0,0,-1
Cybersecurity,2.77,1,0,1,1,0,0,0,0,1,1,0,1,4,2,4,3,5,14,0.3333333333333333,2,3,6,6,2,7,6,3,0,0,1,0,0,0,1,-1,0,1,0
Computer Science,2.94,1,0,0,1,0,1,0,0,0,0,0,5,3,3,1,3,3,15,0.1875,3,9,13,16,1,4,2,0,0,1,0,0,0,1,-2,0,2,-1,1
Data Science,3.99,0,0,0,1,1,1,0,1,1,0,0,2,2,4,1,5,5,14,0.3333333333333333,4,6,8,10,2,2,2,0,0,0,0,0,0,1,-1,0,2,-1,0
Software Engineering,2.57,0,0,0,0,1,0,1,0,1,0,1,4,2,2,1,5,4,14,0.26666666666666666,2,4,5,11,3,4,3,3,0,0,1,0,0,0,1,0,-1,2,-1
Software Engineering,3.95,0,0,1,1,1,0,1,0,1,0,0,5,3,2,2,5,5,17,0.2777777777777778,3,7,8,14,3,5,4,2,0,0,1,0,0,0,1,0,0,1,-1
Data Science,3.28,1,0,0,1,0,1,1,0,0,0,0,3,3,4,5,2,4,17,0.2222222222222222,3,7,10,13,2,6,2,2,0,1,0,0,0,1,-2,0,1,0,1
Data Science,3.16,1,0,0,1,0,1,1,0,0,0,0,4,3,4,4,4,4,19,0.2,3,8,11,15,2,6,2,2,0,1,0,0,0,1,-2,0,1,0,1
AI,2.95,1,0,1,1,1,1,0,0,1,1,1,1,2,4,2,4,8,13,0.5714285714285714,5,5,7,6,4,6,4,2,0,0,0,0,1,1,0,0,1,1,0
Computer Science,2.6,0,0,1,1,1,0,0,0,1,0,1,4,2,2,5,2,5,15,0.3125,3,6,8,11,2,4,4,1,0,0,1,0,0,0,1,0,1,1,-1
Data Science,3.84,1,0,0,1,1,1,1,1,0,0,0,4,2,5,2,3,6,16,0.35294117647058826,5,8,10,14,4,5,1,2,0,0,0,0,1,1,-2,1,1,0,0
Data Science,3.17,1,1,0,1,0,1,0,0,0,0,0,5,2,4,5,4,4,20,0.19047619047619047,3,9,13,16,1,4,4,0,0,1,0,0,0,1,-1,-1,2,-1,1
Computer Science,3.28,1,1,0,1,1,1,1,0,0,1,1,3,1,4,2,3,8,13,0.5714285714285714,5,7,8,9,5,8,3,4,1,0,0,1,1,1,-1,0,0,2,0
AI,2.88,1,0,0,1,0,1,0,0,0,0,0,3,2,4,5,1,3,15,0.1875,3,7,11,12,1,4,2,0,0,1,0,0,0,1,-2,0,2,-1,1
AI,3.46,1,1,0,1,1,0,1,0,0,0,0,5,3,2,4,2,5,16,0.29411764705882354,4,7,9,13,4,6,4,2,0,0,1,0,1,0,0,0,0,1,-1
AI,3.1,1,0,0,0,0,0,1,1,0,1,0,3,3,4,3,4,4,17,0.2222222222222222,1,3,5,11,3,7,3,6,0,0,0,1,0,0,0,0,-2,2,0
Data Science,3.6,1,1,1,1,1,1,0,1,0,0,0,2,4,1,2,1,7,10,0.6363636363636364,5,6,9,8,3,3,4,0,0,0,0,0,1,1,0,0,2,-1,0
Computer Science,2.52,0,0,0,1,1,0,1,0,0,1,0,4,3,5,3,4,4,19,0.2,3,6,6,14,4,7,1,4,1,0,0,1,0,0,-1,1,-1,2,-1
Software Engineering,3.45,1,0,1,0,0,0,0,1,1,1,0,1,1,5,4,2,5,13,0.35714285714285715,1,1,4,6,2,5,6,4,0,0,1,0,0,0,2,-1,-1,1,0
Data Science,3.22,0,1,0,1,1,1,0,1,0,0,0,4,4,4,2,4,5,18,0.2631578947368421,4,8,10,16,2,2,2,0,0,0,0,0,0,1,-1,0,2,-1,0
Software Engineering,3.33,1,0,1,0,0,1,0,0,0,1,1,3,4,4,4,1,5,16,0.29411764705882354,2,5,8,13,2,5,3,3,0,0,0,0,0,0,0,0,0,1,1
Computer Science,3.83,1,1,1,1,0,1,0,1,0,0,1,5,1,4,5,3,7,18,0.3684210526315789,3,9,13,15,1,5,5,2,0,1,0,0,0,1,0,-1,2,0,1
AI,2.98,1,0,0,0,0,1,1,1,1,0,0,3,2,2,2,1,5,10,0.45454545454545453,2,5,8,10,2,4,4,3,0,0,0,0,0,0,0,-1,0,0,1
Computer Science,3.82,0,1,0,1,0,0,1,0,1,0,1,1,1,3,5,3,5,13,0.35714285714285715,1,3,5,6,1,7,6,4,0,0,1,0,0,0,1,-2,0,2,0
Computer Science,3.7,0,1,0,0,1,0,0,1,1,0,0,2,4,4,5,5,4,20,0.19047619047619047,2,2,4,11,2,1,5,1,0,0,1,0,0,0,2,-1,0,0,-1
Software Engineering,2.72,0,1,0,0,1,0,1,1,0,1,1,1,1,4,2,1,6,9,0.6,2,1,1,5,4,6,3,6,0,0,1,1,0,0,1,0,-2,3,-1
Cybersecurity,3.61,0,1,1,1,0,1,0,0,0,1,1,1,1,3,4,2,6,11,0.5,2,5,7,6,1,6,4,3,0,1,0,0,0,1,0,-1,1,1,1
Data Science,3.24,1,0,0,1,1,1,1,0,0,0,0,5,3,2,2,2,5,14,0.3333333333333333,5,9,11,14,4,5,1,1,0,0,0,0,1,1,-2,1,1,0,0
Computer Science,3.11,1,0,0,0,0,0,1,0,0,1,0,2,3,3,3,5,3,16,0.17647058823529413,1,2,4,8,3,7,3,5,0,0,0,1,0,0,0,0,-2,2,0
AI,2.52,0,1,0,1,0,1,0,1,0,0,0,2,4,3,1,5,4,15,0.25,2,6,9,12,0,3,3,1,0,1,0,0,0,1,-1,-1,2,-1,1
Cybersecurity,3.98,1,0,0,1,0,1,0,1,0,0,1,2,5,3,4,5,5,19,0.25,3,6,10,12,1,5,2,2,0,1,0,0,0,1,-2,0,2,0,1
Computer Science,2.59,1,0,0,1,0,1,0,0,1,0,0,4,5,4,5,4,4,22,0.17391304347826086,3,8,12,17,1,4,4,0,0,1,0,0,0,1,-1,-1,2,-1,1
Data Science,3.77,1,0,0,1,1,1,1,0,0,0,0,2,1,3,3,1,5,10,0.45454545454545453,5,6,8,7,4,5,1,1,0,0,0,0,1,1,-2,1,1,0,0
Computer Science,3.39,1,0,1,1,0,1,0,0,0,0,1,3,4,5,3,3,5,18,0.2631578947368421,3,7,11,15,1,5,3,1,0,1,0,0,0,1,-1,0,2,0,1
Cybersecurity,3.05,1,0,1,1,1,0,0,0,1,1,0,5,2,2,4,4,6,17,0.3333333333333333,4,7,9,11,4,6,5,2,0,0,1,0,1,0,1,0,0,1,-1
Data Science,3.24,0,0,0,1,1,1,0,0,1,0,0,4,1,3,2,3,4,13,0.2857142857142857,4,8,10,12,2,2,2,-1,0,0,0,0,0,1,-1,0,2,-1,0
Data Science,3.84,0,0,1,0,0,1,0,1,1,1,1,3,2,4,2,1,6,12,0.46153846153846156,1,5,7,12,1,4,4,4,0,0,0,0,0,0,1,-1,0,1,1
Software Engineering,3.51,1,0,0,0,0,0,0,1,0,1,0,2,1,4,5,5,3,17,0.16666666666666666,1,2,5,7,2,5,3,4,0,0,0,0,0,0,0,0,-1,1,0
Data Science,3.27,1,1,0,0,0,1,0,0,0,0,0,3,3,1,4,3,3,14,0.2,2,5,9,10,1,2,4,0,0,0,0,0,0,0,0,-1,1,-1,1
Data Science,3.43,0,1,0,1,1,0,0,1,1,1,1,5,5,2,3,2,7,17,0.3888888888888889,3,7,8,15,3,6,5,4,0,0,1,0,0,0,1,-1,0,2,-1
Data Science,2.81,0,1,0,1,1,1,1,0,1,0,0,1,2,1,5,2,6,11,0.5,4,5,6,5,3,4,4,1,0,0,0,0,0,1,0,-1,1,0,0
Software Engineering,3.94,1,0,0,1,0,1,1,0,0,0,1,5,2,3,2,1,5,13,0.35714285714285715,3,9,12,15,2,7,2,3,0,1,0,0,0,1,-2,0,1,1,1
Computer Science,3.07,1,1,0,1,0,1,1,0,0,1,0,4,1,4,4,5,6,18,0.3157894736842105,3,8,10,12,3,8,4,4,1,1,0,1,0,1,-1,-1,0,1,1
Cybersecurity,2.69,1,0,0,0,1,0,0,1,0,1,0,3,4,3,1,3,4,14,0.26666666666666666,3,3,5,10,4,4,2,3,0,0,0,0,1,0,0,1,-1,1,-1
Data Science,3.52,1,0,0,1,0,1,1,0,0,0,0,3,2,2,4,1,4,12,0.3076923076923077,3,7,10,10,2,6,2,2,0,1,0,0,0,1,-2,0,1,0,1
Cybersecurity,2.76,0,0,1,0,1,0,1,1,0,1,0,3,3,5,3,5,5,19,0.25,2,3,3,12,4,5,2,5,0,0,0,1,0,0,1,1,-2,2,-1
AI,3.42,0,0,0,1,0,1,1,0,0,0,1,1,4,1,1,3,4,10,0.36363636363636365,2,5,7,8,1,6,1,3,0,1,0,0,0,1,-2,0,1,1,1
Computer Science,3.04,0,1,0,1,0,1,1,1,1,0,1,2,4,4,3,5,7,18,0.3684210526315789,2,6,8,13,1,6,5,4,0,1,0,0,0,1,0,-2,1,1,1
Cybersecurity,3.13,0,1,1,1,1,0,0,0,0,0,1,2,2,4,1,1,5,10,0.45454545454545453,3,4,6,9,2,4,4,1,0,0,1,0,0,0,1,0,1,1,-1
AI,3.39,1,0,1,0,1,1,0,0,0,1,0,5,2,5,3,2,5,17,0.2777777777777778,4,7,9,15,4,3,2,1,0,0,0,0,1,0,0,1,0,0,0
Software Engineering,2.63,0,0,0,1,1,1,0,1,0,0,0,1,5,2,4,2,4,14,0.26666666666666666,4,5,7,9,2,2,0,0,0,0,0,0,0,1,-2,1,2,-1,0
Computer Science,3.2,1,0,0,0,0,0,0,0,1,0,0,3,3,3,3,2,2,14,0.13333333333333333,1,3,7,11,1,3,5,1,0,0,1,0,0,0,1,-1,0,0,0
Data Science,3.42,1,1,0,1,1,0,0,1,0,1,0,4,3,5,4,3,6,19,0.3,4,6,8,13,4,6,4,3,0,0,1,0,1,0,0,0,0,1,-1
AI,3.23,0,0,1,0,0,0,0,0,1,1,0,2,2,2,5,5,3,16,0.17647058823529413,0,2,4,7,1,4,5,3,0,0,1,0,0,0,2,-1,-1,1,0
Cybersecurity,3.07,1,0,0,1,1,1,0,0,0,0,0,3,2,5,4,3,4,17,0.2222222222222222,5,7,10,12,3,3,1,-1,0,0,0,0,1,1,-2,1,2,-1,0
Software Engineering,3.89,1,0,1,1,1,1,1,1,1,1,1,2,2,5,2,4,10,15,0.625,5,6,7,9,5,8,4,5,1,0,0,1,1,1,0,0,0,2,0
Cybersecurity,3.86,0,1,0,1,1,0,1,1,1,0,1,2,1,3,1,2,7,9,0.7,3,4,5,7,3,6,5,4,0,0,1,0,0,0,1,-1,0,2,-1
Software Engineering,3.29,1,0,1,1,0,1,0,0,0,1,0,5,2,5,5,5,5,22,0.21739130434782608,3,9,12,16,2,6,3,2,0,1,0,0,0,1,-1,0,1,0,1
Computer Science,3.98,0,1,0,0,0,0,1,0,0,1,0,1,1,2,1,4,3,9,0.3,0,1,2,4,2,6,4,5,0,0,1,1,0,0,1,-1,-2,2,0
Cybersecurity,3.99,0,1,1,1,1,0,1,0,1,0,1,1,3,5,2,4,7,15,0.4375,3,3,4,9,3,6,6,3,0,0,1,0,0,0,2,-1,0,2,-1
Computer Science,2.93,1,1,0,1,1,0,1,1,0,1,0,4,1,5,2,4,7,16,0.4117647058823529,4,6,7,11,5,8,4,5,1,0,1,1,1,0,0,0,-1,2,-1
Software Engineering,2.81,0,0,1,0,0,0,1,1,1,1,0,5,5,3,4,2,5,19,0.25,0,5,6,17,2,6,5,6,0,0,1,1,0,0,2,-1,-2,2,0
Data Science,3.37,0,0,0,1,0,1,1,0,0,0,0,5,2,4,3,2,3,16,0.17647058823529413,2,9,11,17,1,5,1,2,0,1,0,0,0,1,-2,0,1,0,1
AI,3.01,1,1,0,1,0,1,1,0,0,0,0,5,4,3,4,3,5,19,0.25,3,9,12,17,2,6,4,2,0,1,0,0,0,1,-1,-1,1,0,1
Software Engineering,3.08,1,0,1,1,0,1,1,0,1,0,1,2,5,4,1,3,7,15,0.4375,3,6,9,13,2,7,5,3,0,1,0,0,0,1,0,-1,1,1,1
Software Engineering,3.19,1,1,1,0,0,0,0,0,1,1,0,4,2,4,2,2,5,14,0.3333333333333333,1,4,7,12,2,5,8,3,0,0,1,0,0,0,3,-2,-1,1,0
AI,2.74,1,1,0,0,0,1,0,1,0,0,0,2,2,3,1,5,4,13,0.2857142857142857,2,4,8,9,1,2,4,1,0,0,0,0,0,0,0,-1,1,-1,1
Computer Science,3.12,1,0,1,0,1,1,1,1,1,1,0,4,3,4,5,3,8,19,0.4,4,6,7,13,5,5,4,4,0,0,0,1,1,0,1,0,-1,1,0
AI,2.59,1,1,1,1,1,0,1,1,0,0,0,3,2,1,1,4,7,11,0.5833333333333334,4,5,7,7,4,6,5,3,0,0,1,0,1,0,1,0,0,1,-1
Data Science,3.57,0,1,0,1,1,1,1,0,0,0,0,1,2,5,4,3,5,15,0.3125,4,5,6,9,3,4,2,1,0,0,0,0,0,1,-1,0,1,0,0
Software Engineering,2.51,0,0,1,1,0,0,1,1,0,1,1,4,1,4,3,4,6,16,0.35294117647058826,1,6,7,12,2,9,3,7,1,0,0,1,0,0,0,0,-1,3,0
Software Engineering,3.52,0,1,0,1,0,0,1,1,1,0,1,4,3,4,1,4,6,16,0.35294117647058826,1,6,8,15,1,7,6,5,0,0,1,0,0,0,1,-2,0,2,0
Software Engineering,3.28,1,1,1,1,0,0,1,1,0,0,0,2,3,4,5,5,6,19,0.3,2,4,7,10,2,7,6,4,0,0,1,0,0,0,1,-1,0,1,0
Computer Science,3.6,0,1,1,0,0,0,1,0,0,1,1,3,1,4,2,5,5,15,0.3125,0,3,4,10,2,7,5,6,0,0,1,1,0,0,2,-1,-2,3,0
Software Engineering,2.66,0,1,1,1,1,0,1,0,1,0,0,5,5,3,3,1,6,17,0.3333333333333333,3,7,8,17,3,5,6,2,0,0,1,0,0,0,2,-1,0,1,-1
Cybersecurity,3.73,1,1,0,1,1,0,0,0,0,1,1,1,4,3,5,3,6,16,0.35294117647058826,4,3,5,6,4,7,4,3,0,0,1,0,1,0,0,0,0,2,-1
Software Engineering,3.31,1,0,0,0,1,0,1,0,0,0,1,3,2,5,5,4,4,19,0.2,3,3,5,11,4,5,2,3,0,0,0,0,1,0,0,1,-1,2,-1
Cybersecurity,3.93,1,0,0,1,0,0,1,0,0,1,1,3,1,5,3,1,5,13,0.35714285714285715,2,5,7,10,3,10,3,6,1,0,0,1,0,0,-1,0,-1,3,0
Data Science,3.81,1,1,1,1,1,0,1,1,0,0,1,5,2,1,3,2,8,13,0.5714285714285714,4,7,9,11,4,7,5,4,0,0,1,0,1,0,1,0,0,2,-1
Data Science,3.31,1,0,0,0,0,1,1,0,0,0,0,4,2,4,3,5,3,18,0.15789473684210525,2,6,9,14,2,4,2,2,0,0,0,0,0,0,-1,0,0,0,1
Computer Science,3.86,1,0,0,1,0,1,1,0,0,1,1,5,1,3,3,4,6,16,0.35294117647058826,3,9,11,13,3,9,2,5,1,1,0,1,0,1,-2,0,0,2,1
AI,2.57,1,0,0,1,1,0,1,0,1,0,1,2,5,4,1,3,6,15,0.375,4,4,6,11,4,7,4,3,0,0,1,0,1,0,0,0,0,2,-1
Computer Science,2.74,0,0,1,0,1,1,0,0,0,0,1,2,2,3,4,3,4,14,0.26666666666666666,3,4,6,9,2,1,1,0,0,0,0,0,0,0,0,1,1,0,0
AI,3.42,1,0,0,1,1,0,1,1,1,0,0,1,5,3,2,2,6,13,0.42857142857142855,4,3,5,8,4,6,4,3,0,0,1,0,1,0,0,0,0,1,-1
AI,3.43,1,0,0,0,1,0,1,1,0,0,0,3,3,5,3,3,4,17,0.2222222222222222,3,3,5,12,4,4,2,3,0,0,0,0,1,0,0,1,-1,1,-1
Computer Science,3.54,0,0,0,1,1,1,0,0,1,0,0,5,2,5,4,4,4,20,0.19047619047619047,4,9,11,17,2,2,2,-1,0,0,0,0,0,1,-1,0,2,-1,0
Software Engineering,3.59,1,1,0,0,1,1,1,1,0,0,1,4,1,5,5,1,7,16,0.4117647058823529,4,6,8,13,4,4,3,3,0,0,0,0,1,0,0,0,0,1,0
Computer Science,2.98,1,1,1,1,0,1,1,0,0,1,0,3,4,5,2,5,7,19,0.35,3,7,9,14,3,8,5,4,1,1,0,1,0,1,0,-1,0,1,1
AI,3.17,1,0,0,0,1,1,1,0,0,1,1,2,2,5,2,3,6,14,0.4,4,4,5,9,5,6,1,4,0,0,0,1,1,0,-1,1,-1,2,0
Cybersecurity,2.65,1,0,0,0,0,1,1,0,0,0,1,1,3,4,1,2,4,11,0.3333333333333333,2,3,6,9,2,5,2,3,0,0,0,0,0,0,-1,0,0,1,1
Computer Science,3.31,1,1,0,1,1,1,0,0,0,0,0,4,3,4,5,3,5,19,0.25,5,8,11,14,3,3,3,-1,0,0,0,0,1,1,-1,0,2,-1,0
Cybersecurity,3.0,1,0,1,0,0,1,1,0,0,0,0,3,1,2,4,4,4,14,0.26666666666666666,2,5,8,9,2,4,3,2,0,0,0,0,0,0,0,0,0,0,1
Data Science,3.8,0,1,1,1,1,0,0,0,0,1,1,2,5,3,2,5,6,17,0.3333333333333333,3,4,5,10,3,6,4,3,0,0,1,0,0,0,1,0,0,2,-1
AI,3.4,1,1,0,1,1,1,0,0,0,0,0,3,2,5,2,3,5,15,0.3125,5,7,10,12,3,3,3,-1,0,0,0,0,1,1,-1,0,2,-1,0
Data Science,2.93,0,0,1,0,0,1,0,0,0,0,0,5,1,1,1,3,2,11,0.16666666666666666,1,7,10,13,0,1,2,0,0,0,0,0,0,0,0,0,1,-1,1
Computer Science,3.33,1,1,0,1,0,1,1,0,0,0,0,4,1,4,4,4,5,17,0.2777777777777778,3,8,11,13,2,6,4,2,0,1,0,0,0,1,-1,-1,1,0,1
Computer Science,2.73,0,0,1,0,0,0,1,1,1,1,1,3,1,4,4,3,6,15,0.375,0,3,4,10,2,7,5,7,0,0,1,1,0,0,2,-1,-2,3,0
AI,2.99,0,0,0,1,0,0,0,0,0,0,0,3,2,3,4,1,1,13,0.07142857142857142,1,5,8,11,0,4,2,1,0,0,0,0,0,0,-1,0,1,0,0
Data Science,3.69,0,1,0,0,0,1,0,1,0,1,0,5,1,1,5,5,4,17,0.2222222222222222,1,7,9,12,1,3,3,3,0,0,0,0,0,0,0,-1,0,0,1
Cybersecurity,2.53,1,1,0,1,1,1,0,0,0,0,0,2,5,4,5,1,5,17,0.2777777777777778,5,6,9,12,3,3,3,-1,0,0,0,0,1,1,-1,0,2,-1,0
Data Science,3.78,1,0,0,0,1,1,1,0,0,0,0,1,3,4,1,4,4,13,0.2857142857142857,4,3,5,8,4,3,1,1,0,0,0,0,1,0,-1,1,0,0,0
Cybersecurity,3.36,1,0,1,0,0,0,1,0,0,1,0,2,3,4,4,5,4,18,0.21052631578947367,1,2,4,9,3,7,4,5,0,0,0,1,0,0,1,0,-2,2,0
Software Engineering,3.25,1,0,1,0,0,1,1,0,0,1,0,4,1,2,3,3,5,13,0.35714285714285715,2,6,8,10,3,6,3,4,0,0,0,1,0,0,0,0,-1,1,1
Computer Science,3.56,0,0,1,0,0,0,1,0,1,1,0,5,4,4,4,2,4,19,0.2,0,5,6,17,2,6,5,5,0,0,1,1,0,0,2,-1,-2,2,0
Data Science,3.17,1,0,1,1,0,0,0,0,1,1,0,3,2,3,4,4,5,16,0.29411764705882354,2,5,8,9,2,7,6,3,0,0,1,0,0,0,1,-1,0,1,0
AI,2.72,1,1,1,0,0,1,1,0,0,0,1,3,4,2,2,3,6,14,0.4,2,5,8,12,2,5,5,3,0,0,0,0,0,0,1,-1,0,1,1
Data Science,3.35,0,1,0,1,0,0,1,0,1,1,1,1,1,3,5,4,6,14,0.4,1,3,4,5,2,9,6,6,1,0,1,1,0,0,1,-2,-1,3,0
Data Science,3.17,0,1,1,1,1,0,1,0,1,0,0,1,1,1,4,1,6,8,0.6666666666666666,3,3,4,3,3,5,6,2,0,0,1,0,0,0,2,-1,0,1,-1
Computer Science,3.26,1,1,0,0,0,1,0,0,1,1,1,1,3,4,3,5,6,16,0.35294117647058826,2,3,6,8,2,5,6,3,0,0,0,0,0,0,1,-2,0,1,1
AI,2.82,1,0,0,1,1,1,1,0,0,1,1,1,3,1,5,1,7,11,0.5833333333333334,5,5,6,4,5,8,1,4,1,0,0,1,1,1,-2,1,0,2,0
Data Science,3.13,1,1,0,1,1,0,1,0,0,1,0,2,2,4,3,2,6,13,0.42857142857142855,4,4,5,7,5,8,4,4,1,0,1,1,1,0,0,0,-1,2,-1
Cybersecurity,3.13,1,1,1,0,1,0,1,0,1,0,0,3,3,1,3,4,6,14,0.4,3,3,5,8,4,4,7,2,0,0,1,0,1,0,3,-1,-1,1,-1
Software Engineering,2.67,1,1,0,1,0,0,1,0,0,1,0,1,2,5,4,4,5,16,0.29411764705882354,2,3,5,7,3,9,5,5,1,0,1,1,0,0,0,-1,-1,2,0
Software Engineering,3.8,1,0,1,0,0,1,0,1,0,0,0,2,2,2,2,5,4,13,0.2857142857142857,2,4,8,8,1,2,3,1,0,0,0,0,0,0,0,0,1,-1,1
Data Science,3.61,1,0,1,0,1,1,1,0,0,0,0,4,2,5,5,3,5,19,0.25,4,6,8,14,4,3,2,1,0,0,0,0,1,0,0,1,0,0,0
AI,2.93,0,1,0,0,0,0,0,0,1,1,0,4,2,4,3,2,3,15,0.1875,0,4,6,13,1,4,6,3,0,0,1,0,0,0,2,-2,-1,1,0
Data Science,3.02,0,0,0,0,0,1,1,1,0,0,0,2,1,5,5,4,3,17,0.16666666666666666,1,4,6,11,1,3,1,3,0,0,0,0,0,0,-1,0,0,0,1
AI,3.8,1,1,0,0,0,0,0,1,1,0,1,5,2,1,5,3,5,16,0.29411764705882354,1,5,9,12,1,4,7,3,0,0,1,0,0,0,2,-2,0,1,0
Data Science,3.89,1,0,0,1,1,1,0,1,0,1,0,2,2,5,4,3,6,16,0.35294117647058826,5,6,8,9,4,5,1,2,0,0,0,0,1,1,-2,1,1,0,0
Software Engineering,2.53,1,0,0,1,1,0,0,0,1,0,0,4,4,1,5,4,4,18,0.21052631578947367,4,6,9,11,3,4,4,0,0,0,1,0,1,0,0,0,1,0,-1
Data Science,3.18,0,1,0,0,1,0,1,1,0,0,1,1,1,4,1,1,5,8,0.5555555555555556,2,1,2,6,3,4,3,4,0,0,1,0,0,0,1,0,-1,2,-1
Data Science,3.41,1,0,1,0,0,1,0,1,0,0,1,1,5,2,1,4,5,13,0.35714285714285715,2,3,7,9,1,3,3,2,0,0,0,0,0,0,0,0,1,0,1
Software Engineering,3.62,0,0,0,1,1,1,0,0,1,0,0,5,3,4,2,4,4,18,0.21052631578947367,4,9,11,17,2,2,2,-1,0,0,0,0,0,1,-1,0,2,-1,0
Data Science,2.83,0,1,0,0,1,1,1,0,0,1,1,4,3,4,1,4,6,16,0.35294117647058826,3,6,6,14,4,5,2,4,0,0,0,1,0,0,0,0,-1,2,0
Cybersecurity,3.97,1,1,0,1,0,0,0,1,0,1,1,4,3,4,2,5,6,18,0.3157894736842105,2,6,9,13,2,8,5,5,0,0,1,0,0,0,0,-1,0,2,0
Data Science,2.5,0,1,0,0,0,1,0,1,0,1,0,2,3,3,4,4,4,16,0.23529411764705882,1,4,6,10,1,3,3,3,0,0,0,0,0,0,0,-1,0,0,1
Cybersecurity,2.86,1,0,0,1,0,1,1,0,0,1,0,2,3,5,2,4,5,16,0.29411764705882354,3,6,8,11,3,8,2,4,1,1,0,1,0,1,-2,0,0,1,1
Computer Science,2.61,1,1,1,1,0,1,1,1,1,1,1,4,2,2,5,4,10,17,0.5555555555555556,3,8,10,11,3,9,7,6,1,1,0,1,0,1,1,-2,0,2,1
Software Engineering,3.57,0,0,0,1,0,1,1,1,0,1,0,2,2,5,4,3,5,16,0.29411764705882354,2,6,7,11,2,7,1,5,1,1,0,1,0,1,-2,0,0,1,1
Data Science,3.41,1,0,0,1,0,0,0,0,0,1,0,3,2,3,3,5,3,16,0.17647058823529413,2,5,8,9,2,7,3,3,0,0,0,0,0,0,-1,0,0,1,0
Cybersecurity,2.8,1,0,1,1,1,1,0,0,1,0,1,1,5,4,3,2,7,15,0.4375,5,5,8,10,3,4,4,0,0,0,0,0,1,1,0,0,2,0,0
Data Science,3.26,0,1,0,1,1,1,1,0,0,0,0,2,3,4,5,3,5,17,0.2777777777777778,4,6,7,11,3,4,2,1,0,0,0,0,0,1,-1,0,1,0,0
Computer Science,3.07,0,0,0,1,0,0,1,1,0,0,0,4,4,5,4,3,3,20,0.14285714285714285,1,6,8,17,1,6,2,4,0,0,0,0,0,0,-1,0,0,1,0
Software Engineering,3.81,0,1,1,1,0,1,0,0,1,1,0,2,1,1,2,1,6,7,0.75,2,6,8,6,1,5,6,2,0,1,0,0,0,1,1,-2,1,0,1
Cybersecurity,2.76,0,1,1,1,1,1,1,1,1,0,1,5,2,3,4,3,9,17,0.5,4,9,10,15,3,5,5,3,0,0,0,0,0,1,1,-1,1,1,0
Computer Science,3.43,1,0,0,1,1,1,1,0,0,1,1,3,2,5,4,5,7,19,0.35,5,7,8,11,5,8,1,4,1,0,0,1,1,1,-2,1,0,2,0
Computer Science,3.97,1,1,0,0,0,0,1,0,0,0,1,5,5,1,1,1,4,13,0.2857142857142857,1,5,8,15,2,6,5,4,0,0,1,0,0,0,1,-1,-1,2,0
Computer Science,3.11,1,1,1,0,0,0,0,0,1,0,1,3,2,5,1,2,5,13,0.35714285714285715,1,3,7,12,1,4,8,2,0,0,1,0,0,0,3,-2,0,1,0
Data Science,2.57,0,0,1,1,1,0,1,1,0,1,1,4,4,4,5,5,7,22,0.30434782608695654,3,6,6,14,4,8,2,6,1,0,0,1,0,0,0,1,-1,3,-1
Cybersecurity,3.14,1,0,1,1,0,1,0,0,1,0,0,4,3,2,5,4,5,18,0.2631578947368421,3,8,12,13,1,4,5,0,0,1,0,0,0,1,0,-1,2,-1,1
Computer Science,2.9,1,0,0,0,0,1,1,1,0,1,1,4,4,3,1,5,6,17,0.3333333333333333,2,6,8,14,3,7,2,6,0,0,0,1,0,0,-1,0,-1,2,1
Cybersecurity,3.12,0,0,0,1,0,1,1,0,0,0,1,4,3,5,1,1,4,14,0.26666666666666666,2,8,10,17,1,6,1,3,0,1,0,0,0,1,-2,0,1,1,1
Data Science,3.8,0,1,1,0,0,1,1,0,0,0,0,3,3,5,5,2,4,18,0.21052631578947367,1,5,7,15,1,3,4,2,0,0,0,0,0,0,1,-1,0,0,1
Data Science,3.97,1,0,1,0,0,1,1,0,0,0,1,4,5,5,4,3,5,21,0.22727272727272727,2,6,9,18,2,5,3,3,0,0,0,0,0,0,0,0,0,1,1
Data Science,4.0,1,0,0,1,1,0,0,0,0,0,0,5,4,5,5,4,3,23,0.125,4,7,10,17,3,4,2,0,0,0,0,0,1,0,-1,1,1,0,-1
Data Science,3.68,1,0,0,0,1,1,0,0,0,1,0,4,3,5,2,3,4,17,0.2222222222222222,4,6,8,14,4,3,1,1,0,0,0,0,1,0,-1,1,0,0,0
AI,2.7,1,1,1,1,0,1,1,0,0,1,0,1,1,5,3,3,7,13,0.5,3,5,7,7,3,8,5,4,1,1,0,1,0,1,0,-1,0,1,1
Data Science,3.54,0,0,1,1,1,0,0,0,1,0,0,3,1,5,3,5,4,17,0.2222222222222222,3,5,7,11,2,3,4,0,0,0,1,0,0,0,1,0,1,0,-1
Software Engineering,3.46,0,0,1,0,0,0,0,1,0,0,0,5,3,3,1,2,2,14,0.13333333333333333,0,5,8,16,0,2,3,2,0,0,0,0,0,0,1,0,0,0,0
Cybersecurity,3.34,0,0,0,0,1,1,1,1,1,1,1,4,1,5,3,5,7,18,0.3684210526315789,3,6,6,13,4,5,2,5,0,0,0,1,0,0,0,0,-1,2,0
Software Engineering,3.23,1,0,0,1,0,0,1,0,0,0,0,3,4,3,1,5,3,16,0.17647058823529413,2,5,8,12,2,7,3,3,0,0,0,0,0,0,-1,0,0,1,0
Computer Science,3.66,1,0,0,1,1,1,0,0,0,0,0,3,3,5,5,4,4,20,0.19047619047619047,5,7,10,13,3,3,1,-1,0,0,0,0,1,1,-2,1,2,-1,0
Data Science,3.7,1,1,0,1,0,0,0,0,0,0,1,1,5,3,4,5,4,18,0.21052631578947367,2,3,7,9,1,6,5,2,0,0,1,0,0,0,0,-1,1,1,0
Software Engineering,3.64,0,0,1,1,0,1,0,1,0,0,0,4,4,2,5,1,4,16,0.23529411764705882,2,8,11,15,0,3,2,1,0,1,0,0,0,1,-1,0,2,-1,1
Cybersecurity,3.8,0,1,1,1,0,1,0,1,1,1,1,4,2,5,2,4,8,17,0.4444444444444444,2,8,10,15,1,6,6,4,0,1,0,0,0,1,1,-2,1,1,1
Data Science,3.69,1,0,0,1,1,1,0,0,0,0,0,5,1,4,4,2,4,16,0.23529411764705882,5,9,12,14,3,3,1,-1,0,0,0,0,1,1,-2,1,2,-1,0
Data Science,3.32,1,0,0,1,1,1,1,0,0,0,0,4,4,4,3,3,5,18,0.2631578947368421,5,8,10,15,4,5,1,1,0,0,0,0,1,1,-2,1,1,0,0
Cybersecurity,2.86,1,1,0,0,0,1,1,1,0,0,0,3,2,2,3,5,5,15,0.3125,2,5,8,10,2,4,4,3,0,0,0,0,0,0,0,-1,0,0,1
Computer Science,3.86,1,1,0,1,1,0,0,0,1,1,0,3,4,1,1,1,6,10,0.5454545454545454,4,5,7,8,4,6,6,2,0,0,1,0,1,0,1,-1,0,1,-1
Cybersecurity,2.77,1,1,0,1,0,0,1,0,0,1,0,4,3,4,3,4,5,18,0.2631578947368421,2,6,8,13,3,9,5,5,1,0,1,1,0,0,0,-1,-1,2,0
Data Science,2.94,1,1,0,1,1,0,0,0,1,1,1,5,2,2,3,2,7,14,0.4666666666666667,4,7,9,11,4,7,6,3,0,0,1,0,1,0,1,-1,0,2,-1
Computer Science,2.81,1,1,0,1,0,1,1,0,1,1,1,3,1,4,2,4,8,14,0.5333333333333333,3,7,9,10,3,9,6,5,1,1,0,1,0,1,0,-2,0,2,1
Cybersecurity,2.54,1,1,0,0,1,0,0,1,1,1,0,5,1,1,4,3,6,14,0.4,3,5,7,9,4,4,6,3,0,0,1,0,1,0,2,-1,-1,1,-1
AI,2.91,0,0,0,0,0,0,1,1,1,0,1,1,4,3,3,3,4,14,0.26666666666666666,0,1,3,9,1,5,4,5,0,0,1,0,0,0,1,-1,-1,2,0
Computer Science,3.16,1,0,1,1,0,0,1,1,1,0,1,3,1,5,3,3,7,15,0.4375,2,5,8,11,2,8,6,5,0,0,1,0,0,0,1,-1,0,2,0
Cybersecurity,3.97,0,1,1,0,1,1,1,0,0,0,1,5,5,1,3,5,6,19,0.3,3,7,8,16,3,3,3,2,0,0,0,0,0,0,1,0,0,1,0
Software Engineering,3.29,1,1,1,1,0,0,1,0,0,1,1,2,3,5,2,4,7,16,0.4117647058823529,2,4,6,10,3,10,6,6,1,0,1,1,0,0,1,-1,-1,3,0
Cybersecurity,2.57,1,0,1,0,1,0,1,1,1,0,1,5,5,5,2,2,7,19,0.35,3,5,7,18,4,5,5,4,0,0,1,0,1,0,2,0,-1,2,-1
Data Science,3.36,1,0,0,1,0,1,0,0,0,0,0,4,2,4,3,3,3,16,0.17647058823529413,3,8,12,14,1,4,2,0,0,1,0,0,0,1,-2,0,2,-1,1
Data Science,3.53,1,0,0,1,1,1,0,0,0,0,0,3,2,4,3,2,4,14,0.26666666666666666,5,7,10,11,3,3,1,-1,0,0,0,0,1,1,-2,1,2,-1,0
Data Science,3.74,1,0,0,1,1,1,1,0,0,0,0,4,2,5,3,4,5,18,0.2631578947368421,5,8,10,14,4,5,1,1,0,0,0,0,1,1,-2,1,1,0,0
AI,2.99,1,0,0,1,0,1,0,0,1,0,1,4,1,4,1,2,5,12,0.38461538461538464,3,8,12,13,1,5,4,1,0,1,0,0,0,1,-1,-1,2,0,1
Software Engineering,3.69,1,0,1,0,1,0,1,0,1,1,0,3,4,1,5,4,6,17,0.3333333333333333,3,3,4,8,5,6,5,4,0,0,1,1,1,0,2,0,-2,2,-1
Computer Science,3.17,0,1,0,1,1,0,0,0,1,0,0,4,1,3,4,3,4,15,0.25,3,6,8,11,2,3,5,0,0,0,1,0,0,0,1,-1,1,0,-1
Software Engineering,3.48,1,0,1,1,1,1,0,0,1,0,0,3,2,3,4,4,6,16,0.35294117647058826,5,7,10,10,3,3,4,-1,0,0,0,0,1,1,0,0,2,-1,0
Computer Science,3.71,0,0,1,1,0,0,1,1,1,1,1,2,3,3,2,3,7,13,0.5,1,4,5,9,2,9,5,7,1,0,1,1,0,0,1,-1,-1,3,0
Cybersecurity,3.6,1,0,0,1,1,0,1,0,0,1,1,3,1,3,3,5,6,15,0.375,4,5,6,7,5,9,2,5,1,0,0,1,1,0,-1,1,-1,3,-1
Data Science,3.91,1,0,1,1,0,1,1,1,1,1,1,1,4,5,1,5,9,16,0.5294117647058824,3,5,7,10,3,9,5,6,1,1,0,1,0,1,0,-1,0,2,1
Cybersecurity,2.93,1,0,1,1,0,0,0,1,0,0,0,2,2,4,4,2,4,14,0.26666666666666666,2,4,8,9,1,5,4,2,0,0,0,0,0,0,0,0,1,0,0
AI,3.24,1,1,0,1,0,0,1,1,1,1,1,5,4,3,3,5,8,20,0.38095238095238093,2,7,9,15,3,10,7,7,1,0,1,1,0,0,1,-2,-1,3,0
Computer Science,2.87,0,1,0,1,1,0,0,1,0,0,0,2,4,4,2,5,4,17,0.2222222222222222,3,4,6,11,2,3,3,1,0,0,1,0,0,0,0,0,1,0,-1
Computer Science,3.41,1,0,1,1,1,0,1,0,0,1,1,4,2,5,2,5,7,18,0.3684210526315789,4,6,7,12,5,9,3,5,1,0,0,1,1,0,0,1,-1,3,-1
AI,2.69,1,1,0,1,1,1,1,1,0,1,0,5,2,4,1,5,8,17,0.4444444444444444,5,9,10,14,5,7,3,4,1,0,0,1,1,1,-1,0,0,1,0
Cybersecurity,3.1,0,0,1,1,0,1,0,0,0,0,0,4,2,2,5,3,3,16,0.17647058823529413,2,8,11,13,0,3,2,0,0,1,0,0,0,1,-1,0,2,-1,1
AI,3.27,1,1,0,1,1,0,1,0,0,1,1,5,5,2,2,5,7,19,0.35,4,7,8,14,5,9,4,5,1,0,1,1,1,0,0,0,-1,3,-1
Cybersecurity,2.68,1,0,1,0,1,1,0,1,0,1,1,4,1,5,4,1,7,15,0.4375,4,6,8,12,4,4,2,3,0,0,0,0,1,0,0,1,0,1,0
Software Engineering,3.41,1,1,0,1,0,1,0,0,1,0,1,4,3,5,3,5,6,20,0.2857142857142857,3,8,12,16,1,5,6,1,0,1,0,0,0,1,0,-2,2,0,1
Data Science,3.73,1,1,1,1,1,0,0,0,1,1,1,2,5,2,3,1,8,13,0.5714285714285714,4,4,6,8,4,7,7,3,0,0,1,0,1,0,2,-1,0,2,-1
Software Engineering,3.12,1,1,0,0,1,0,1,0,0,0,1,5,2,3,5,3,5,18,0.2631578947368421,3,5,7,13,4,5,4,3,0,0,1,0,1,0,1,0,-1,2,-1
Cybersecurity,3.65,1,0,1,1,0,0,1,0,0,1,1,4,3,5,2,4,6,18,0.3157894736842105,2,6,8,14,3,10,4,6,1,0,0,1,0,0,0,0,-1,3,0
Data Science,3.39,1,1,1,0,1,1,0,0,0,0,0,1,1,5,2,1,5,10,0.45454545454545453,4,3,6,7,3,1,4,-1,0,0,0,0,1,0,1,0,1,-1,0
Software Engineering,2.68,1,1,1,0,0,0,0,0,0,1,0,2,4,4,5,3,4,18,0.21052631578947367,1,2,5,10,2,5,6,3,0,0,1,0,0,0,2,-1,-1,1,0
Computer Science,3.55,1,0,1,0,0,1,0,0,0,1,1,5,4,4,5,3,5,21,0.22727272727272727,2,7,10,17,2,5,3,3,0,0,0,0,0,0,0,0,0,1,1
Data Science,2.7,0,1,1,1,0,1,0,1,0,0,1,1,4,1,2,5,6,13,0.42857142857142855,2,5,8,8,0,4,4,2,0,1,0,0,0,1,0,-1,2,0,1
Data Science,3.83,0,0,0,1,0,0,0,0,0,0,1,4,4,2,4,2,2,16,0.11764705882352941,1,6,9,14,0,5,2,2,0,0,0,0,0,0,-1,0,1,1,0
Data Science,3.43,1,1,0,0,1,1,0,1,0,0,0,3,3,3,1,2,5,12,0.38461538461538464,4,5,8,11,3,1,3,0,0,0,0,0,1,0,0,0,1,-1,0
AI,2.65,0,0,1,1,1,0,0,1,1,1,0,2,3,5,3,3,6,16,0.35294117647058826,3,4,5,10,3,5,4,3,0,0,1,0,0,0,1,0,0,1,-1
Data Science,3.92,1,0,1,0,1,1,1,0,0,0,0,1,1,5,3,4,5,14,0.3333333333333333,4,3,5,7,4,3,2,1,0,0,0,0,1,0,0,1,0,0,0
Computer Science,3.04,1,0,0,0,1,1,1,0,1,1,1,3,3,5,3,5,7,19,0.35,4,5,6,12,5,6,3,4,0,0,0,1,1,0,0,0,-1,2,0
Computer Science,2.48,0,0,0,1,1,1,1,0,0,0,1,5,1,4,3,4,5,17,0.2777777777777778,4,9,10,15,3,5,0,2,0,0,0,0,0,1,-2,1,1,1,0
Cybersecurity,3.86,0,0,0,1,0,0,1,0,1,0,1,3,2,4,3,4,4,16,0.23529411764705882,1,5,7,12,1,7,4,4,0,0,1,0,0,0,0,-1,0,2,0
Computer Science,3.95,1,1,1,1,1,0,0,0,0,0,1,4,1,5,1,4,6,15,0.375,4,6,9,12,3,5,5,1,0,0,1,0,1,0,1,0,1,1,-1
Computer Science,3.62,1,0,1,1,0,1,0,0,0,0,0,1,1,4,3,5,4,14,0.26666666666666666,3,5,9,7,1,4,3,0,0,1,0,0,0,1,-1,0,2,-1,1
Computer Science,3.29,0,1,0,0,0,0,1,0,0,1,1,4,2,5,3,5,4,19,0.2,0,4,5,14,2,7,4,6,0,0,1,1,0,0,1,-1,-2,3,0
AI,3.61,1,0,0,1,1,0,1,0,0,0,0,4,1,5,4,3,4,17,0.2222222222222222,4,6,8,12,4,6,2,2,0,0,0,0,1,0,-1,1,0,1,-1
AI,2.55,1,0,0,1,0,1,0,0,0,0,0,4,2,5,5,3,3,19,0.15,3,8,12,15,1,4,2,0,0,1,0,0,0,1,-2,0,2,-1,1
Computer Science,3.32,1,0,0,1,1,1,0,0,0,0,0,2,1,4,5,3,4,15,0.25,5,6,9,8,3,3,1,-1,0,0,0,0,1,1,-2,1,2,-1,0
Data Science,3.49,1,0,0,1,0,1,1,0,0,0,0,5,3,5,4,4,4,21,0.18181818181818182,3,9,12,18,2,6,2,2,0,1,0,0,0,1,-2,0,1,0,1
AI,3.29,1,0,1,0,0,0,0,1,0,1,0,2,3,3,5,1,4,14,0.26666666666666666,1,2,5,8,2,5,4,4,0,0,0,0,0,0,1,0,-1,1,0
Software Engineering,3.98,1,0,0,0,1,1,1,0,0,1,0,4,1,5,3,1,5,14,0.3333333333333333,4,6,7,12,5,5,1,3,0,0,0,1,1,0,-1,1,-1,1,0
Data Science,3.86,0,0,0,1,0,1,1,0,1,1,0,2,1,3,3,3,5,12,0.38461538461538464,2,6,7,8,2,7,3,4,1,1,0,1,0,1,-1,-1,0,1,1
Computer Science,3.06,1,0,1,1,0,0,1,1,0,1,1,5,4,4,2,2,7,17,0.3888888888888889,2,7,9,16,3,10,4,7,1,0,0,1,0,0,0,0,-1,3,0
Computer Science,3.62,1,1,1,1,0,1,1,0,1,1,0,2,3,1,2,1,8,9,0.8,3,6,8,7,3,8,7,4,1,1,0,1,0,1,1,-2,0,1,1
Software Engineering,2.53,1,1,1,0,1,0,1,1,0,0,0,1,5,4,5,3,6,18,0.3157894736842105,3,1,3,9,4,4,5,3,0,0,1,0,1,0,2,0,-1,1,-1
Computer Science,3.8,1,0,0,0,0,1,1,1,0,1,1,4,3,4,3,5,6,19,0.3,2,6,8,14,3,7,2,6,0,0,0,1,0,0,-1,0,-1,2,1
Computer Science,3.88,0,0,1,1,0,1,1,1,1,1,1,1,4,4,4,4,8,17,0.4444444444444444,2,5,6,10,2,8,4,6,1,1,0,1,0,1,0,-1,0,2,1
Cybersecurity,3.08,1,1,1,1,0,1,1,0,0,1,1,5,2,5,3,4,8,19,0.4,3,9,11,16,3,9,5,5,1,1,0,1,0,1,0,-1,0,2,1
Data Science,3.62,0,1,1,1,0,0,0,1,0,0,1,4,2,3,5,5,5,19,0.25,1,6,9,13,0,5,5,3,0,0,1,0,0,0,1,-1,1,1,0
AI,2.6,1,1,0,1,1,1,1,1,1,0,0,2,5,1,3,3,8,14,0.5333333333333333,5,6,8,9,4,5,5,2,0,0,0,0,1,1,0,-1,1,0,0
Computer Science,3.98,0,1,1,0,1,1,0,1,1,0,0,1,1,4,3,5,6,14,0.4,3,3,5,7,2,0,5,0,0,0,0,0,0,0,2,-1,1,-1,0
Computer Science,3.09,1,0,1,0,0,0,1,1,1,1,0,3,3,4,4,1,6,15,0.375,1,3,5,11,3,7,6,6,0,0,1,1,0,0,2,-1,-2,2,0
Data Science,3.63,0,1,0,0,0,0,1,1,0,0,0,2,3,1,3,2,3,11,0.25,0,2,4,8,1,4,4,4,0,0,1,0,0,0,1,-1,-1,1,0
Computer Science,3.12,1,1,1,0,1,1,1,0,0,0,0,1,3,3,4,1,6,12,0.46153846153846156,4,3,5,7,4,3,4,1,0,0,0,0,1,0,1,0,0,0,0
Computer Science,3.26,0,1,0,1,0,0,1,1,1,1,0,3,1,4,2,2,6,12,0.46153846153846156,1,5,6,10,2,8,6,6,1,0,1,1,0,0,1,-2,-1,2,0
AI,3.27,1,1,1,1,1,1,1,1,0,0,1,5,2,2,4,4,9,17,0.5,5,9,11,13,4,6,4,3,0,0,0,0,1,1,0,0,1,1,0
Software Engineering,2.91,0,1,0,0,1,0,0,0,1,0,1,4,1,1,5,5,4,16,0.23529411764705882,2,4,6,9,2,2,5,1,0,0,1,0,0,0,2,-1,0,1,-1
Data Science,2.83,0,1,0,1,1,0,1,0,0,1,0,4,5,3,1,2,5,15,0.3125,3,6,6,14,4,7,3,4,1,0,1,1,0,0,0,0,-1,2,-1
AI,2.86,1,0,1,0,0,0,1,1,0,0,1,4,3,3,3,5,5,18,0.2631578947368421,1,4,7,13,2,6,4,5,0,0,0,0,0,0,1,0,-1,2,0
Computer Science,2.98,1,0,0,1,1,0,1,0,0,1,0,5,5,1,4,2,5,17,0.2777777777777778,4,7,8,13,5,8,2,4,1,0,0,1,1,0,-1,1,-1,2,-1
Software Engineering,3.11,0,0,0,1,1,0,1,1,1,1,1,2,1,2,5,4,7,14,0.4666666666666667,3,4,4,5,4,8,3,6,1,0,1,1,0,0,0,0,-1,3,-1
Data Science,3.91,1,0,0,1,1,1,0,0,1,0,1,3,3,3,4,3,6,16,0.35294117647058826,5,7,10,11,3,4,3,0,0,0,0,0,1,1,-1,0,2,0,0
Cybersecurity,2.78,0,1,0,0,1,0,0,0,0,1,1,4,1,1,5,3,4,14,0.26666666666666666,2,4,5,8,3,4,3,3,0,0,1,0,0,0,1,0,-1,2,-1
AI,3.12,0,1,0,1,0,1,1,1,0,1,1,5,3,3,4,4,7,19,0.35,2,9,10,16,2,8,3,6,1,1,0,1,0,1,-1,-1,0,2,1
Cybersecurity,3.87,0,1,1,0,1,1,1,1,0,0,1,5,2,4,2,2,7,15,0.4375,3,7,8,16,3,3,3,3,0,0,0,0,0,0,1,0,0,1,0
Cybersecurity,3.84,1,0,1,0,0,1,1,0,0,0,0,1,2,3,4,5,4,15,0.25,2,3,6,7,2,4,3,2,0,0,0,0,0,0,0,0,0,0,1
Software Engineering,3.82,0,1,0,0,1,0,1,1,1,0,0,2,5,5,5,5,5,22,0.21739130434782608,2,2,3,13,3,3,5,3,0,0,1,0,0,0,2,-1,-1,1,-1
Software Engineering,2.72,1,0,0,1,1,0,1,0,1,0,0,5,3,1,2,5,5,16,0.29411764705882354,4,7,9,12,4,6,4,2,0,0,1,0,1,0,0,0,0,1,-1
Cybersecurity,2.93,0,1,0,0,0,1,0,0,1,1,0,1,1,1,1,5,4,9,0.4,1,3,5,4,1,3,5,2,0,0,0,0,0,0,1,-2,0,0,1
Software Engineering,2.81,1,1,0,0,1,1,1,1,0,0,0,3,4,1,2,3,6,13,0.42857142857142855,4,5,7,10,4,3,3,2,0,0,0,0,1,0,0,0,0,0,0
Software Engineering,3.7,1,0,0,0,0,1,1,0,1,0,0,5,5,5,4,5,4,24,0.16,2,7,10,20,2,4,4,2,0,0,0,0,0,0,0,-1,0,0,1
Software Engineering,2.9,0,1,0,1,1,0,0,0,0,1,1,2,3,4,5,5,5,19,0.25,3,4,5,9,3,6,3,3,0,0,1,0,0,0,0,0,0,2,-1
Software Engineering,2.7,1,1,0,1,1,1,1,0,1,1,0,3,4,3,4,2,8,16,0.47058823529411764,5,7,8,11,5,7,5,3,1,0,0,1,1,1,0,-1,0,1,0
Computer Science,3.51,1,1,1,0,0,0,0,0,1,0,1,3,5,5,4,5,5,22,0.21739130434782608,1,3,7,15,1,4,8,2,0,0,1,0,0,0,3,-2,0,1,0
Computer Science,2.99,1,1,0,1,1,0,1,0,0,0,1,1,2,4,2,3,6,12,0.46153846153846156,4,3,5,6,4,7,4,3,0,0,1,0,1,0,0,0,0,2,-1
Cybersecurity,2.59,1,1,0,1,1,1,0,0,1,1,1,1,3,1,1,3,8,9,0.8,5,5,7,4,4,6,5,2,0,0,0,0,1,1,0,-1,1,1,0
Cybersecurity,2.8,1,0,1,0,1,0,1,0,0,1,0,1,3,5,2,4,5,15,0.3125,3,1,2,7,5,6,3,4,0,0,0,1,1,0,1,1,-2,2,-1
Cybersecurity,3.8,0,1,1,1,0,0,0,1,1,1,0,3,4,5,3,5,6,20,0.2857142857142857,1,5,7,14,1,6,7,4,0,0,1,0,0,0,2,-2,0,1,0
Software Engineering,3.95,0,0,0,0,1,1,0,0,1,0,0,4,3,3,4,4,3,18,0.15789473684210525,3,6,8,14,2,0,2,-1,0,0,0,0,0,0,0,0,1,-1,0
Computer Science,3.4,0,1,0,0,0,0,1,1,1,1,1,1,5,4,3,4,6,17,0.3333333333333333,0,1,2,10,2,7,6,7,0,0,1,1,0,0,2,-2,-2,3,0
Data Science,3.22,1,0,0,0,0,0,1,1,0,1,0,2,1,3,3,3,4,12,0.3076923076923077,1,2,4,6,3,7,3,6,0,0,0,1,0,0,0,0,-2,2,0
AI,3.24,1,0,0,1,0,1,1,0,1,1,1,5,3,3,1,2,7,14,0.4666666666666667,3,9,11,15,3,9,4,5,1,1,0,1,0,1,-1,-1,0,2,1
Cybersecurity,2.8,0,1,0,1,1,0,1,0,0,0,1,3,4,5,4,3,5,19,0.25,3,5,6,14,3,6,3,3,0,0,1,0,0,0,0,0,0,2,-1
Cybersecurity,3.5,1,1,0,1,0,0,1,0,1,0,1,2,4,1,5,1,6,13,0.42857142857142855,2,4,7,8,2,8,7,4,0,0,1,0,0,0,1,-2,0,2,0
Computer Science,3.28,1,0,0,1,1,1,0,0,0,0,0,3,3,5,3,2,4,16,0.23529411764705882,5,7,10,13,3,3,1,-1,0,0,0,0,1,1,-2,1,2,-1,0
Cybersecurity,3.23,0,1,1,1,1,1,1,1,1,1,1,5,3,1,4,4,10,17,0.5555555555555556,4,9,9,13,4,7,5,5,1,0,0,1,0,1,1,-1,0,2,0
Cybersecurity,3.18,1,0,0,1,0,1,1,0,0,0,0,4,3,3,5,3,4,18,0.21052631578947367,3,8,11,14,2,6,2,2,0,1,0,0,0,1,-2,0,1,0,1
Cybersecurity,2.52,0,1,0,1,1,1,1,0,0,1,0,5,1,1,4,5,6,16,0.35294117647058826,4,9,9,11,4,6,2,3,1,0,0,1,0,1,-1,0,0,1,0
Computer Science,3.46,0,0,1,0,0,0,1,1,1,0,0,4,4,4,1,4,4,17,0.2222222222222222,0,4,6,16,1,4,5,4,0,0,1,0,0,0,2,-1,-1,1,0
AI,3.5,0,1,0,0,0,1,0,1,0,0,1,1,1,2,5,4,4,13,0.2857142857142857,1,3,6,6,0,2,3,2,0,0,0,0,0,0,0,-1,1,0,1
Computer Science,2.75,1,1,0,0,0,0,1,1,0,1,0,1,2,3,4,3,5,13,0.35714285714285715,1,1,3,5,3,7,5,6,0,0,1,1,0,0,1,-1,-2,2,0
Software Engineering,2.58,1,1,0,0,0,1,1,0,0,1,0,2,1,5,5,1,5,14,0.3333333333333333,2,4,6,9,3,6,4,4,0,0,0,1,0,0,0,-1,-1,1,1
Data Science,3.67,0,1,0,1,0,1,1,1,1,0,0,3,4,1,4,4,6,16,0.35294117647058826,2,7,9,12,1,5,5,3,0,1,0,0,0,1,0,-2,1,0,1
Software Engineering,2.98,1,1,1,0,1,0,0,0,1,1,0,3,1,1,5,2,6,12,0.46153846153846156,3,3,5,5,4,4,7,2,0,0,1,0,1,0,3,-1,-1,1,-1
AI,3.84,1,0,0,1,0,0,0,0,1,0,1,3,5,4,5,3,4,20,0.19047619047619047,2,5,9,14,1,6,5,2,0,0,1,0,0,0,0,-1,1,1,0
Computer Science,2.79,0,1,1,0,1,0,0,0,0,1,1,2,4,5,3,1,5,15,0.3125,2,2,3,11,3,4,4,3,0,0,1,0,0,0,2,0,-1,2,-1
Computer Science,3.22,1,0,0,1,1,1,1,0,0,0,0,2,4,3,5,3,5,17,0.2777777777777778,5,6,8,10,4,5,1,1,0,0,0,0,1,1,-2,1,1,0,0
Computer Science,3.84,0,1,1,0,0,0,1,1,0,1,0,4,1,4,3,2,5,14,0.3333333333333333,0,4,5,12,2,6,5,6,0,0,1,1,0,0,2,-1,-2,2,0
Cybersecurity,3.44,1,0,1,0,1,0,0,0,1,1,1,1,5,3,5,3,6,17,0.3333333333333333,3,1,3,7,4,5,5,3,0,0,1,0,1,0,2,0,-1,2,-1
Computer Science,3.3,1,0,1,0,1,1,0,1,0,0,1,4,4,3,4,1,6,16,0.35294117647058826,4,6,9,14,3,2,2,1,0,0,0,0,1,0,0,1,1,0,0
Software Engineering,2.94,1,1,0,1,0,1,1,0,1,0,0,1,4,2,1,1,6,9,0.6,3,5,8,8,2,6,6,2,0,1,0,0,0,1,0,-2,1,0,1
Data Science,3.56,1,0,0,1,0,1,0,0,0,0,0,5,3,3,3,4,3,18,0.15789473684210525,3,9,13,16,1,4,2,0,0,1,0,0,0,1,-2,0,2,-1,1
Data Science,3.66,0,0,0,1,1,1,0,1,1,0,1,1,5,4,2,5,6,17,0.3333333333333333,4,5,7,11,2,3,2,1,0,0,0,0,0,1,-1,0,2,0,0
Cybersecurity,2.6,1,1,0,0,1,1,0,0,0,1,0,1,5,4,2,1,5,13,0.35714285714285715,4,3,5,9,4,3,3,1,0,0,0,0,1,0,0,0,0,0,0
AI,3.36,0,0,1,0,0,0,1,0,1,0,1,5,1,3,3,5,4,17,0.2222222222222222,0,5,7,14,1,5,5,4,0,0,1,0,0,0,2,-1,-1,2,0
Data Science,2.91,1,1,0,1,1,0,1,1,0,1,1,3,3,1,3,2,8,12,0.6153846153846154,4,5,6,7,5,9,4,6,1,0,1,1,1,0,0,0,-1,3,-1
Computer Science,3.7,1,1,1,0,1,0,0,0,0,0,0,2,3,1,1,1,4,8,0.4444444444444444,3,2,5,6,3,2,5,0,0,0,1,0,1,0,2,0,0,0,-1
AI,3.4,1,1,1,1,0,1,0,1,0,1,1,2,3,3,5,2,8,15,0.5,3,6,9,9,2,7,5,4,0,1,0,0,0,1,0,-1,1,1,1
Computer Science,2.77,1,0,1,1,1,0,0,0,0,0,0,5,3,2,4,5,4,19,0.2,4,7,10,13,3,4,3,0,0,0,0,0,1,0,0,1,1,0,-1
Data Science,2.82,1,0,0,1,0,1,0,0,0,0,0,4,2,4,4,4,3,18,0.15789473684210525,3,8,12,14,1,4,2,0,0,1,0,0,0,1,-2,0,2,-1,1
Data Science,2.73,1,1,1,0,1,0,0,1,0,0,0,1,4,5,3,5,5,18,0.2631578947368421,3,1,4,9,3,2,5,1,0,0,1,0,1,0,2,0,0,0,-1
Computer Science,2.88,0,1,1,0,0,1,1,0,1,1,1,3,2,3,2,3,7,13,0.5,1,5,6,11,2,6,6,5,0,0,0,1,0,0,2,-2,-1,2,1
AI,3.21,0,1,0,1,1,0,1,0,0,1,1,5,2,1,1,5,6,14,0.4,3,7,7,11,4,8,3,5,1,0,1,1,0,0,0,0,-1,3,-1
Data Science,3.27,0,1,1,1,0,0,0,0,0,0,1,5,2,4,4,3,4,18,0.21052631578947367,1,7,10,16,0,5,5,2,0,0,1,0,0,0,1,-1,1,1,0
Software Engineering,3.12,0,1,1,0,0,0,1,0,0,0,1,2,5,3,3,4,4,17,0.2222222222222222,0,2,4,12,1,5,5,4,0,0,1,0,0,0,2,-1,-1,2,0
AI,2.81,0,1,0,1,1,1,0,1,0,0,1,2,3,2,2,4,6,13,0.42857142857142855,4,6,8,9,2,3,2,1,0,0,0,0,0,1,-1,0,2,0,0
Software Engineering,3.1,1,0,0,0,0,0,1,0,1,1,1,2,2,3,2,3,5,12,0.38461538461538464,1,2,4,7,3,8,5,6,0,0,1,1,0,0,1,-1,-2,3,0
Computer Science,3.11,0,1,0,0,0,1,0,0,0,0,1,5,5,1,5,4,3,20,0.14285714285714285,1,7,10,17,0,2,3,1,0,0,0,0,0,0,0,-1,1,0,1
Data Science,2.82,1,0,1,1,1,1,0,0,0,0,0,4,4,4,4,2,5,18,0.2631578947368421,5,8,11,15,3,3,2,-1,0,0,0,0,1,1,-1,1,2,-1,0
Software Engineering,2.63,1,0,1,0,1,1,1,1,0,1,1,1,1,5,4,4,8,15,0.5,4,3,4,6,5,6,2,5,0,0,0,1,1,0,0,1,-1,2,0
Cybersecurity,2.64,0,1,0,1,0,1,1,0,0,0,1,1,4,4,3,5,5,17,0.2777777777777778,2,5,7,11,1,6,3,3,0,1,0,0,0,1,-1,-1,1,1,1
Data Science,2.55,1,1,1,1,1,0,0,1,0,1,0,2,3,3,2,4,7,14,0.4666666666666667,4,4,6,7,4,6,5,3,0,0,1,0,1,0,1,0,0,1,-1
Data Science,3.17,1,0,0,1,1,1,0,0,0,0,0,2,1,5,3,2,4,13,0.2857142857142857,5,6,9,9,3,3,1,-1,0,0,0,0,1,1,-2,1,2,-1,0
Data Science,3.31,1,0,0,1,0,1,1,0,0,0,0,3,4,3,4,4,4,18,0.21052631578947367,3,7,10,13,2,6,2,2,0,1,0,0,0,1,-2,0,1,0,1
Software Engineering,2.73,0,1,1,1,1,1,0,0,1,1,1,5,3,1,2,1,8,12,0.6153846153846154,4,9,10,13,3,5,5,2,0,0,0,0,0,1,1,-1,1,1,0
Cybersecurity,2.73,0,1,1,1,0,0,1,0,0,1,0,2,5,3,2,5,5,17,0.2777777777777778,1,4,5,11,2,8,5,5,1,0,1,1,0,0,1,-1,-1,2,0
AI,2.55,0,1,1,0,1,1,0,0,0,1,1,5,1,4,2,1,6,13,0.42857142857142855,3,7,8,14,3,3,3,2,0,0,0,0,0,0,1,0,0,1,0
Software Engineering,3.51,1,1,0,1,0,1,1,1,0,0,1,2,2,5,3,5,7,17,0.3888888888888889,3,6,9,11,2,7,4,4,0,1,0,0,0,1,-1,-1,1,1,1
Software Engineering,3.15,0,1,0,0,0,0,1,0,0,1,1,4,3,2,5,4,4,18,0.21052631578947367,0,4,5,12,2,7,4,6,0,0,1,1,0,0,1,-1,-2,3,0
Software Engineering,3.28,0,0,1,0,0,1,0,0,1,1,1,4,2,5,2,4,5,17,0.2777777777777778,1,6,8,15,1,4,4,3,0,0,0,0,0,0,1,-1,0,1,1
Computer Science,3.39,1,1,1,1,1,1,1,0,1,0,1,2,5,1,5,3,9,16,0.5294117647058824,5,6,8,9,4,6,6,2,0,0,0,0,1,1,1,-1,1,1,0
AI,3.23,0,1,0,0,1,1,0,1,0,1,0,2,1,3,4,3,5,13,0.35714285714285715,3,4,5,7,3,2,2,2,0,0,0,0,0,0,0,0,0,0,0
Data Science,3.32,0,0,1,0,1,0,1,0,1,0,1,5,2,2,3,5,5,17,0.2777777777777778,2,5,6,13,3,4,4,3,0,0,1,0,0,0,2,0,-1,2,-1
Cybersecurity,3.53,0,1,0,1,1,0,1,0,0,0,1,4,5,4,5,1,5,19,0.25,3,6,7,16,3,6,3,3,0,0,1,0,0,0,0,0,0,2,-1
Computer Science,3.04,1,1,0,1,0,1,0,0,0,0,0,4,3,5,3,3,4,18,0.21052631578947367,3,8,12,16,1,4,4,0,0,1,0,0,0,1,-1,-1,2,-1,1
Data Science,3.92,0,0,1,1,0,0,1,0,0,1,0,1,1,5,4,2,4,13,0.2857142857142857,1,3,4,7,2,8,3,5,1,0,0,1,0,0,0,0,-1,2,0
Computer Science,3.22,1,0,0,0,0,0,1,1,0,1,1,5,1,3,4,3,5,16,0.29411764705882354,1,5,7,12,3,8,3,7,0,0,0,1,0,0,0,0,-2,3,0
Data Science,3.44,1,0,0,1,1,0,1,0,1,1,0,4,1,5,3,5,6,18,0.3157894736842105,4,6,7,11,5,8,4,4,1,0,1,1,1,0,0,0,-1,2,-1
AI,3.81,0,0,1,1,0,1,0,0,0,1,0,1,1,3,4,4,4,13,0.2857142857142857,2,5,7,6,1,5,2,2,0,1,0,0,0,1,-1,0,1,0,1
Software Engineering,2.62,1,0,0,0,1,1,0,1,0,1,1,1,2,2,1,2,6,8,0.6666666666666666,4,3,5,4,4,4,1,3,0,0,0,0,1,0,-1,1,0,1,0
Software Engineering,3.61,0,0,0,0,0,0,1,0,1,0,1,1,2,3,5,3,3,14,0.2,0,1,3,7,1,5,4,4,0,0,1,0,0,0,1,-1,-1,2,0
AI,3.69,1,0,0,1,1,1,0,0,1,1,0,2,1,5,2,5,6,15,0.375,5,6,8,8,4,5,3,1,0,0,0,0,1,1,-1,0,1,0,0
Data Science,3.61,1,1,0,1,0,1,1,1,0,1,1,4,5,4,2,2,8,17,0.4444444444444444,3,8,10,16,3,9,4,6,1,1,0,1,0,1,-1,-1,0,2,1
AI,2.77,1,1,1,0,0,1,1,1,1,1,0,3,5,3,4,4,8,19,0.4,2,5,7,13,3,6,7,5,0,0,0,1,0,0,2,-2,-1,1,1
Data Science,2.62,1,0,0,0,0,1,1,0,0,1,1,2,4,4,2,2,5,14,0.3333333333333333,2,4,6,11,3,7,2,5,0,0,0,1,0,0,-1,0,-1,2,1
Software Engineering,2.86,0,0,1,0,1,1,1,0,0,1,1,5,3,3,3,2,6,16,0.35294117647058826,3,7,7,15,4,5,1,4,0,0,0,1,0,0,0,1,-1,2,0
AI,3.8,1,0,0,1,1,0,0,0,0,0,1,3,3,4,4,4,4,18,0.21052631578947367,4,5,8,11,3,5,2,1,0,0,0,0,1,0,-1,1,1,1,-1
Cybersecurity,3.0,1,0,0,1,1,1,1,0,1,0,1,4,4,1,2,4,7,15,0.4375,5,8,10,12,4,6,3,2,0,0,0,0,1,1,-1,0,1,1,0
Software Engineering,3.24,1,0,0,1,0,1,0,0,1,1,0,2,1,4,1,5,5,13,0.35714285714285715,3,6,9,8,2,6,4,2,0,1,0,0,0,1,-1,-1,1,0,1
Data Science,3.4,1,0,0,0,1,0,0,1,0,0,0,4,1,1,2,3,3,11,0.25,3,4,7,8,3,2,2,1,0,0,0,0,1,0,0,1,0,0,-1
Cybersecurity,2.85,0,0,0,1,0,0,1,0,0,0,1,3,3,4,3,4,3,17,0.16666666666666666,1,5,7,13,1,7,2,4,0,0,0,0,0,0,-1,0,0,2,0
Computer Science,3.8,1,0,0,1,1,1,0,0,0,0,0,4,2,3,4,5,4,18,0.21052631578947367,5,8,11,12,3,3,1,-1,0,0,0,0,1,1,-2,1,2,-1,0
Cybersecurity,3.86,0,1,1,0,1,0,0,0,0,1,1,1,5,3,3,5,5,17,0.2777777777777778,2,1,2,8,3,4,4,3,0,0,1,0,0,0,2,0,-1,2,-1
Data Science,3.33,0,1,0,1,0,1,0,0,0,0,0,1,2,3,4,2,3,12,0.23076923076923078,2,5,8,8,0,3,3,0,0,1,0,0,0,1,-1,-1,2,-1,1
Computer Science,3.48,0,0,0,0,0,0,1,1,0,0,0,2,2,4,4,4,2,16,0.11764705882352941,0,2,4,10,1,4,2,4,0,0,0,0,0,0,0,0,-1,1,0
Data Science,2.79,1,0,0,0,0,0,1,0,0,1,1,1,3,4,4,4,4,16,0.23529411764705882,1,1,3,7,3,8,3,6,0,0,0,1,0,0,0,0,-2,3,0
Software Engineering,3.42,1,0,0,1,1,1,0,0,0,0,0,2,1,5,3,3,4,14,0.26666666666666666,5,6,9,9,3,3,1,-1,0,0,0,0,1,1,-2,1,2,-1,0
Computer Science,2.78,0,1,1,0,0,1,0,0,1,1,0,2,3,4,2,1,5,12,0.38461538461538464,1,4,6,11,1,3,6,2,0,0,0,0,0,0,2,-2,0,0,1
Data Science,2.91,0,1,0,0,0,0,0,0,0,1,0,5,1,5,3,3,2,17,0.1111111111111111,0,5,7,15,1,4,4,3,0,0,1,0,0,0,1,-1,-1,1,0
Cybersecurity,2.59,0,1,1,0,1,0,0,0,0,0,1,3,3,3,1,5,4,15,0.25,2,3,5,11,2,2,4,1,0,0,1,0,0,0,2,0,0,1,-1
AI,3.42,1,0,0,0,1,1,1,0,0,1,0,3,3,5,3,3,5,17,0.2777777777777778,4,5,6,12,5,5,1,3,0,0,0,1,1,0,-1,1,-1,1,0
Cybersecurity,3.99,0,1,1,0,1,1,1,1,0,0,1,2,2,5,4,2,7,15,0.4375,3,4,5,11,3,3,3,3,0,0,0,0,0,0,1,0,0,1,0
Cybersecurity,3.32,1,1,1,1,1,1,1,0,0,1,1,2,1,3,3,3,9,12,0.6923076923076923,5,6,7,6,5,8,4,4,1,0,0,1,1,1,0,0,0,2,0
Computer Science,3.02,1,0,0,1,0,1,0,1,0,0,0,5,3,4,3,3,4,18,0.21052631578947367,3,9,13,17,1,4,2,1,0,1,0,0,0,1,-2,0,2,-1,1
Computer Science,3.19,1,0,0,1,0,0,1,0,0,1,0,3,2,4,2,3,4,14,0.26666666666666666,2,5,7,10,3,9,3,5,1,0,0,1,0,0,-1,0,-1,2,0
Cybersecurity,2.92,1,1,1,0,0,0,1,1,0,0,0,5,1,1,1,2,5,10,0.45454545454545453,1,5,8,11,2,5,6,4,0,0,1,0,0,0,2,-1,-1,1,0
Data Science,3.42,1,0,1,1,0,1,0,0,1,0,0,5,3,4,5,5,5,22,0.21739130434782608,3,9,13,17,1,4,5,0,0,1,0,0,0,1,0,-1,2,-1,1
AI,2.66,0,1,1,1,1,0,1,1,0,1,0,3,3,5,1,4,7,16,0.4117647058823529,3,5,5,12,4,7,4,5,1,0,1,1,0,0,1,0,-1,2,-1
Computer Science,4.0,0,0,0,1,1,1,0,0,0,0,0,4,4,3,5,3,3,19,0.15,4,8,10,15,2,2,0,-1,0,0,0,0,0,1,-2,1,2,-1,0
AI,3.24,0,1,0,1,0,1,0,1,0,1,0,4,1,1,3,3,5,12,0.38461538461538464,2,8,10,10,1,5,3,3,0,1,0,0,0,1,-1,-1,1,0,1
AI,3.04,1,0,1,1,0,1,1,0,1,1,0,3,2,2,4,5,7,16,0.4117647058823529,3,7,9,9,3,8,5,4,1,1,0,1,0,1,0,-1,0,1,1
Data Science,3.71,0,1,0,0,1,0,0,1,0,0,1,5,1,1,1,1,4,9,0.4,2,5,7,11,2,2,3,2,0,0,1,0,0,0,1,0,0,1,-1
Software Engineering,3.03,1,0,1,1,0,0,1,1,0,1,0,1,1,5,5,1,6,13,0.42857142857142855,2,3,5,6,3,9,4,6,1,0,0,1,0,0,0,0,-1,2,0
AI,3.89,1,1,1,0,0,0,1,1,1,0,0,1,1,4,5,2,6,13,0.42857142857142855,1,1,4,6,2,5,8,4,0,0,1,0,0,0,3,-2,-1,1,0
Software Engineering,3.06,1,0,0,1,0,0,1,0,0,1,1,3,1,3,2,5,5,14,0.3333333333333333,2,5,7,8,3,10,3,6,1,0,0,1,0,0,-1,0,-1,3,0
Software Engineering,2.52,0,1,0,1,0,0,1,1,0,0,0,2,2,4,2,4,4,14,0.26666666666666666,1,4,6,10,1,6,4,4,0,0,1,0,0,0,0,-1,0,1,0
Software Engineering,3.97,1,0,1,1,1,0,1,0,1,1,1,2,5,2,1,2,8,12,0.6153846153846154,4,4,5,8,5,9,5,5,1,0,1,1,1,0,1,0,-1,3,-1
Computer Science,3.88,1,1,0,1,1,1,1,0,1,1,1,4,4,3,1,2,9,14,0.6,5,8,9,13,5,8,5,4,1,0,0,1,1,1,0,-1,0,2,0
AI,2.64,1,0,1,1,0,0,1,1,1,0,1,1,2,1,5,2,7,11,0.5833333333333334,2,3,6,4,2,8,6,5,0,0,1,0,0,0,1,-1,0,2,0
Data Science,2.76,1,0,0,0,1,1,1,0,1,0,0,5,5,4,1,2,5,17,0.2777777777777778,4,7,9,18,4,3,3,1,0,0,0,0,1,0,0,0,0,0,0
Software Engineering,2.52,1,0,1,1,0,0,0,1,1,1,1,1,3,5,2,5,7,16,0.4117647058823529,2,3,6,8,2,8,6,5,0,0,1,0,0,0,1,-1,0,2,0
Computer Science,3.23,1,0,0,0,1,1,1,0,1,1,0,1,1,5,2,5,6,14,0.4,4,3,4,6,5,5,3,3,0,0,0,1,1,0,0,0,-1,1,0
Data Science,3.35,0,1,1,1,0,0,1,1,1,0,1,3,4,3,1,4,7,15,0.4375,1,5,7,13,1,7,7,5,0,0,1,0,0,0,2,-2,0,2,0
Data Science,3.98,1,0,1,1,0,1,0,0,1,1,0,4,5,5,5,5,6,24,0.24,3,8,11,17,2,6,5,2,0,1,0,0,0,1,0,-1,1,0,1
AI,2.96,1,0,0,1,1,1,0,0,0,0,0,3,1,5,1,4,4,14,0.26666666666666666,5,7,10,11,3,3,1,-1,0,0,0,0,1,1,-2,1,2,-1,0
Computer Science,3.57,0,1,0,0,0,0,1,1,0,1,1,3,5,4,3,1,5,16,0.29411764705882354,0,3,4,14,2,7,4,7,0,0,1,1,0,0,1,-1,-2,3,0
Data Science,3.02,0,1,0,1,1,1,1,1,0,0,1,3,5,5,4,5,7,22,0.30434782608695654,4,7,8,16,3,5,2,3,0,0,0,0,0,1,-1,0,1,1,0
Data Science,3.56,1,1,0,1,1,1,0,0,0,1,0,2,4,5,3,4,6,18,0.3157894736842105,5,6,8,11,4,5,3,1,0,0,0,0,1,1,-1,0,1,0,0
Cybersecurity,3.96,1,0,0,0,0,0,0,0,1,0,0,3,3,3,3,4,2,16,0.11764705882352941,1,3,7,11,1,3,5,1,0,0,1,0,0,0,1,-1,0,0,0
Cybersecurity,3.26,0,0,1,1,0,1,1,1,0,1,1,3,4,4,3,4,7,18,0.3684210526315789,2,7,8,14,2,8,2,6,1,1,0,1,0,1,-1,0,0,2,1
AI,3.43,1,1,0,0,0,0,0,1,0,0,0,4,5,1,2,3,3,15,0.1875,1,4,8,13,1,3,5,2,0,0,1,0,0,0,1,-1,0,0,0
Software Engineering,3.7,0,0,0,1,0,1,0,1,1,1,1,4,4,5,5,5,6,23,0.25,2,8,10,17,1,6,3,4,0,1,0,0,0,1,-1,-1,1,1,1
Computer Science,3.98,0,0,1,0,0,0,1,0,0,1,0,4,1,5,3,3,3,16,0.17647058823529413,0,4,5,13,2,6,3,5,0,0,0,1,0,0,1,0,-2,2,0
Data Science,4.0,1,0,1,1,1,1,0,0,1,0,0,3,3,3,5,3,6,17,0.3333333333333333,5,7,10,11,3,3,4,-1,0,0,0,0,1,1,0,0,2,-1,0
Computer Science,3.48,1,1,1,0,1,0,1,0,0,0,1,2,3,3,1,4,6,13,0.42857142857142855,3,2,4,8,4,5,5,3,0,0,1,0,1,0,2,0,-1,2,-1
AI,2.76,1,1,0,1,1,0,0,1,0,1,1,4,3,1,2,5,7,15,0.4375,4,6,8,9,4,7,4,4,0,0,1,0,1,0,0,0,0,2,-1
AI,2.64,0,1,0,1,1,0,1,1,0,0,0,2,3,4,4,2,5,15,0.3125,3,4,5,10,3,5,3,3,0,0,1,0,0,0,0,0,0,1,-1
Software Engineering,3.51,1,1,1,0,0,0,1,0,0,1,1,5,3,5,4,3,6,20,0.2857142857142857,1,5,7,16,3,8,6,6,0,0,1,1,0,0,2,-1,-2,3,0
Computer Science,3.58,0,0,1,0,1,1,1,1,0,0,0,5,1,3,1,5,5,15,0.3125,3,7,8,14,3,2,1,2,0,0,0,0,0,0,0,1,0,0,0
Computer Science,3.33,0,1,0,0,1,0,1,1,1,0,0,2,5,1,4,3,5,15,0.3125,2,2,3,9,3,3,5,3,0,0,1,0,0,0,2,-1,-1,1,-1
Cybersecurity,3.41,0,1,1,0,0,0,0,0,1,0,1,5,5,5,2,1,4,18,0.21052631578947367,0,5,8,20,0,3,7,2,0,0,1,0,0,0,3,-2,0,1,0
Cybersecurity,2.52,0,0,1,0,1,0,1,0,0,1,1,5,5,2,2,2,5,16,0.29411764705882354,2,5,5,15,4,6,2,5,0,0,0,1,0,0,1,1,-2,3,-1
Computer Science,3.82,1,1,0,0,1,1,1,1,0,0,0,4,5,1,3,3,6,16,0.35294117647058826,4,6,8,13,4,3,3,2,0,0,0,0,1,0,0,0,0,0,0
Cybersecurity,3.86,1,1,1,1,0,1,0,0,1,0,0,4,1,2,5,3,6,15,0.375,3,8,12,11,1,4,7,0,0,1,0,0,0,1,1,-2,2,-1,1
Data Science,3.91,1,0,0,1,1,1,1,0,0,0,1,2,1,5,5,4,6,17,0.3333333333333333,5,6,8,9,4,6,1,2,0,0,0,0,1,1,-2,1,1,1,0
Data Science,3.93,0,0,1,1,1,1,0,0,0,0,0,1,5,1,2,2,4,11,0.3333333333333333,4,5,7,8,2,2,1,-1,0,0,0,0,0,1,-1,1,2,-1,0
AI,3.56,0,0,0,0,1,1,1,0,1,0,1,2,1,1,2,3,5,9,0.5,3,4,5,6,3,3,2,2,0,0,0,0,0,0,0,0,0,1,0
Cybersecurity,3.56,1,0,0,1,0,0,1,0,1,1,1,2,3,2,1,3,6,11,0.5,2,4,6,7,3,10,5,6,1,0,1,1,0,0,0,-1,-1,3,0
Computer Science,3.08,1,1,0,0,0,1,1,0,0,1,0,3,4,5,3,5,5,20,0.23809523809523808,2,5,7,14,3,6,4,4,0,0,0,1,0,0,0,-1,-1,1,1
Computer Science,3.14,0,1,0,1,1,0,1,0,1,1,0,2,2,2,3,4,6,13,0.42857142857142855,3,4,4,6,4,7,5,4,1,0,1,1,0,0,1,-1,-1,2,-1
Data Science,3.64,1,1,1,1,1,0,1,1,0,1,1,4,2,4,3,5,9,18,0.47368421052631576,4,6,7,11,5,9,5,6,1,0,1,1,1,0,1,0,-1,3,-1
Computer Science,3.63,1,0,1,1,1,1,1,0,0,0,0,3,4,4,2,4,6,17,0.3333333333333333,5,7,9,13,4,5,2,1,0,0,0,0,1,1,-1,1,1,0,0
Computer Science,3.14,1,1,0,1,1,0,1,0,1,1,1,4,3,5,2,3,8,17,0.4444444444444444,4,6,7,13,5,9,6,5,1,0,1,1,1,0,1,-1,-1,3,-1
Cybersecurity,2.91,0,0,1,0,1,1,0,1,0,1,1,2,2,5,4,5,6,18,0.3157894736842105,3,4,5,10,3,3,1,3,0,0,0,0,0,0,0,1,0,1,0
Software Engineering,3.17,0,0,1,1,0,0,1,0,1,1,1,3,3,1,4,1,6,12,0.46153846153846156,1,5,6,9,2,9,5,6,1,0,1,1,0,0,1,-1,-1,3,0
AI,2.78,1,1,0,0,1,1,0,0,1,0,0,5,3,5,4,5,5,22,0.21739130434782608,4,7,10,17,3,1,5,-1,0,0,0,0,1,0,1,-1,1,-1,0
Computer Science,3.12,0,0,1,0,1,1,1,1,1,1,1,3,2,5,2,2,8,14,0.5333333333333333,3,5,5,12,4,5,3,5,0,0,0,1,0,0,1,0,-1,2,0
AI,3.24,1,0,0,1,1,0,1,0,0,1,1,5,2,3,5,3,6,18,0.3157894736842105,4,7,8,12,5,9,2,5,1,0,0,1,1,0,-1,1,-1,3,-1
AI,2.99,1,1,1,0,1,0,0,1,1,1,0,1,3,2,1,3,7,10,0.6363636363636364,3,1,3,4,4,4,7,3,0,0,1,0,1,0,3,-1,-1,1,-1
Software Engineering,3.01,1,0,1,0,0,0,1,0,0,1,1,1,1,5,2,5,5,14,0.3333333333333333,1,1,3,6,3,8,4,6,0,0,0,1,0,0,1,0,-2,3,0
Software Engineering,2.28,0,0,0,1,1,0,1,0,0,1,0,4,1,4,2,5,4,16,0.23529411764705882,3,6,6,11,4,7,1,4,1,0,0,1,0,0,-1,1,-1,2,-1
Software Engineering,3.42,0,0,0,1,1,1,0,1,1,0,0,1,3,2,1,3,5,10,0.45454545454545453,4,5,7,7,2,2,2,0,0,0,0,0,0,1,-1,0,2,-1,0
AI,3.15,1,1,1,1,0,1,1,1,0,0,0,1,4,4,2,1,7,12,0.5384615384615384,3,5,8,10,2,6,5,3,0,1,0,0,0,1,0,-1,1,0,1
Computer Science,3.1,1,0,0,0,1,0,0,0,1,0,0,1,2,2,1,2,3,8,0.3333333333333333,3,1,4,4,3,2,4,0,0,0,1,0,1,0,1,0,0,0,-1
Software Engineering,2.74,1,0,1,1,0,1,0,1,1,0,0,3,4,5,3,3,6,18,0.3157894736842105,3,7,11,15,1,4,5,1,0,1,0,0,0,1,0,-1,2,-1,1
Computer Science,3.73,1,1,1,0,0,0,0,1,0,0,0,5,1,4,5,3,4,18,0.21052631578947367,1,5,9,14,1,3,6,2,0,0,1,0,0,0,2,-1,0,0,0
Software Engineering,3.61,1,0,0,1,0,0,0,0,0,1,1,2,1,4,5,5,4,17,0.2222222222222222,2,4,7,7,2,8,3,4,0,0,0,0,0,0,-1,0,0,2,0
Cybersecurity,2.78,0,1,0,0,1,0,0,1,0,1,1,1,2,1,1,1,5,6,0.7142857142857143,2,1,2,3,3,4,3,4,0,0,1,0,0,0,1,0,-1,2,-1
Cybersecurity,3.03,1,1,0,1,1,1,1,1,0,1,1,2,4,4,2,5,9,17,0.5,5,6,7,10,5,8,3,5,1,0,0,1,1,1,-1,0,0,2,0
Computer Science,3.48,1,0,0,1,0,1,0,0,0,0,0,3,3,3,3,4,3,16,0.17647058823529413,3,7,11,12,1,4,2,0,0,1,0,0,0,1,-2,0,2,-1,1
Software Engineering,3.43,0,1,0,1,0,0,0,1,0,0,1,3,1,1,2,5,4,12,0.3076923076923077,1,5,8,8,0,5,4,3,0,0,1,0,0,0,0,-1,1,1,0
Software Engineering,2.66,1,1,1,0,0,0,0,1,1,1,1,5,4,2,3,1,7,15,0.4375,1,5,8,14,2,6,8,5,0,0,1,0,0,0,3,-2,-1,2,0
Software Engineering,3.44,1,0,1,1,1,0,1,1,1,0,1,3,2,5,5,2,8,17,0.4444444444444444,4,5,7,11,4,7,5,4,0,0,1,0,1,0,1,0,0,2,-1
Software Engineering,3.49,0,0,1,0,1,0,1,1,0,0,1,5,3,1,2,4,5,15,0.3125,2,5,6,13,3,4,2,4,0,0,0,0,0,0,1,1,-1,2,-1
Cybersecurity,2.89,0,0,1,0,0,0,0,0,1,1,1,4,4,2,4,1,4,15,0.25,0,4,6,13,1,5,5,4,0,0,1,0,0,0,2,-1,-1,2,0
Software Engineering,3.12,1,0,0,1,1,0,0,0,0,1,0,1,3,3,4,4,4,15,0.25,4,3,5,5,4,6,2,2,0,0,0,0,1,0,-1,1,0,1,-1
Software Engineering,2.49,1,0,0,1,0,1,1,0,1,1,0,3,4,4,5,5,6,21,0.2727272727272727,3,7,9,13,3,8,4,4,1,1,0,1,0,1,-1,-1,0,1,1
Software Engineering,2.58,1,0,1,0,0,0,0,0,0,0,1,2,5,5,3,2,3,17,0.16666666666666666,1,2,6,13,1,4,4,2,0,0,0,0,0,0,1,0,0,1,0
Cybersecurity,3.58,1,1,1,1,1,1,1,1,1,1,1,3,5,3,3,4,11,18,0.5789473684210527,5,7,8,12,5,8,6,5,1,0,0,1,1,1,1,-1,0,2,0
Data Science,3.3,1,1,0,0,0,0,1,0,1,0,1,5,2,1,2,4,5,14,0.3333333333333333,1,5,8,12,2,6,7,4,0,0,1,0,0,0,2,-2,-1,2,0
Computer Science,3.09,0,0,0,0,1,0,1,1,1,0,1,5,5,4,2,4,5,20,0.23809523809523808,2,5,6,18,3,4,3,4,0,0,1,0,0,0,1,0,-1,2,-1
Software Engineering,2.71,1,1,0,1,0,1,0,0,0,0,0,4,3,5,4,3,4,19,0.2,3,8,12,16,1,4,4,0,0,1,0,0,0,1,-1,-1,2,-1,1
Computer Science,3.96,0,1,1,1,1,1,0,1,1,0,1,4,4,3,2,5,8,18,0.42105263157894735,4,8,10,15,2,3,5,1,0,0,0,0,0,1,1,-1,2,0,0
Computer Science,3.43,1,0,1,1,1,1,0,0,1,1,0,3,4,4,1,1,7,13,0.5,5,7,9,12,4,5,4,1,0,0,0,0,1,1,0,0,1,0,0
AI,3.16,1,0,1,0,1,1,0,1,0,0,0,4,1,5,3,3,5,16,0.29411764705882354,4,6,9,13,3,1,2,0,0,0,0,0,1,0,0,1,1,-1,0
AI,3.8,1,1,1,1,1,1,1,1,1,0,0,3,5,4,1,4,9,17,0.5,5,7,9,14,4,5,6,2,0,0,0,0,1,1,1,-1,1,0,0
Computer Science,3.25,1,1,1,0,0,1,0,0,0,1,0,2,5,5,4,5,5,21,0.22727272727272727,2,4,7,13,2,4,5,2,0,0,0,0,0,0,1,-1,0,0,1
Computer Science,3.28,1,0,0,0,1,0,0,1,0,0,0,4,5,5,2,4,3,20,0.14285714285714285,3,4,7,16,3,2,2,1,0,0,0,0,1,0,0,1,0,0,-1
Computer Science,3.14,1,0,0,1,1,0,1,0,1,1,1,3,1,3,1,4,7,12,0.5384615384615384,4,5,6,7,5,9,4,5,1,0,1,1,1,0,0,0,-1,3,-1
Data Science,3.82,0,0,1,1,1,1,1,0,1,1,0,5,5,1,1,1,7,13,0.5,4,9,9,15,4,6,3,3,1,0,0,1,0,1,0,0,0,1,0
Cybersecurity,3.22,1,0,1,0,1,0,0,0,0,1,0,5,3,1,4,1,4,14,0.26666666666666666,3,5,7,11,4,4,3,2,0,0,0,0,1,0,1,1,-1,1,-1
Data Science,2.98,1,0,1,1,0,1,0,1,0,0,0,4,3,3,5,2,5,17,0.2777777777777778,3,8,12,14,1,4,3,1,0,1,0,0,0,1,-1,0,2,-1,1
Computer Science,3.3,0,1,0,1,1,0,1,1,0,1,0,3,4,5,1,3,6,16,0.35294117647058826,3,5,5,13,4,7,3,5,1,0,1,1,0,0,0,0,-1,2,-1
Computer Science,3.01,1,1,0,1,1,1,0,0,0,0,1,4,4,2,1,2,6,13,0.42857142857142855,5,8,11,13,3,4,3,0,0,0,0,0,1,1,-1,0,2,0,0
AI,2.54,1,1,0,1,0,1,0,1,0,1,0,3,4,2,4,3,6,16,0.35294117647058826,3,7,10,11,2,6,4,3,0,1,0,0,0,1,-1,-1,1,0,1
Cybersecurity,3.42,1,0,0,1,1,1,0,0,0,0,0,3,2,3,4,2,4,14,0.26666666666666666,5,7,10,10,3,3,1,-1,0,0,0,0,1,1,-2,1,2,-1,0
Cybersecurity,2.35,1,0,0,1,0,0,1,1,0,1,1,3,1,5,4,4,6,17,0.3333333333333333,2,5,7,10,3,10,3,7,1,0,0,1,0,0,-1,0,-1,3,0
Data Science,3.02,0,1,0,1,0,1,0,0,1,0,0,4,2,5,1,5,4,17,0.2222222222222222,2,8,11,16,0,3,5,0,0,1,0,0,0,1,0,-2,2,-1,1
Computer Science,3.51,1,0,0,1,0,1,0,0,1,0,0,4,4,4,3,1,4,16,0.23529411764705882,3,8,12,16,1,4,4,0,0,1,0,0,0,1,-1,-1,2,-1,1
AI,3.0,0,0,1,1,1,0,0,0,0,1,1,1,3,3,3,2,5,12,0.38461538461538464,3,3,4,6,3,6,2,3,0,0,0,0,0,0,0,1,0,2,-1
Data Science,3.43,0,1,1,0,0,1,0,1,0,1,0,2,4,4,3,5,5,18,0.2631578947368421,1,4,6,12,1,3,4,3,0,0,0,0,0,0,1,-1,0,0,1
Software Engineering,3.18,0,1,1,1,1,0,0,1,1,1,0,5,1,3,4,5,7,18,0.3684210526315789,3,7,8,12,3,5,6,3,0,0,1,0,0,0,2,-1,0,1,-1
Data Science,2.77,1,1,0,0,0,1,0,1,0,0,0,1,2,2,5,3,4,13,0.2857142857142857,2,3,7,6,1,2,4,1,0,0,0,0,0,0,0,-1,1,-1,1
Software Engineering,2.71,0,1,0,0,0,0,1,0,0,1,1,3,3,1,5,1,4,13,0.2857142857142857,0,3,4,9,2,7,4,6,0,0,1,1,0,0,1,-1,-2,3,0
Data Science,3.92,0,1,0,1,1,1,1,0,0,1,1,1,2,4,2,5,7,14,0.4666666666666667,4,5,5,7,4,7,2,4,1,0,0,1,0,1,-1,0,0,2,0
AI,3.85,1,1,0,1,0,0,0,1,0,0,0,4,4,4,1,3,4,16,0.23529411764705882,2,6,10,15,1,5,5,2,0,0,1,0,0,0,0,-1,1,0,0
Data Science,2.81,1,0,1,0,0,0,1,1,0,0,0,5,2,2,3,3,4,15,0.25,1,5,8,13,2,5,4,4,0,0,0,0,0,0,1,0,-1,1,0
Computer Science,2.83,1,0,1,1,0,1,0,0,0,1,0,5,3,1,3,1,5,13,0.35714285714285715,3,9,12,13,2,6,3,2,0,1,0,0,0,1,-1,0,1,0,1
Software Engineering,3.73,0,0,1,1,0,0,0,0,1,0,1,1,3,2,5,2,4,13,0.2857142857142857,1,3,6,7,0,5,5,2,0,0,1,0,0,0,1,-1,1,1,0
Software Engineering,3.53,0,1,1,1,0,0,1,0,0,1,1,4,1,3,3,4,6,15,0.375,1,6,7,11,2,9,5,6,1,0,1,1,0,0,1,-1,-1,3,0
Cybersecurity,2.75,1,0,1,1,0,1,0,0,0,0,0,2,5,3,5,3,4,18,0.21052631578947367,3,6,10,12,1,4,3,0,0,1,0,0,0,1,-1,0,2,-1,1
Data Science,3.29,0,0,1,1,0,1,1,0,1,1,1,2,2,4,3,5,7,16,0.4117647058823529,2,6,7,10,2,8,4,5,1,1,0,1,0,1,0,-1,0,2,1
Computer Science,3.96,1,0,1,1,0,1,0,0,0,1,1,4,1,4,1,4,6,14,0.4,3,8,11,12,2,7,3,3,0,1,0,0,0,1,-1,0,1,1,1
Software Engineering,2.6,1,1,0,1,0,0,1,1,1,1,0,4,5,3,5,3,7,20,0.3333333333333333,2,6,8,14,3,9,7,6,1,0,1,1,0,0,1,-2,-1,2,0
Cybersecurity,3.16,0,1,1,0,1,1,1,1,0,0,0,2,1,3,2,5,6,13,0.42857142857142855,3,4,5,8,3,2,3,2,0,0,0,0,0,0,1,0,0,0,0
AI,3.74,1,0,0,1,1,1,0,0,0,0,0,2,2,4,2,4,4,14,0.26666666666666666,5,6,9,9,3,3,1,-1,0,0,0,0,1,1,-2,1,2,-1,0
Computer Science,3.13,0,1,0,0,0,0,1,0,0,0,1,1,1,3,3,3,3,11,0.25,0,1,3,6,1,5,4,4,0,0,1,0,0,0,1,-1,-1,2,0
Software Engineering,3.2,1,0,0,1,0,0,1,0,0,0,1,4,3,5,2,4,4,18,0.21052631578947367,2,6,9,15,2,8,3,4,0,0,0,0,0,0,-1,0,0,2,0
Data Science,2.54,1,1,1,0,1,1,1,1,1,1,1,5,2,4,1,4,10,16,0.5882352941176471,4,7,8,14,5,6,6,5,0,0,0,1,1,0,2,-1,-1,2,0
AI,3.66,1,0,1,1,1,1,0,0,0,0,1,2,3,5,2,3,6,15,0.375,5,6,9,11,3,4,2,0,0,0,0,0,1,1,-1,1,2,0,0
Software Engineering,3.23,1,1,0,1,0,0,1,1,0,1,1,5,3,5,4,2,7,19,0.35,2,7,9,16,3,10,5,7,1,0,1,1,0,0,0,-1,-1,3,0
Computer Science,2.72,1,0,0,0,0,0,1,0,0,1,1,3,2,3,5,5,4,18,0.21052631578947367,1,3,5,9,3,8,3,6,0,0,0,1,0,0,0,0,-2,3,0
AI,2.74,1,1,1,1,0,1,1,0,0,0,1,4,5,5,5,3,7,22,0.30434782608695654,3,8,11,18,2,7,5,3,0,1,0,0,0,1,0,-1,1,1,1
Computer Science,3.24,0,1,0,1,0,0,0,0,0,0,1,3,5,2,4,5,3,19,0.15,1,5,8,13,0,5,4,2,0,0,1,0,0,0,0,-1,1,1,0
Computer Science,3.23,1,0,0,0,1,0,1,0,1,0,1,4,3,5,3,3,5,18,0.2631578947368421,3,4,6,14,4,5,4,3,0,0,1,0,1,0,1,0,-1,2,-1
Data Science,3.89,0,1,1,1,0,1,0,1,0,1,1,2,2,1,5,4,7,14,0.4666666666666667,2,6,8,7,1,6,4,4,0,1,0,0,0,1,0,-1,1,1,1
AI,3.65,1,1,1,0,1,0,0,1,0,0,1,2,5,2,1,2,6,12,0.46153846153846156,3,2,5,9,3,3,5,2,0,0,1,0,1,0,2,0,0,1,-1
Data Science,2.86,1,0,1,1,1,1,1,0,0,1,1,3,3,5,3,5,8,19,0.4,5,7,8,12,5,8,2,4,1,0,0,1,1,1,-1,1,0,2,0
Computer Science,3.55,1,0,0,1,0,1,1,0,0,0,0,3,3,5,3,3,4,17,0.2222222222222222,3,7,10,14,2,6,2,2,0,1,0,0,0,1,-2,0,1,0,1
Software Engineering,2.92,0,0,1,1,1,0,0,0,1,1,0,5,3,2,4,2,5,16,0.29411764705882354,3,7,8,13,3,5,4,2,0,0,1,0,0,0,1,0,0,1,-1
Computer Science,3.98,0,0,1,0,1,0,1,1,1,1,1,1,5,1,4,3,7,14,0.4666666666666667,2,1,1,6,4,6,4,6,0,0,1,1,0,0,2,0,-2,3,-1
AI,3.3,1,0,0,1,1,1,1,0,1,1,1,1,2,1,4,2,8,10,0.7272727272727273,5,5,6,3,5,8,3,4,1,0,0,1,1,1,-1,0,0,2,0
AI,3.7,1,1,0,1,1,1,1,0,0,1,0,4,3,4,5,3,7,19,0.35,5,8,9,13,5,7,3,3,1,0,0,1,1,1,-1,0,0,1,0
AI,3.63,0,1,1,1,1,0,0,1,0,0,0,5,4,5,3,1,5,18,0.2631578947368421,3,7,9,18,2,3,4,1,0,0,1,0,0,0,1,0,1,0,-1
Computer Science,3.69,1,0,1,0,1,0,1,1,1,0,0,4,5,2,2,5,6,18,0.3157894736842105,3,4,6,13,4,4,5,3,0,0,1,0,1,0,2,0,-1,1,-1
Data Science,3.59,1,0,1,1,1,1,0,1,1,0,1,3,3,5,4,1,8,16,0.47058823529411764,5,7,10,13,3,4,4,1,0,0,0,0,1,1,0,0,2,0,0
Computer Science,3.18,1,0,0,0,1,0,1,1,0,1,1,2,5,4,3,5,6,19,0.3,3,2,3,10,5,7,2,6,0,0,0,1,1,0,0,1,-2,3,-1
Computer Science,3.55,0,1,0,0,0,1,0,1,0,1,0,3,1,4,2,3,4,13,0.2857142857142857,1,5,7,11,1,3,3,3,0,0,0,0,0,0,0,-1,0,0,1
Cybersecurity,3.68,0,1,1,0,1,1,0,1,1,1,1,3,2,4,5,5,8,19,0.4,3,5,6,11,3,3,5,3,0,0,0,0,0,0,2,-1,0,1,0
Data Science,2.92,0,1,1,1,1,0,1,1,1,1,0,1,5,5,1,3,8,15,0.5,3,3,3,10,4,7,6,5,1,0,1,1,0,0,2,-1,-1,2,-1
Data Science,3.32,1,1,1,0,1,0,0,0,1,0,0,4,3,3,4,1,5,15,0.3125,3,4,7,12,3,2,7,0,0,0,1,0,1,0,3,-1,0,0,-1
Software Engineering,2.21,1,0,1,1,1,1,1,0,0,1,1,2,3,3,3,4,8,15,0.5,5,6,7,8,5,8,2,4,1,0,0,1,1,1,-1,1,0,2,0
Computer Science,3.22,1,0,1,1,0,1,0,0,0,0,0,3,3,3,4,3,4,16,0.23529411764705882,3,7,11,12,1,4,3,0,0,1,0,0,0,1,-1,0,2,-1,1
AI,2.6,1,1,1,0,0,0,0,1,1,1,0,5,1,4,4,1,6,15,0.375,1,5,8,13,2,5,8,4,0,0,1,0,0,0,3,-2,-1,1,0
Data Science,2.67,0,1,1,1,0,0,1,1,1,0,1,5,4,3,2,5,7,19,0.35,1,7,9,17,1,7,7,5,0,0,1,0,0,0,2,-2,0,2,0
Computer Science,3.22,1,1,1,1,0,0,1,0,1,0,1,4,3,5,4,4,7,20,0.3333333333333333,2,6,9,15,2,8,8,4,0,0,1,0,0,0,2,-2,0,2,0
Data Science,2.75,1,1,0,1,0,1,0,1,0,0,0,4,4,2,2,2,5,14,0.3333333333333333,3,8,12,14,1,4,4,1,0,1,0,0,0,1,-1,-1,2,-1,1
Computer Science,3.22,1,0,0,1,1,1,1,0,0,1,1,1,3,5,3,5,7,17,0.3888888888888889,5,5,6,8,5,8,1,4,1,0,0,1,1,1,-2,1,0,2,0
Software Engineering,2.82,1,1,0,1,1,0,0,0,1,0,1,1,4,2,2,5,6,14,0.4,4,3,6,6,3,5,6,1,0,0,1,0,1,0,1,-1,1,1,-1
Cybersecurity,2.86,1,1,0,1,0,1,1,0,0,1,0,3,1,4,1,5,6,14,0.4,3,7,9,10,3,8,4,4,1,1,0,1,0,1,-1,-1,0,1,1
Software Engineering,3.65,0,1,0,0,1,0,1,1,1,0,1,1,4,4,5,3,6,17,0.3333333333333333,2,1,2,9,3,4,5,4,0,0,1,0,0,0,2,-1,-1,2,-1
Data Science,2.88,1,1,1,1,1,0,0,1,1,1,0,4,3,2,4,5,8,18,0.42105263157894735,4,6,8,10,4,6,7,3,0,0,1,0,1,0,2,-1,0,1,-1
Software Engineering,2.99,1,0,0,1,0,1,0,0,1,0,0,4,3,5,2,4,4,18,0.21052631578947367,3,8,12,16,1,4,4,0,0,1,0,0,0,1,-1,-1,2,-1,1
AI,3.25,1,0,1,0,1,1,1,0,1,0,0,3,1,3,3,5,6,15,0.375,4,5,7,9,4,3,4,1,0,0,0,0,1,0,1,0,0,0,0
Data Science,3.21,1,0,0,1,1,0,0,0,0,0,0,5,2,4,5,3,3,19,0.15,4,7,10,14,3,4,2,0,0,0,0,0,1,0,-1,1,1,0,-1
Data Science,3.08,1,0,1,1,0,0,1,1,1,0,1,2,1,4,5,5,7,17,0.3888888888888889,2,4,7,8,2,8,6,5,0,0,1,0,0,0,1,-1,0,2,0
AI,4.0,1,0,1,1,1,1,1,1,0,1,0,1,1,5,5,4,8,16,0.47058823529411764,5,5,6,6,5,7,2,4,1,0,0,1,1,1,-1,1,0,1,0
Software Engineering,3.74,0,0,1,1,0,0,0,0,1,1,0,2,3,1,4,3,4,13,0.2857142857142857,1,4,6,7,1,6,5,3,0,0,1,0,0,0,1,-1,0,1,0
Data Science,3.93,1,0,0,0,1,0,1,1,0,1,1,3,1,3,3,5,6,15,0.375,3,3,4,7,5,7,2,6,0,0,0,1,1,0,0,1,-2,3,-1
Computer Science,3.98,1,1,1,0,1,0,1,0,1,1,0,2,2,3,4,4,7,15,0.4375,3,2,3,6,5,6,7,4,0,0,1,1,1,0,3,-1,-2,2,-1
AI,3.04,1,1,0,0,0,1,1,1,1,1,0,5,2,2,3,1,7,13,0.5,2,7,9,13,3,6,6,5,0,0,0,1,0,0,1,-2,-1,1,1
Cybersecurity,3.66,0,0,0,1,1,0,1,1,0,1,0,3,3,5,3,2,5,16,0.29411764705882354,3,5,5,12,4,7,1,5,1,0,0,1,0,0,-1,1,-1,2,-1
Data Science,3.69,1,0,1,0,1,1,1,0,1,1,0,4,3,5,4,3,7,19,0.35,4,6,7,14,5,5,4,3,0,0,0,1,1,0,1,0,-1,1,0
Computer Science,3.46,1,0,1,1,0,1,1,0,1,1,0,1,3,1,1,5,7,11,0.5833333333333334,3,5,7,5,3,8,5,4,1,1,0,1,0,1,0,-1,0,1,1
Computer Science,3.52,1,1,1,1,0,0,1,1,0,1,1,4,2,5,2,4,8,17,0.4444444444444444,2,6,8,13,3,10,6,7,1,0,1,1,0,0,1,-1,-1,3,0
Data Science,2.53,0,1,0,0,0,1,1,1,1,1,0,2,2,4,3,4,6,15,0.375,1,4,5,10,2,5,5,5,0,0,0,1,0,0,1,-2,-1,1,1
AI,3.97,0,0,0,0,0,1,1,0,1,0,0,1,2,2,3,5,3,13,0.21428571428571427,1,3,5,7,1,3,3,2,0,0,0,0,0,0,0,-1,0,0,1
Data Science,3.44,1,1,1,1,1,1,1,0,0,1,0,1,2,3,1,4,8,11,0.6666666666666666,5,5,6,5,5,7,4,3,1,0,0,1,1,1,0,0,0,1,0
Cybersecurity,3.1,1,0,0,1,0,1,0,0,0,0,0,5,2,5,5,4,3,21,0.13636363636363635,3,9,13,17,1,4,2,0,0,1,0,0,0,1,-2,0,2,-1,1
AI,3.83,0,0,1,1,0,0,1,1,1,1,0,1,5,5,2,5,6,18,0.3157894736842105,1,3,4,11,2,8,5,6,1,0,1,1,0,0,1,-1,-1,2,0
Software Engineering,3.78,0,1,1,1,1,0,0,0,0,1,1,2,2,2,2,5,6,13,0.42857142857142855,3,4,5,6,3,6,4,3,0,0,1,0,0,0,1,0,0,2,-1
Cybersecurity,3.15,0,0,1,0,1,1,1,1,1,1,0,1,2,1,4,1,7,9,0.7,3,3,3,4,4,4,3,4,0,0,0,1,0,0,1,0,-1,1,0
Computer Science,3.5,0,0,0,1,0,1,0,0,0,0,0,4,3,2,4,4,2,17,0.1111111111111111,2,8,11,14,0,3,1,0,0,1,0,0,0,1,-2,0,2,-1,1
Software Engineering,2.64,1,0,0,1,0,0,1,1,1,1,1,3,4,5,3,3,7,18,0.3684210526315789,2,5,7,13,3,10,5,7,1,0,1,1,0,0,0,-1,-1,3,0
Computer Science,2.7,1,0,1,0,0,0,1,1,1,1,0,1,5,2,4,2,6,14,0.4,1,1,3,7,3,7,6,6,0,0,1,1,0,0,2,-1,-2,2,0
Computer Science,2.82,0,1,1,1,0,1,1,0,0,1,0,1,1,5,2,2,6,11,0.5,2,5,6,8,2,7,4,4,1,1,0,1,0,1,0,-1,0,1,1
Computer Science,2.7,1,1,0,1,1,1,1,0,0,0,1,5,1,5,5,1,7,17,0.3888888888888889,5,9,11,15,4,6,3,2,0,0,0,0,1,1,-1,0,1,1,0
Computer Science,3.6,1,0,0,1,1,1,0,0,0,0,0,3,3,5,3,3,4,17,0.2222222222222222,5,7,10,13,3,3,1,-1,0,0,0,0,1,1,-2,1,2,-1,0
AI,2.66,0,0,1,1,1,0,1,0,0,1,0,2,2,1,4,5,5,14,0.3333333333333333,3,4,4,5,4,7,2,4,1,0,0,1,0,0,0,1,-1,2,-1
Software Engineering,3.08,1,0,1,1,0,1,0,1,0,1,0,2,2,3,3,5,6,15,0.375,3,6,9,8,2,6,3,3,0,1,0,0,0,1,-1,0,1,0,1
Software Engineering,3.34,0,1,0,1,1,1,1,1,0,0,0,3,2,5,3,2,6,15,0.375,4,7,8,13,3,4,2,2,0,0,0,0,0,1,-1,0,1,0,0
Cybersecurity,3.19,1,0,1,0,0,1,1,0,0,0,0,2,3,4,2,3,4,14,0.26666666666666666,2,4,7,11,2,4,3,2,0,0,0,0,0,0,0,0,0,0,1
Software Engineering,2.94,0,0,1,1,1,1,0,0,1,1,1,4,2,4,4,1,7,15,0.4375,4,8,9,13,3,5,3,2,0,0,0,0,0,1,0,0,1,1,0
Data Science,3.19,1,0,1,0,1,0,0,0,0,1,0,2,3,1,1,5,4,12,0.3076923076923077,3,2,4,5,4,4,3,2,0,0,0,0,1,0,1,1,-1,1,-1
AI,2.96,1,1,1,0,0,0,0,1,0,1,1,3,2,5,4,4,6,18,0.3157894736842105,1,3,6,11,2,6,6,5,0,0,1,0,0,0,2,-1,-1,2,0
Data Science,2.71,0,0,1,0,0,0,0,0,1,0,1,3,5,3,2,2,3,15,0.1875,0,3,6,14,0,3,5,2,0,0,1,0,0,0,2,-1,0,1,0
AI,3.88,1,0,1,0,1,1,0,0,0,0,1,1,5,2,4,5,5,17,0.2777777777777778,4,3,6,8,3,2,2,0,0,0,0,0,1,0,0,1,1,0,0
Data Science,3.86,1,0,0,1,1,1,0,0,0,1,0,3,3,5,3,2,5,16,0.29411764705882354,5,7,9,12,4,5,1,1,0,0,0,0,1,1,-2,1,1,0,0
Software Engineering,3.07,0,1,0,1,1,0,0,0,1,1,1,1,3,2,5,3,6,14,0.4,3,3,4,5,3,6,5,3,0,0,1,0,0,0,1,-1,0,2,-1
Computer Science,2.64,1,1,1,1,1,1,0,1,1,1,1,5,2,3,5,3,10,18,0.5263157894736842,5,9,11,13,4,6,6,3,0,0,0,0,1,1,1,-1,1,1,0
Data Science,2.8,0,0,0,0,1,0,1,0,0,1,0,5,3,5,4,2,3,19,0.15,2,5,5,16,4,5,1,4,0,0,0,1,0,0,0,1,-2,2,-1
Software Engineering,3.54,1,1,0,0,1,0,1,1,0,0,0,5,3,2,1,1,5,12,0.38461538461538464,3,5,7,13,4,4,4,3,0,0,1,0,1,0,1,0,-1,1,-1
Computer Science,3.81,0,0,0,1,0,1,0,0,0,0,0,3,2,5,5,1,2,16,0.11764705882352941,2,7,10,14,0,3,1,0,0,1,0,0,0,1,-2,0,2,-1,1
Cybersecurity,3.1,0,1,0,0,1,1,1,0,1,0,1,1,1,1,2,5,6,10,0.5454545454545454,3,3,4,4,3,3,4,2,0,0,0,0,0,0,1,-1,0,1,0
Data Science,3.38,0,1,1,1,0,0,0,1,0,1,0,2,3,3,5,2,5,15,0.3125,1,4,6,9,1,6,5,4,0,0,1,0,0,0,1,-1,0,1,0
AI,3.86,1,1,1,0,1,0,1,0,1,0,1,1,3,5,5,1,7,15,0.4375,3,1,3,8,4,5,7,3,0,0,1,0,1,0,3,-1,-1,2,-1
Computer Science,2.99,1,0,1,1,1,1,0,1,0,1,1,1,4,2,1,2,8,10,0.7272727272727273,5,5,7,6,4,6,2,3,0,0,0,0,1,1,-1,1,1,1,0
Computer Science,3.25,1,0,1,1,0,1,1,1,0,1,1,4,4,1,5,1,8,15,0.5,3,8,10,12,3,9,3,6,1,1,0,1,0,1,-1,0,0,2,1
Computer Science,3.72,0,0,1,0,1,0,1,1,1,1,1,2,5,3,5,2,7,17,0.3888888888888889,2,2,2,10,4,6,4,6,0,0,1,1,0,0,2,0,-2,3,-1
Computer Science,2.91,1,0,1,1,1,0,0,1,0,0,0,2,4,4,3,1,5,14,0.3333333333333333,4,4,7,10,3,4,3,1,0,0,0,0,1,0,0,1,1,0,-1
Software Engineering,3.47,1,0,1,0,1,1,0,0,1,0,0,4,4,1,3,2,5,14,0.3333333333333333,4,6,9,12,3,1,4,-1,0,0,0,0,1,0,1,0,1,-1,0
Data Science,3.06,1,0,1,0,1,1,0,0,1,1,0,2,2,5,1,4,6,14,0.4,4,4,6,9,4,3,4,1,0,0,0,0,1,0,1,0,0,0,0
Software Engineering,3.59,1,0,1,1,1,1,0,1,0,1,1,1,3,1,3,3,8,11,0.6666666666666666,5,5,7,4,4,6,2,3,0,0,0,0,1,1,-1,1,1,1,0
AI,4.0,1,1,0,1,0,1,1,0,0,0,1,2,3,5,3,3,6,16,0.35294117647058826,3,6,9,12,2,7,4,3,0,1,0,0,0,1,-1,-1,1,1,1
AI,2.53,0,1,1,1,0,1,1,0,0,1,0,3,3,3,3,5,6,17,0.3333333333333333,2,7,8,12,2,7,4,4,1,1,0,1,0,1,0,-1,0,1,1
AI,3.77,1,1,1,0,1,1,0,1,0,0,0,4,5,4,4,2,6,19,0.3,4,6,9,16,3,1,4,0,0,0,0,0,1,0,1,0,1,-1,0
Computer Science,3.12,0,0,1,0,0,1,0,0,1,1,1,3,2,1,1,3,5,10,0.45454545454545453,1,5,7,9,1,4,4,3,0,0,0,0,0,0,1,-1,0,1,1
Data Science,3.67,1,0,0,1,0,1,0,0,0,0,0,4,2,3,5,5,3,19,0.15,3,8,12,13,1,4,2,0,0,1,0,0,0,1,-2,0,2,-1,1
Data Science,3.53,1,0,0,0,1,1,0,0,0,1,0,2,1,5,2,4,4,14,0.26666666666666666,4,4,6,8,4,3,1,1,0,0,0,0,1,0,-1,1,0,0,0
Data Science,2.6,1,1,0,1,1,0,0,0,0,1,0,2,4,2,5,2,5,15,0.3125,4,4,6,7,4,6,4,2,0,0,1,0,1,0,0,0,0,1,-1
Software Engineering,3.19,0,0,1,1,0,0,0,0,1,0,0,5,4,1,5,5,3,20,0.14285714285714285,1,7,10,15,0,4,5,1,0,0,1,0,0,0,1,-1,1,0,0
Data Science,2.57,1,1,1,0,0,1,0,0,1,0,1,1,3,3,4,1,6,12,0.46153846153846156,2,3,7,8,1,3,7,1,0,0,0,0,0,0,2,-2,1,0,1
AI,3.49,1,1,1,1,1,1,0,1,1,0,0,2,3,1,1,2,8,9,0.8,5,6,9,7,3,3,6,0,0,0,0,0,1,1,1,-1,2,-1,0
Computer Science,4.0,0,1,0,0,0,0,1,1,1,1,0,3,4,2,1,3,5,13,0.35714285714285715,0,3,4,11,2,6,6,6,0,0,1,1,0,0,2,-2,-2,2,0
Data Science,3.89,0,0,0,1,1,1,0,0,1,0,1,5,4,5,3,2,5,19,0.25,4,9,11,19,2,3,2,0,0,0,0,0,0,1,-1,0,2,0,0
AI,2.55,0,0,0,0,1,0,1,0,0,1,0,4,1,5,5,1,3,16,0.17647058823529413,2,4,4,12,4,5,1,4,0,0,0,1,0,0,0,1,-2,2,-1
AI,3.98,0,1,0,1,1,1,1,0,0,0,0,5,4,3,5,1,5,18,0.2631578947368421,4,9,10,17,3,4,2,1,0,0,0,0,0,1,-1,0,1,0,0
AI,3.79,1,0,0,1,1,1,0,1,1,0,1,2,4,5,3,4,7,18,0.3684210526315789,5,6,9,12,3,4,3,1,0,0,0,0,1,1,-1,0,2,0,0
Cybersecurity,2.7,1,0,0,1,1,1,0,0,0,0,0,4,2,1,3,2,4,12,0.3076923076923077,5,8,11,10,3,3,1,-1,0,0,0,0,1,1,-2,1,2,-1,0
Software Engineering,2.91,0,0,1,1,0,1,0,0,0,1,0,3,1,2,4,3,4,13,0.2857142857142857,2,7,9,9,1,5,2,2,0,1,0,0,0,1,-1,0,1,0,1
Data Science,3.21,1,0,0,0,1,1,1,1,1,0,1,2,2,3,4,3,7,14,0.4666666666666667,4,4,6,8,4,4,3,3,0,0,0,0,1,0,0,0,0,1,0
Computer Science,2.53,0,0,0,0,0,0,1,1,0,1,0,2,1,4,3,3,3,13,0.21428571428571427,0,2,3,8,2,6,2,6,0,0,0,1,0,0,0,0,-2,2,0
Cybersecurity,2.8,1,0,1,0,0,1,0,1,0,0,1,5,5,1,2,3,5,16,0.29411764705882354,2,7,11,16,1,3,3,2,0,0,0,0,0,0,0,0,1,0,1
Computer Science,2.92,0,1,0,0,0,0,0,1,0,1,0,3,5,4,1,2,3,15,0.1875,0,3,5,14,1,4,4,4,0,0,1,0,0,0,1,-1,-1,1,0
Software Engineering,3.57,1,1,1,1,1,0,0,1,0,1,1,5,4,2,4,3,8,18,0.42105263157894735,4,7,9,13,4,7,5,4,0,0,1,0,1,0,1,0,0,2,-1
Computer Science,3.52,1,0,0,1,0,1,0,0,1,0,0,4,4,4,3,2,4,17,0.2222222222222222,3,8,12,16,1,4,4,0,0,1,0,0,0,1,-1,-1,2,-1,1
Computer Science,3.0,1,1,1,1,0,1,1,0,0,0,0,4,3,3,4,2,6,16,0.35294117647058826,3,8,11,14,2,6,5,2,0,1,0,0,0,1,0,-1,1,0,1
Data Science,3.68,1,1,0,1,1,1,1,0,0,0,1,4,2,5,2,5,7,18,0.3684210526315789,5,8,10,14,4,6,3,2,0,0,0,0,1,1,-1,0,1,1,0
Software Engineering,3.98,1,1,1,1,0,0,1,1,1,1,0,3,2,2,4,2,8,13,0.5714285714285714,2,5,7,8,3,9,8,6,1,0,1,1,0,0,2,-2,-1,2,0
Cybersecurity,2.76,1,0,0,1,1,0,0,0,0,0,0,3,3,5,4,3,3,18,0.15789473684210525,4,5,8,12,3,4,2,0,0,0,0,0,1,0,-1,1,1,0,-1
Data Science,3.5,1,1,0,1,1,1,0,0,0,1,0,3,4,3,2,5,6,17,0.3333333333333333,5,7,9,11,4,5,3,1,0,0,0,0,1,1,-1,0,1,0,0
Computer Science,2.9,0,1,1,0,1,0,1,1,0,1,0,1,4,1,5,1,6,12,0.46153846153846156,2,1,1,5,4,5,4,5,0,0,1,1,0,0,2,0,-2,2,-1
Software Engineering,2.84,1,0,0,0,1,1,0,0,1,0,0,1,1,5,1,1,4,9,0.4,4,3,6,7,3,1,3,-1,0,0,0,0,1,0,0,0,1,-1,0
Data Science,3.17,0,0,1,1,0,1,0,0,0,0,0,5,4,4,5,2,3,20,0.14285714285714285,2,9,12,19,0,3,2,0,0,1,0,0,0,1,-1,0,2,-1,1
Computer Science,3.81,1,0,1,1,1,0,1,0,1,1,0,3,1,3,1,1,7,9,0.7,4,5,6,7,5,8,5,4,1,0,1,1,1,0,1,0,-1,2,-1
Computer Science,3.26,0,0,0,1,1,1,1,0,1,0,0,1,5,3,3,3,5,15,0.3125,4,5,6,10,3,4,2,1,0,0,0,0,0,1,-1,0,1,0,0
Computer Science,3.38,1,1,1,1,0,1,0,0,0,0,1,3,5,1,2,3,6,14,0.4,3,7,11,12,1,5,5,1,0,1,0,0,0,1,0,-1,2,0,1
Computer Science,3.58,1,1,1,1,1,1,1,0,0,0,1,2,3,3,1,4,8,13,0.5714285714285714,5,6,8,9,4,6,4,2,0,0,0,0,1,1,0,0,1,1,0
Computer Science,3.41,1,1,1,1,1,1,1,0,1,0,1,1,1,2,4,3,9,11,0.75,5,5,7,4,4,6,6,2,0,0,0,0,1,1,1,-1,1,1,0
Software Engineering,3.53,0,0,1,0,1,1,0,0,0,1,1,2,3,2,2,5,5,14,0.3333333333333333,3,4,5,8,3,3,1,2,0,0,0,0,0,0,0,1,0,1,0
AI,2.9,0,1,0,0,0,0,0,1,0,1,1,3,4,4,5,1,4,17,0.2222222222222222,0,3,5,13,1,5,4,5,0,0,1,0,0,0,1,-1,-1,2,0
Computer Science,3.3,0,0,0,0,1,1,1,1,0,0,1,3,1,4,4,5,5,17,0.2777777777777778,3,5,6,11,3,3,0,3,0,0,0,0,0,0,-1,1,0,1,0
Software Engineering,3.21,0,0,0,1,0,1,0,0,0,1,0,4,2,4,5,3,3,18,0.15789473684210525,2,8,10,14,1,5,1,2,0,1,0,0,0,1,-2,0,1,0,1
Computer Science,3.24,1,1,1,1,1,1,1,0,0,0,0,5,3,3,2,2,7,15,0.4375,5,9,11,15,4,5,4,1,0,0,0,0,1,1,0,0,1,0,0
Software Engineering,3.82,1,1,1,1,0,0,1,1,1,0,1,1,4,1,3,5,8,14,0.5333333333333333,2,3,6,6,2,8,8,5,0,0,1,0,0,0,2,-2,0,2,0
Computer Science,3.45,1,0,0,1,0,1,0,1,0,1,0,3,1,5,2,5,5,16,0.29411764705882354,3,7,10,11,2,6,2,3,0,1,0,0,0,1,-2,0,1,0,1
Data Science,3.47,1,0,1,0,0,1,1,0,0,1,0,3,5,3,3,2,5,16,0.29411764705882354,2,5,7,13,3,6,3,4,0,0,0,1,0,0,0,0,-1,1,1
Software Engineering,2.51,0,1,0,0,1,0,1,0,1,0,0,3,3,1,1,4,4,12,0.3076923076923077,2,3,4,9,3,3,5,2,0,0,1,0,0,0,2,-1,-1,1,-1
Data Science,2.75,1,1,1,1,0,1,0,0,0,0,0,5,3,5,3,4,5,20,0.23809523809523808,3,9,13,18,1,4,5,0,0,1,0,0,0,1,0,-1,2,-1,1
Computer Science,3.63,1,1,0,0,0,0,0,1,1,0,1,4,1,1,3,4,5,13,0.35714285714285715,1,4,8,9,1,4,7,3,0,0,1,0,0,0,2,-2,0,1,0
Cybersecurity,3.31,1,0,0,1,1,1,1,0,0,0,1,3,3,3,5,2,6,16,0.35294117647058826,5,7,9,11,4,6,1,2,0,0,0,0,1,1,-2,1,1,1,0
Software Engineering,3.21,0,0,0,0,0,1,1,1,1,1,1,3,2,2,3,4,6,14,0.4,1,5,6,10,2,6,3,6,0,0,0,1,0,0,0,-1,-1,2,1
Computer Science,3.86,0,1,1,0,1,1,1,0,1,0,1,2,2,5,1,3,7,13,0.5,3,4,5,11,3,3,5,2,0,0,0,0,0,0,2,-1,0,1,0
Computer Science,3.99,1,1,1,1,1,1,0,1,0,0,0,2,2,1,3,1,7,9,0.7,5,6,9,6,3,3,4,0,0,0,0,0,1,1,0,0,2,-1,0
AI,3.94,1,0,1,1,1,0,1,1,0,1,1,3,2,2,5,3,8,15,0.5,4,5,6,7,5,9,3,6,1,0,0,1,1,0,0,1,-1,3,-1
Computer Science,3.95,0,1,0,0,1,0,0,1,0,0,1,1,1,2,5,1,4,10,0.36363636363636365,2,1,3,4,2,2,3,2,0,0,1,0,0,0,1,0,0,1,-1
Computer Science,2.77,0,0,0,0,1,1,1,0,0,0,0,1,4,1,1,4,3,11,0.25,3,3,4,7,3,2,0,1,0,0,0,0,0,0,-1,1,0,0,0
Computer Science,2.75,0,1,1,0,0,0,1,0,1,0,1,3,2,4,4,4,5,17,0.2777777777777778,0,3,5,12,1,5,7,4,0,0,1,0,0,0,3,-2,-1,2,0
Computer Science,3.53,1,1,0,1,0,0,1,0,0,0,1,5,4,4,1,5,5,19,0.25,2,7,10,17,2,8,5,4,0,0,1,0,0,0,0,-1,0,2,0
Computer Science,3.13,1,0,1,1,0,0,1,1,0,1,0,4,3,1,5,2,6,15,0.375,2,6,8,10,3,9,4,6,1,0,0,1,0,0,0,0,-1,2,0
Data Science,3.39,1,0,0,1,0,1,0,0,0,0,0,3,4,4,4,2,3,17,0.16666666666666666,3,7,11,14,1,4,2,0,0,1,0,0,0,1,-2,0,2,-1,1
AI,3.98,0,0,0,0,1,1,1,0,1,1,0,2,1,2,1,3,5,9,0.5,3,4,4,6,4,4,2,3,0,0,0,1,0,0,0,0,-1,1,0
Cybersecurity,3.05,1,1,0,1,0,0,1,0,1,0,0,5,3,2,4,3,5,17,0.2777777777777778,2,7,10,14,2,7,7,3,0,0,1,0,0,0,1,-2,0,1,0
Cybersecurity,2.78,1,0,1,1,0,0,0,0,0,1,0,4,2,5,3,3,4,17,0.2222222222222222,2,6,9,13,2,7,4,3,0,0,0,0,0,0,0,0,0,1,0
Cybersecurity,3.5,1,0,0,1,0,1,1,1,0,1,1,4,3,4,3,3,7,17,0.3888888888888889,3,8,10,14,3,9,2,6,1,1,0,1,0,1,-2,0,0,2,1
AI,3.4,1,1,0,0,0,1,1,0,0,0,1,4,2,2,3,1,5,12,0.38461538461538464,2,6,9,12,2,5,4,3,0,0,0,0,0,0,0,-1,0,1,1
Cybersecurity,2.96,1,1,1,1,0,0,1,0,1,0,1,2,1,3,1,2,7,9,0.7,2,4,7,7,2,8,8,4,0,0,1,0,0,0,2,-2,0,2,0
Computer Science,3.11,1,0,0,0,0,1,1,0,0,0,1,2,1,5,2,5,4,15,0.25,2,4,7,10,2,5,2,3,0,0,0,0,0,0,-1,0,0,1,1
Cybersecurity,3.93,0,0,1,1,1,0,0,0,1,1,0,1,1,4,5,3,5,14,0.3333333333333333,3,3,4,5,3,5,4,2,0,0,1,0,0,0,1,0,0,1,-1
Software Engineering,2.9,1,1,1,0,0,1,1,1,1,0,1,5,4,3,5,2,8,19,0.4,2,7,10,17,2,5,7,4,0,0,0,0,0,0,2,-2,0,1,1
AI,2.7,1,1,0,0,0,0,0,0,1,0,0,1,4,1,4,2,3,12,0.23076923076923078,1,1,5,6,1,3,7,1,0,0,1,0,0,0,2,-2,0,0,0
Computer Science,3.39,1,0,0,1,0,1,1,0,0,0,0,5,3,5,5,4,4,22,0.17391304347826086,3,9,12,18,2,6,2,2,0,1,0,0,0,1,-2,0,1,0,1
AI,3.97,0,0,0,1,1,0,1,0,0,1,0,4,3,1,5,5,4,18,0.21052631578947367,3,6,6,10,4,7,1,4,1,0,0,1,0,0,-1,1,-1,2,-1
Computer Science,3.5,1,1,0,1,0,1,1,1,1,0,0,1,2,3,4,4,7,14,0.4666666666666667,3,5,8,7,2,6,6,3,0,1,0,0,0,1,0,-2,1,0,1
Data Science,2.77,1,0,1,1,0,0,0,0,1,1,1,3,2,1,5,2,6,13,0.42857142857142855,2,5,8,7,2,8,6,4,0,0,1,0,0,0,1,-1,0,2,0
Cybersecurity,3.18,1,1,0,1,1,0,0,0,0,0,1,2,5,5,3,2,5,17,0.2777777777777778,4,4,7,12,3,5,4,1,0,0,1,0,1,0,0,0,1,1,-1
Cybersecurity,2.71,1,1,1,1,1,1,1,0,0,1,0,5,3,1,4,5,8,18,0.42105263157894735,5,9,10,12,5,7,4,3,1,0,0,1,1,1,0,0,0,1,0
Data Science,3.41,1,1,0,1,0,1,1,0,0,0,1,1,2,4,3,3,6,13,0.42857142857142855,3,5,8,8,2,7,4,3,0,1,0,0,0,1,-1,-1,1,1,1
AI,3.61,1,0,0,0,1,0,0,0,1,0,1,4,2,5,4,2,4,17,0.2222222222222222,3,4,7,13,3,3,4,1,0,0,1,0,1,0,1,0,0,1,-1
AI,2.56,0,1,1,1,0,1,1,0,0,0,1,1,2,3,4,4,6,14,0.4,2,5,7,8,1,6,4,3,0,1,0,0,0,1,0,-1,1,1,1
Data Science,2.88,1,1,0,1,1,1,1,1,1,1,1,3,3,1,4,3,10,14,0.6666666666666666,5,7,8,8,5,8,5,5,1,0,0,1,1,1,0,-1,0,2,0
Data Science,3.5,1,0,0,1,1,1,1,0,0,1,0,5,3,5,3,3,6,19,0.3,5,9,10,16,5,7,1,3,1,0,0,1,1,1,-2,1,0,1,0
Cybersecurity,3.71,1,0,1,0,0,0,1,0,1,0,1,2,2,3,4,1,5,12,0.38461538461538464,1,2,5,8,2,6,6,4,0,0,1,0,0,0,2,-1,-1,2,0
Cybersecurity,3.83,1,1,1,1,0,1,1,0,0,0,1,2,5,1,3,1,7,12,0.5384615384615384,3,6,9,10,2,7,5,3,0,1,0,0,0,1,0,-1,1,1,1
Data Science,2.81,0,0,1,1,1,0,1,1,0,0,0,4,1,1,2,2,5,10,0.45454545454545453,3,6,7,9,3,5,2,3,0,0,0,0,0,0,0,1,0,1,-1
Computer Science,3.46,1,1,1,1,1,1,0,0,1,1,0,2,2,5,1,3,8,13,0.5714285714285714,5,6,8,9,4,5,6,1,0,0,0,0,1,1,1,-1,1,0,0
Computer Science,3.52,1,0,0,1,1,1,0,0,0,1,0,3,3,5,3,3,5,17,0.2777777777777778,5,7,9,12,4,5,1,1,0,0,0,0,1,1,-2,1,1,0,0
Data Science,2.65,0,0,0,0,0,0,1,1,0,1,0,1,5,1,3,1,3,11,0.25,0,1,2,7,2,6,2,6,0,0,0,1,0,0,0,0,-2,2,0
Data Science,3.19,1,1,1,1,1,1,0,0,1,1,1,3,1,5,1,1,9,11,0.75,5,7,9,10,4,6,6,2,0,0,0,0,1,1,1,-1,1,1,0
AI,4.0,1,1,1,1,1,1,0,0,0,0,0,5,2,4,1,3,6,15,0.375,5,9,12,15,3,3,4,-1,0,0,0,0,1,1,0,0,2,-1,0
Software Engineering,2.62,1,1,0,0,0,1,1,0,0,0,1,2,2,4,2,4,5,14,0.3333333333333333,2,4,7,10,2,5,4,3,0,0,0,0,0,0,0,-1,0,1,1
Computer Science,2.98,1,1,0,1,0,0,1,0,0,1,1,3,4,5,3,5,6,20,0.2857142857142857,2,5,7,13,3,10,5,6,1,0,1,1,0,0,0,-1,-1,3,0
Cybersecurity,3.81,1,0,0,0,0,1,0,0,0,1,0,5,2,5,4,1,3,17,0.16666666666666666,2,7,10,16,2,4,2,2,0,0,0,0,0,0,-1,0,0,0,1
Data Science,3.26,1,0,1,0,1,1,1,1,1,1,1,2,5,5,4,5,9,21,0.4090909090909091,4,4,5,12,5,6,4,5,0,0,0,1,1,0,1,0,-1,2,0
Data Science,3.93,0,1,0,1,1,1,0,0,0,1,0,1,1,2,4,1,5,9,0.5,4,5,6,4,3,4,2,1,0,0,0,0,0,1,-1,0,1,0,0
Software Engineering,2.63,1,1,0,0,0,0,1,1,1,0,0,3,3,3,2,1,5,12,0.38461538461538464,1,3,6,11,2,5,7,4,0,0,1,0,0,0,2,-2,-1,1,0
AI,3.22,0,0,0,1,1,1,0,0,0,0,0,2,2,5,3,3,3,15,0.1875,4,6,8,11,2,2,0,-1,0,0,0,0,0,1,-2,1,2,-1,0
Data Science,2.52,0,0,0,1,0,1,0,1,0,0,1,3,3,4,2,3,4,15,0.25,2,7,10,14,0,4,1,2,0,1,0,0,0,1,-2,0,2,0,1
AI,3.84,1,0,1,0,0,0,1,1,1,1,1,5,2,1,5,3,7,16,0.4117647058823529,1,5,7,11,3,8,6,7,0,0,1,1,0,0,2,-1,-2,3,0
Software Engineering,3.11,0,1,1,0,0,1,0,0,1,1,1,1,5,1,3,1,6,11,0.5,1,3,5,8,1,4,6,3,0,0,0,0,0,0,2,-2,0,1,1
Software Engineering,3.65,1,0,0,1,1,1,1,0,0,1,0,4,3,2,1,1,6,11,0.5,5,8,9,11,5,7,1,3,1,0,0,1,1,1,-2,1,0,1,0
Software Engineering,3.17,1,0,1,0,1,1,0,0,0,0,0,2,1,4,2,2,4,11,0.3333333333333333,4,4,7,8,3,1,2,-1,0,0,0,0,1,0,0,1,1,-1,0
Software Engineering,2.61,1,0,1,0,0,1,1,1,0,1,1,4,1,4,3,4,7,16,0.4117647058823529,2,6,8,12,3,7,3,6,0,0,0,1,0,0,0,0,-1,2,1
Cybersecurity,2.7,0,0,1,0,0,0,1,1,0,0,0,5,1,5,4,1,3,16,0.17647058823529413,0,5,7,16,1,4,3,4,0,0,0,0,0,0,1,0,-1,1,0
AI,3.68,1,1,0,1,1,0,0,1,0,1,0,1,1,1,5,2,6,10,0.5454545454545454,4,3,5,1,4,6,4,3,0,0,1,0,1,0,0,0,0,1,-1
AI,3.74,1,1,0,0,0,1,0,1,0,0,0,2,1,1,5,1,4,10,0.36363636363636365,2,4,8,6,1,2,4,1,0,0,0,0,0,0,0,-1,1,-1,1
Computer Science,3.45,0,1,1,1,1,0,0,0,0,0,0,4,2,4,2,4,4,16,0.23529411764705882,3,6,8,13,2,3,4,0,0,0,1,0,0,0,1,0,1,0,-1
Cybersecurity,2.97,1,0,0,0,1,1,1,0,1,1,1,2,1,4,3,5,7,15,0.4375,4,4,5,7,5,6,3,4,0,0,0,1,1,0,0,0,-1,2,0
Cybersecurity,2.66,0,1,0,0,0,0,1,0,1,1,1,1,4,1,3,1,5,10,0.45454545454545453,0,1,2,6,2,7,6,6,0,0,1,1,0,0,2,-2,-2,3,0
Data Science,3.24,1,0,0,0,1,1,1,0,0,1,0,3,1,5,3,4,5,16,0.29411764705882354,4,5,6,10,5,5,1,3,0,0,0,1,1,0,-1,1,-1,1,0
Data Science,3.38,0,0,1,1,0,1,1,1,0,1,1,1,1,3,5,4,7,14,0.4666666666666667,2,5,6,6,2,8,2,6,1,1,0,1,0,1,-1,0,0,2,1
Data Science,3.9,0,1,1,0,1,0,1,1,1,1,0,3,4,3,4,1,7,15,0.4375,2,3,3,11,4,5,6,5,0,0,1,1,0,0,3,-1,-2,2,-1
Software Engineering,2.74,0,0,1,1,1,0,1,0,0,0,0,2,4,3,2,4,4,15,0.25,3,4,5,10,3,5,2,2,0,0,0,0,0,0,0,1,0,1,-1
Software Engineering,3.42,1,1,0,1,0,1,1,0,1,1,0,3,3,4,2,3,7,15,0.4375,3,7,9,12,3,8,6,4,1,1,0,1,0,1,0,-2,0,1,1
AI,3.0,0,1,0,1,1,0,1,0,0,1,1,5,1,1,3,4,6,14,0.4,3,7,7,10,4,8,3,5,1,0,1,1,0,0,0,0,-1,3,-1
Data Science,3.49,1,0,1,1,1,1,0,0,1,0,0,2,2,4,4,4,6,16,0.35294117647058826,5,6,9,9,3,3,4,-1,0,0,0,0,1,1,0,0,2,-1,0
Software Engineering,3.48,1,1,0,0,1,0,0,1,0,1,1,4,3,1,5,3,6,16,0.35294117647058826,3,4,6,9,4,5,4,4,0,0,1,0,1,0,1,0,-1,2,-1
Software Engineering,3.61,0,0,1,0,0,1,1,0,0,1,1,2,1,5,4,2,5,14,0.3333333333333333,1,4,5,10,2,6,2,5,0,0,0,1,0,0,0,0,-1,2,1
Cybersecurity,3.08,1,1,0,1,0,0,1,0,0,1,0,3,2,3,4,4,5,16,0.29411764705882354,2,5,7,9,3,9,5,5,1,0,1,1,0,0,0,-1,-1,2,0
AI,3.3,1,0,0,1,1,1,1,0,0,0,1,1,2,5,3,3,6,14,0.4,5,5,7,8,4,6,1,2,0,0,0,0,1,1,-2,1,1,1,0
Data Science,3.1,1,0,1,0,1,0,0,1,0,1,1,4,5,5,1,4,6,19,0.3,3,4,6,15,4,5,3,4,0,0,0,0,1,0,1,1,-1,2,-1
Software Engineering,3.67,1,1,1,0,0,1,0,0,0,0,0,4,1,4,4,4,4,17,0.2222222222222222,2,6,10,13,1,2,5,0,0,0,0,0,0,0,1,-1,1,-1,1
AI,3.59,0,0,1,1,0,1,1,0,1,0,0,5,2,4,5,4,5,20,0.23809523809523808,2,9,11,17,1,5,4,2,0,1,0,0,0,1,0,-1,1,0,1
Cybersecurity,2.47,1,1,1,1,0,0,1,0,0,1,1,4,2,3,1,3,7,13,0.5,2,6,8,11,3,10,6,6,1,0,1,1,0,0,1,-1,-1,3,0
Data Science,2.95,0,1,1,0,0,1,0,1,1,1,0,2,5,2,4,3,6,16,0.35294117647058826,1,4,6,11,1,3,6,3,0,0,0,0,0,0,2,-2,0,0,1
Computer Science,2.63,1,1,1,1,1,1,1,0,1,0,1,1,2,3,4,5,9,15,0.5625,5,5,7,6,4,6,6,2,0,0,0,0,1,1,1,-1,1,1,0
Data Science,4.0,1,0,0,1,0,1,1,0,1,0,1,5,1,3,4,5,6,18,0.3157894736842105,3,9,12,14,2,7,4,3,0,1,0,0,0,1,-1,-1,1,1,1
Software Engineering,2.5,0,1,0,1,0,1,0,1,0,1,1,3,1,3,4,2,6,13,0.42857142857142855,2,7,9,10,1,6,3,4,0,1,0,0,0,1,-1,-1,1,1,1
Cybersecurity,2.87,1,1,0,1,0,1,0,0,0,0,0,5,4,4,4,3,4,20,0.19047619047619047,3,9,13,18,1,4,4,0,0,1,0,0,0,1,-1,-1,2,-1,1
Data Science,2.71,1,1,0,0,0,1,0,0,0,0,1,2,1,3,1,4,4,11,0.3333333333333333,2,4,8,8,1,3,4,1,0,0,0,0,0,0,0,-1,1,0,1
Software Engineering,3.42,0,1,1,0,1,0,0,1,1,0,0,1,3,5,4,2,5,15,0.3125,2,1,3,9,2,1,6,1,0,0,1,0,0,0,3,-1,0,0,-1
Software Engineering,3.36,1,0,0,1,0,0,1,0,1,0,1,4,3,3,4,1,5,15,0.3125,2,6,9,13,2,8,5,4,0,0,1,0,0,0,0,-1,0,2,0
Computer Science,2.71,0,0,1,0,1,0,1,1,0,1,0,3,2,4,3,1,5,13,0.35714285714285715,2,3,3,10,4,5,2,5,0,0,0,1,0,0,1,1,-2,2,-1
Computer Science,3.45,0,0,0,1,0,1,0,0,0,0,0,3,3,5,2,2,2,15,0.125,2,7,10,15,0,3,1,0,0,1,0,0,0,1,-2,0,2,-1,1
Software Engineering,2.97,1,0,0,1,0,0,1,1,0,1,0,3,3,5,3,4,5,18,0.2631578947368421,2,5,7,12,3,9,3,6,1,0,0,1,0,0,-1,0,-1,2,0
AI,2.91,1,1,0,1,0,1,1,1,0,0,0,2,1,4,4,5,6,16,0.35294117647058826,3,6,9,9,2,6,4,3,0,1,0,0,0,1,-1,-1,1,0,1
Computer Science,3.78,1,0,0,1,0,0,1,0,1,0,1,3,4,2,1,4,5,14,0.3333333333333333,2,5,8,11,2,8,5,4,0,0,1,0,0,0,0,-1,0,2,0
Software Engineering,3.36,1,0,0,0,0,0,1,0,0,0,1,4,2,3,2,5,3,16,0.17647058823529413,1,4,7,12,2,6,3,4,0,0,0,0,0,0,0,0,-1,2,0
Data Science,3.22,1,0,0,1,1,1,0,0,0,0,0,3,2,4,1,5,4,15,0.25,5,7,10,11,3,3,1,-1,0,0,0,0,1,1,-2,1,2,-1,0
Data Science,3.55,1,0,0,1,1,1,0,0,0,0,1,4,3,5,2,2,5,16,0.29411764705882354,5,8,11,15,3,4,1,0,0,0,0,0,1,1,-2,1,2,0,0
Software Engineering,3.47,0,1,0,1,0,0,0,0,1,1,1,4,3,1,2,5,5,15,0.3125,1,6,8,11,1,7,6,4,0,0,1,0,0,0,1,-2,0,2,0
Data Science,2.99,1,0,1,0,1,0,0,1,0,0,0,3,1,5,2,2,4,13,0.2857142857142857,3,3,6,10,3,2,3,1,0,0,0,0,1,0,1,1,0,0,-1
Software Engineering,2.69,0,0,1,1,1,1,1,0,1,0,0,4,4,1,1,4,6,14,0.4,4,8,9,13,3,4,3,1,0,0,0,0,0,1,0,0,1,0,0
Software Engineering,2.77,1,0,0,1,0,1,1,0,1,1,1,4,3,5,5,3,7,20,0.3333333333333333,3,8,10,15,3,9,4,5,1,1,0,1,0,1,-1,-1,0,2,1
Computer Science,2.68,1,0,0,0,0,1,1,0,0,0,1,5,4,3,4,2,4,18,0.21052631578947367,2,7,10,17,2,5,2,3,0,0,0,0,0,0,-1,0,0,1,1
Data Science,3.15,1,0,0,1,0,0,0,0,0,0,0,3,3,4,4,3,2,17,0.1111111111111111,2,5,9,12,1,5,3,1,0,0,0,0,0,0,-1,0,1,0,0
Computer Science,3.51,0,1,0,0,1,1,1,0,1,0,1,1,2,1,1,2,6,7,0.75,3,3,4,5,3,3,4,2,0,0,0,0,0,0,1,-1,0,1,0
Cybersecurity,3.84,1,1,1,0,0,0,1,0,1,0,1,2,3,5,4,2,6,16,0.35294117647058826,1,2,5,11,2,6,8,4,0,0,1,0,0,0,3,-2,-1,2,0
AI,3.29,0,1,0,0,1,0,1,0,1,1,0,5,5,3,1,5,5,19,0.25,2,5,5,16,4,5,5,4,0,0,1,1,0,0,2,-1,-2,2,-1
Computer Science,3.19,0,0,0,1,0,1,0,0,1,0,0,3,3,4,3,3,3,16,0.17647058823529413,2,7,10,14,0,3,3,0,0,1,0,0,0,1,-1,-1,2,-1,1
Cybersecurity,3.04,1,0,0,0,1,0,0,0,1,1,1,1,5,3,1,2,5,12,0.38461538461538464,3,1,3,7,4,5,4,3,0,0,1,0,1,0,1,0,-1,2,-1
Data Science,2.82,1,1,0,0,1,0,1,0,0,1,0,1,4,3,2,3,5,13,0.35714285714285715,3,1,2,6,5,6,4,4,0,0,1,1,1,0,1,0,-2,2,-1
Software Engineering,3.22,1,0,1,0,0,0,1,1,1,0,0,2,2,4,5,2,5,15,0.3125,1,2,5,9,2,5,6,4,0,0,1,0,0,0,2,-1,-1,1,0
AI,2.52,1,0,1,1,0,0,0,1,1,0,1,1,5,1,4,5,6,16,0.35294117647058826,2,3,7,7,1,6,6,3,0,0,1,0,0,0,1,-1,1,1,0
Computer Science,3.09,1,1,0,1,0,0,1,0,0,1,1,3,2,3,2,4,6,14,0.4,2,5,7,9,3,10,5,6,1,0,1,1,0,0,0,-1,-1,3,0
AI,3.64,0,0,0,1,1,1,1,0,1,0,0,4,2,5,4,5,5,20,0.23809523809523808,4,8,9,15,3,4,2,1,0,0,0,0,0,1,-1,0,1,0,0
Data Science,3.65,1,1,1,0,0,0,1,0,1,1,1,3,5,2,3,1,7,14,0.4666666666666667,1,3,5,11,3,8,8,6,0,0,1,1,0,0,3,-2,-2,3,0
Cybersecurity,3.92,1,1,1,1,0,1,0,0,0,0,1,1,3,3,1,4,6,12,0.46153846153846156,3,5,9,8,1,5,5,1,0,1,0,0,0,1,0,-1,2,0,1
Computer Science,3.54,0,0,0,1,1,0,1,1,1,0,1,5,5,4,1,4,6,19,0.3,3,7,8,18,3,6,3,4,0,0,1,0,0,0,0,0,0,2,-1
Computer Science,2.65,1,0,0,1,1,1,0,1,1,0,1,1,1,3,1,4,7,10,0.6363636363636364,5,5,8,5,3,4,3,1,0,0,0,0,1,1,-1,0,2,0,0
Software Engineering,2.84,1,0,0,1,0,0,1,1,0,0,0,3,1,2,4,1,4,11,0.3333333333333333,2,5,8,8,2,7,3,4,0,0,0,0,0,0,-1,0,0,1,0
Computer Science,3.3,1,0,1,0,1,1,0,1,0,0,0,2,4,4,1,4,5,15,0.3125,4,4,7,11,3,1,2,0,0,0,0,0,1,0,0,1,1,-1,0
AI,3.17,1,1,0,0,1,1,0,1,1,0,0,1,2,4,3,1,6,11,0.5,4,3,6,7,3,1,5,0,0,0,0,0,1,0,1,-1,1,-1,0
Computer Science,3.83,0,0,1,0,1,0,0,0,1,1,0,3,4,5,5,2,4,19,0.2,2,3,4,13,3,3,4,2,0,0,1,0,0,0,2,0,-1,1,-1
Software Engineering,3.93,0,1,1,0,0,0,1,1,1,0,0,4,3,4,3,2,5,16,0.29411764705882354,0,4,6,15,1,4,7,4,0,0,1,0,0,0,3,-2,-1,1,0
Data Science,3.42,1,0,0,1,0,1,0,0,0,0,0,5,2,3,5,2,3,17,0.16666666666666666,3,9,13,15,1,4,2,0,0,1,0,0,0,1,-2,0,2,-1,1
AI,3.64,0,1,0,1,1,1,1,1,1,0,0,2,3,1,2,4,7,12,0.5384615384615384,4,6,7,8,3,4,4,2,0,0,0,0,0,1,0,-1,1,0,0
Computer Science,2.8,0,0,0,1,0,1,1,1,0,0,1,5,2,4,5,4,5,20,0.23809523809523808,2,9,11,17,1,6,1,4,0,1,0,0,0,1,-2,0,1,1,1
Computer Science,3.18,0,1,0,0,0,1,0,0,0,0,0,4,4,5,2,2,2,17,0.1111111111111111,1,6,9,18,0,1,3,0,0,0,0,0,0,0,0,-1,1,-1,1
AI,2.85,0,1,0,0,0,0,0,0,1,0,1,3,4,3,2,4,3,16,0.17647058823529413,0,3,6,13,0,3,6,2,0,0,1,0,0,0,2,-2,0,1,0
Computer Science,3.79,1,0,1,0,0,1,0,1,1,0,1,2,1,2,4,2,6,11,0.5,2,4,8,7,1,3,5,2,0,0,0,0,0,0,1,-1,1,0,1
Software Engineering,3.97,0,0,1,0,0,0,0,0,0,1,1,2,1,3,5,4,3,15,0.1875,0,2,4,7,1,5,3,4,0,0,0,0,0,0,1,0,-1,2,0
Cybersecurity,2.75,0,0,1,1,1,1,0,0,1,0,0,5,4,2,2,4,5,17,0.2777777777777778,4,9,11,16,2,2,3,-1,0,0,0,0,0,1,0,0,2,-1,0
Computer Science,3.38,1,1,1,0,1,1,1,0,0,1,1,2,2,1,2,2,8,9,0.8,4,4,5,5,5,6,4,4,0,0,0,1,1,0,1,0,-1,2,0
Cybersecurity,3.9,0,1,1,0,1,0,0,0,0,1,0,4,1,2,2,5,4,14,0.26666666666666666,2,4,5,9,3,3,4,2,0,0,1,0,0,0,2,0,-1,1,-1
Software Engineering,3.97,1,0,0,1,1,1,0,0,0,0,1,2,2,4,3,2,5,13,0.35714285714285715,5,6,9,9,3,4,1,0,0,0,0,0,1,1,-2,1,2,0,0
Data Science,3.52,1,1,0,1,0,0,0,1,1,0,0,2,5,1,4,2,5,14,0.3333333333333333,2,4,8,9,1,5,7,2,0,0,1,0,0,0,1,-2,1,0,0
Computer Science,3.9,0,0,1,0,1,0,1,0,0,0,1,1,1,1,3,1,4,7,0.5,2,1,2,3,3,4,2,3,0,0,0,0,0,0,1,1,-1,2,-1
Cybersecurity,2.58,1,1,0,0,1,0,1,1,0,0,0,4,2,2,4,2,5,14,0.3333333333333333,3,4,6,10,4,4,4,3,0,0,1,0,1,0,1,0,-1,1,-1
Data Science,3.75,1,0,1,1,0,1,1,0,0,1,0,4,3,5,2,4,6,18,0.3157894736842105,3,8,10,15,3,8,3,4,1,1,0,1,0,1,-1,0,0,1,1
Data Science,3.24,0,0,0,0,0,0,1,1,1,1,0,5,4,3,5,1,4,18,0.21052631578947367,0,5,6,16,2,6,4,6,0,0,1,1,0,0,1,-1,-2,2,0
AI,3.66,1,1,1,1,1,1,0,0,0,0,0,2,3,5,5,4,6,19,0.3,5,6,9,11,3,3,4,-1,0,0,0,0,1,1,0,0,2,-1,0
Software Engineering,2.59,0,0,1,0,0,1,0,0,0,1,1,2,3,3,2,1,4,11,0.3333333333333333,1,4,6,10,1,4,2,3,0,0,0,0,0,0,0,0,0,1,1
Software Engineering,3.78,1,1,0,1,0,1,1,0,0,1,1,1,2,3,1,1,7,8,0.7777777777777778,3,5,7,6,3,9,4,5,1,1,0,1,0,1,-1,-1,0,2,1
Data Science,2.79,1,1,0,1,1,0,0,1,1,1,1,3,4,1,1,1,8,10,0.7272727272727273,4,5,7,8,4,7,6,4,0,0,1,0,1,0,1,-1,0,2,-1
AI,3.71,1,1,0,0,0,0,1,0,0,0,0,4,1,5,3,2,3,15,0.1875,1,4,7,13,2,5,5,3,0,0,1,0,0,0,1,-1,-1,1,0
AI,3.41,1,0,0,1,1,1,1,0,1,0,0,4,4,3,3,3,6,17,0.3333333333333333,5,8,10,14,4,5,3,1,0,0,0,0,1,1,-1,0,1,0,0
AI,2.61,0,0,1,0,1,0,0,0,1,0,1,5,4,2,1,4,4,16,0.23529411764705882,2,5,7,15,2,2,4,1,0,0,1,0,0,0,2,0,0,1,-1
Data Science,3.61,1,0,0,1,0,1,1,1,1,1,1,5,3,4,2,1,8,15,0.5,3,9,11,16,3,9,4,6,1,1,0,1,0,1,-1,-1,0,2,1
Software Engineering,2.78,1,0,1,1,1,0,1,0,0,0,1,1,3,5,1,1,6,11,0.5,4,3,5,8,4,7,3,3,0,0,0,0,1,0,0,1,0,2,-1
Computer Science,4.0,1,0,0,1,0,0,0,0,1,0,0,5,3,4,2,1,3,15,0.1875,2,7,11,16,1,5,5,1,0,0,1,0,0,0,0,-1,1,0,0
Computer Science,3.24,1,1,0,1,0,0,1,1,0,1,1,3,4,4,3,3,7,17,0.3888888888888889,2,5,7,12,3,10,5,7,1,0,1,1,0,0,0,-1,-1,3,0
Data Science,3.14,0,0,0,0,1,1,1,0,1,0,1,1,2,1,4,1,5,9,0.5,3,3,4,5,3,3,2,2,0,0,0,0,0,0,0,0,0,1,0
Software Engineering,2.96,1,0,0,0,1,0,1,0,1,1,1,3,2,1,2,5,6,13,0.42857142857142855,3,3,4,6,5,7,4,5,0,0,1,1,1,0,1,0,-2,3,-1
Cybersecurity,2.78,0,1,1,1,0,0,0,0,0,0,1,2,5,3,4,2,4,16,0.23529411764705882,1,4,7,12,0,5,5,2,0,0,1,0,0,0,1,-1,1,1,0
Software Engineering,3.61,1,1,1,1,0,1,1,0,0,1,1,1,1,3,5,1,8,11,0.6666666666666666,3,5,7,5,3,9,5,5,1,1,0,1,0,1,0,-1,0,2,1
Data Science,2.98,0,0,1,1,1,1,0,1,0,0,0,1,1,2,4,5,5,13,0.35714285714285715,4,5,7,5,2,2,1,0,0,0,0,0,0,1,-1,1,2,-1,0
Cybersecurity,3.85,0,0,0,1,0,0,1,1,1,0,0,4,2,2,1,1,4,10,0.36363636363636365,1,6,8,12,1,6,4,4,0,0,1,0,0,0,0,-1,0,1,0
Data Science,2.55,1,0,1,0,0,0,0,0,1,0,1,3,3,3,2,5,4,16,0.23529411764705882,1,3,7,11,1,4,6,2,0,0,1,0,0,0,2,-1,0,1,0
Cybersecurity,3.64,1,1,0,1,1,0,0,0,1,1,0,3,3,3,4,2,6,15,0.375,4,5,7,9,4,6,6,2,0,0,1,0,1,0,1,-1,0,1,-1
Computer Science,3.04,1,0,1,1,0,0,0,1,0,1,1,5,2,2,1,3,6,13,0.42857142857142855,2,7,10,12,2,8,4,5,0,0,0,0,0,0,0,0,0,2,0
Software Engineering,3.36,1,0,0,1,0,0,1,1,0,1,0,3,3,4,5,4,5,19,0.25,2,5,7,11,3,9,3,6,1,0,0,1,0,0,-1,0,-1,2,0
Data Science,3.72,0,0,0,1,1,1,0,0,1,0,0,5,2,3,5,4,4,19,0.2,4,9,11,15,2,2,2,-1,0,0,0,0,0,1,-1,0,2,-1,0
AI,3.12,1,1,0,1,0,0,0,0,1,1,0,3,4,3,5,3,5,18,0.2631578947368421,2,5,8,11,2,7,7,3,0,0,1,0,0,0,1,-2,0,1,0
Software Engineering,3.47,0,0,0,1,0,0,1,0,0,1,0,1,5,3,4,5,3,18,0.15789473684210525,1,3,4,9,2,8,2,5,1,0,0,1,0,0,-1,0,-1,2,0
Cybersecurity,3.51,1,1,0,0,1,1,1,1,0,0,0,5,1,5,4,2,6,17,0.3333333333333333,4,7,9,15,4,3,3,2,0,0,0,0,1,0,0,0,0,0,0
AI,3.75,0,0,0,1,0,0,1,0,1,1,1,3,2,3,3,5,5,16,0.29411764705882354,1,5,6,10,2,9,4,6,1,0,1,1,0,0,0,-1,-1,3,0
Computer Science,2.02,1,1,1,1,0,1,1,1,0,1,1,3,3,5,4,5,9,20,0.42857142857142855,3,7,9,13,3,9,5,6,1,1,0,1,0,1,0,-1,0,2,1
Data Science,3.54,1,0,1,1,0,1,0,1,0,1,0,4,3,5,4,4,6,20,0.2857142857142857,3,8,11,15,2,6,3,3,0,1,0,0,0,1,-1,0,1,0,1
Software Engineering,3.35,0,1,0,1,0,0,1,0,0,1,1,2,1,5,2,2,5,12,0.38461538461538464,1,4,5,9,2,9,4,6,1,0,1,1,0,0,0,-1,-1,3,0
Data Science,2.49,1,0,0,1,1,1,1,0,1,1,1,4,2,4,3,3,8,16,0.47058823529411764,5,8,9,12,5,8,3,4,1,0,0,1,1,1,-1,0,0,2,0
Data Science,2.59,1,1,1,0,0,1,1,0,0,0,1,1,4,5,3,4,6,17,0.3333333333333333,2,3,6,11,2,5,5,3,0,0,0,0,0,0,1,-1,0,1,1
Computer Science,3.23,1,0,0,0,1,1,0,1,1,0,1,1,5,1,2,2,6,11,0.5,4,3,6,7,3,2,3,1,0,0,0,0,1,0,0,0,1,0,0
Computer Science,3.8,0,0,1,1,1,0,0,0,0,1,0,2,1,2,1,2,4,8,0.4444444444444444,3,4,5,5,3,5,2,2,0,0,0,0,0,0,0,1,0,1,-1
Computer Science,2.67,1,1,1,0,0,0,1,1,1,1,0,3,5,2,4,2,7,16,0.4117647058823529,1,3,5,11,3,7,8,6,0,0,1,1,0,0,3,-2,-2,2,0
AI,3.93,0,1,0,0,1,0,1,1,0,1,0,4,5,3,1,2,5,15,0.3125,2,4,4,14,4,5,3,5,0,0,1,1,0,0,1,0,-2,2,-1
Software Engineering,3.53,1,1,1,0,1,0,1,0,0,1,1,4,5,3,1,1,7,14,0.4666666666666667,3,4,5,13,5,7,5,5,0,0,1,1,1,0,2,0,-2,3,-1
Data Science,2.93,1,0,1,1,1,0,0,0,0,1,0,5,1,3,3,3,5,15,0.3125,4,7,9,11,4,6,3,2,0,0,0,0,1,0,0,1,0,1,-1
AI,2.72,1,1,1,0,1,0,1,0,1,0,0,3,4,5,4,3,6,19,0.3,3,3,5,13,4,4,7,2,0,0,1,0,1,0,3,-1,-1,1,-1
Cybersecurity,3.51,1,0,0,1,1,1,0,0,0,0,1,5,4,5,4,5,5,23,0.20833333333333334,5,9,12,18,3,4,1,0,0,0,0,0,1,1,-2,1,2,0,0
Software Engineering,2.64,1,0,1,1,0,0,1,0,0,0,1,1,2,2,1,1,5,7,0.625,2,3,6,5,2,8,4,4,0,0,0,0,0,0,0,0,0,2,0
Software Engineering,3.62,1,0,1,0,1,0,0,0,1,1,0,2,5,2,4,2,5,15,0.3125,3,2,4,8,4,4,5,2,0,0,1,0,1,0,2,0,-1,1,-1
AI,3.17,0,1,0,0,0,1,1,0,1,0,1,4,4,4,5,2,5,19,0.25,1,6,8,17,1,4,5,3,0,0,0,0,0,0,1,-2,0,1,1
Computer Science,3.31,1,0,0,0,0,0,1,1,1,0,0,1,4,5,3,2,4,15,0.25,1,1,4,10,2,5,5,4,0,0,1,0,0,0,1,-1,-1,1,0
Software Engineering,2.97,0,1,0,0,0,1,0,0,0,0,0,2,5,1,4,4,2,16,0.11764705882352941,1,4,7,11,0,1,3,0,0,0,0,0,0,0,0,-1,1,-1,1
Computer Science,3.85,1,0,1,0,1,1,0,1,1,1,1,3,4,1,5,4,8,17,0.4444444444444444,4,5,7,9,4,4,4,3,0,0,0,0,1,0,1,0,0,1,0
Computer Science,2.92,0,0,1,0,1,1,1,1,1,0,0,2,3,3,1,1,6,10,0.5454545454545454,3,4,5,10,3,2,3,2,0,0,0,0,0,0,1,0,0,0,0
AI,4.0,0,0,0,0,1,1,0,0,0,0,0,2,1,4,3,2,2,12,0.15384615384615385,3,4,6,9,2,0,0,-1,0,0,0,0,0,0,-1,1,1,-1,0
Data Science,2.91,1,0,0,1,0,1,1,0,0,0,0,5,4,2,5,4,4,20,0.19047619047619047,3,9,12,16,2,6,2,2,0,1,0,0,0,1,-2,0,1,0,1
Data Science,4.0,1,0,1,1,1,0,0,0,0,0,0,4,1,5,3,3,4,16,0.23529411764705882,4,6,9,12,3,4,3,0,0,0,0,0,1,0,0,1,1,0,-1
Cybersecurity,3.7,0,1,1,1,1,0,1,1,0,0,1,5,1,5,2,3,7,16,0.4117647058823529,3,7,8,15,3,6,4,4,0,0,1,0,0,0,1,0,0,2,-1
Data Science,3.27,0,1,1,0,1,0,1,0,1,1,1,1,1,1,1,2,7,6,1.0,2,1,1,2,4,6,6,5,0,0,1,1,0,0,3,-1,-2,3,-1
Cybersecurity,3.09,0,1,1,0,0,0,1,1,0,1,1,2,1,4,4,2,6,13,0.42857142857142855,0,2,3,8,2,7,5,7,0,0,1,1,0,0,2,-1,-2,3,0
Computer Science,3.34,1,1,0,1,0,1,0,0,0,1,0,3,4,4,3,3,5,17,0.2777777777777778,3,7,10,13,2,6,4,2,0,1,0,0,0,1,-1,-1,1,0,1
Cybersecurity,3.27,1,1,0,1,0,1,1,0,0,0,0,2,4,4,2,5,5,17,0.2777777777777778,3,6,9,12,2,6,4,2,0,1,0,0,0,1,-1,-1,1,0,1
Software Engineering,3.36,0,0,1,0,0,1,1,1,0,1,0,1,2,5,5,1,5,14,0.3333333333333333,1,3,4,9,2,5,2,5,0,0,0,1,0,0,0,0,-1,1,1
Computer Science,3.52,1,0,1,0,0,1,0,1,0,0,1,3,1,2,1,2,5,9,0.5,2,5,9,9,1,3,3,2,0,0,0,0,0,0,0,0,1,0,1
Data Science,3.92,0,0,1,0,1,1,0,1,1,0,1,4,1,4,4,2,6,15,0.375,3,6,8,13,2,1,3,1,0,0,0,0,0,0,1,0,1,0,0
Computer Science,3.34,1,0,0,0,1,0,0,1,0,0,0,2,1,4,3,3,3,13,0.21428571428571427,3,2,5,7,3,2,2,1,0,0,0,0,1,0,0,1,0,0,-1
Cybersecurity,3.29,1,1,0,1,1,0,1,1,1,1,1,2,3,3,2,5,9,15,0.5625,4,4,5,7,5,9,6,6,1,0,1,1,1,0,1,-1,-1,3,-1
Software Engineering,2.64,0,0,1,0,1,0,0,1,0,0,0,5,5,5,5,5,3,25,0.11538461538461539,2,5,7,19,2,1,2,1,0,0,0,0,0,0,1,1,0,0,-1
Computer Science,3.92,0,1,1,0,1,0,0,0,1,1,1,1,3,3,2,2,6,11,0.5,2,1,2,6,3,4,6,3,0,0,1,0,0,0,3,-1,-1,2,-1
Software Engineering,3.73,1,0,0,1,0,1,0,0,1,0,0,5,1,5,1,5,4,17,0.2222222222222222,3,9,13,16,1,4,4,0,0,1,0,0,0,1,-1,-1,2,-1,1
Computer Science,3.58,1,1,0,0,0,0,0,0,1,0,0,5,3,4,5,2,3,19,0.15,1,5,9,16,1,3,7,1,0,0,1,0,0,0,2,-2,0,0,0
AI,3.47,1,1,1,1,1,1,1,1,1,1,0,2,2,1,1,5,10,11,0.8333333333333334,5,6,7,5,5,7,6,4,1,0,0,1,1,1,1,-1,0,1,0
Software Engineering,3.07,1,0,1,1,1,0,1,0,1,1,0,2,1,4,3,5,7,15,0.4375,4,4,5,6,5,8,5,4,1,0,1,1,1,0,1,0,-1,2,-1
Software Engineering,3.76,1,1,0,1,1,0,0,1,0,0,0,2,3,4,1,2,5,12,0.38461538461538464,4,4,7,9,3,4,4,1,0,0,1,0,1,0,0,0,1,0,-1
Cybersecurity,3.29,0,0,0,0,1,1,1,1,1,1,0,2,5,1,2,2,6,12,0.46153846153846156,3,4,4,9,4,4,2,4,0,0,0,1,0,0,0,0,-1,1,0
Software Engineering,3.26,1,0,0,1,1,1,1,0,0,1,0,4,3,2,4,4,6,17,0.3333333333333333,5,8,9,11,5,7,1,3,1,0,0,1,1,1,-2,1,0,1,0
AI,2.78,1,0,1,1,1,1,1,1,0,1,0,3,1,4,5,3,8,16,0.47058823529411764,5,7,8,9,5,7,2,4,1,0,0,1,1,1,-1,1,0,1,0
Software Engineering,4.0,0,0,0,1,0,1,0,0,0,1,0,3,4,5,4,2,3,18,0.15789473684210525,2,7,9,15,1,5,1,2,0,1,0,0,0,1,-2,0,1,0,1
Data Science,3.51,1,0,0,0,1,0,0,1,0,1,0,4,3,2,1,5,4,15,0.25,3,4,6,10,4,4,2,3,0,0,0,0,1,0,0,1,-1,1,-1
Data Science,3.59,1,0,1,1,0,0,0,0,1,1,0,3,4,5,2,2,5,16,0.29411764705882354,2,5,8,13,2,7,6,3,0,0,1,0,0,0,1,-1,0,1,0
Data Science,3.24,1,1,1,1,0,0,1,0,0,1,0,3,4,3,2,5,6,17,0.3333333333333333,2,5,7,11,3,9,6,5,1,0,1,1,0,0,1,-1,-1,2,0
Data Science,2.55,1,0,1,1,1,0,0,1,1,0,0,3,3,5,2,3,6,16,0.35294117647058826,4,5,8,12,3,4,5,1,0,0,1,0,1,0,1,0,1,0,-1
AI,2.96,1,0,0,0,1,1,0,1,1,1,0,1,2,3,1,3,6,10,0.5454545454545454,4,3,5,5,4,3,3,2,0,0,0,0,1,0,0,0,0,0,0
Computer Science,3.0,0,0,1,1,1,1,0,0,0,1,0,4,3,3,4,3,5,17,0.2777777777777778,4,8,9,13,3,4,1,1,0,0,0,0,0,1,-1,1,1,0,0
AI,3.69,0,0,1,1,1,0,0,1,1,1,0,4,1,5,5,4,6,19,0.3,3,6,7,12,3,5,4,3,0,0,1,0,0,0,1,0,0,1,-1
Data Science,2.66,1,1,0,1,1,1,0,0,0,0,0,4,3,4,5,2,5,18,0.2631578947368421,5,8,11,14,3,3,3,-1,0,0,0,0,1,1,-1,0,2,-1,0
AI,3.0,0,0,1,0,0,0,1,0,1,1,1,5,4,2,4,4,5,19,0.25,0,5,6,15,2,7,5,6,0,0,1,1,0,0,2,-1,-2,3,0
Software Engineering,3.74,1,0,0,1,0,1,1,1,1,0,0,2,2,5,1,5,6,15,0.375,3,6,9,11,2,6,4,3,0,1,0,0,0,1,-1,-1,1,0,1
Cybersecurity,3.73,1,1,1,1,0,1,0,0,0,1,1,2,1,5,3,1,7,12,0.5384615384615384,3,6,9,9,2,7,5,3,0,1,0,0,0,1,0,-1,1,1,1
Software Engineering,2.62,1,0,1,0,1,0,1,1,0,1,1,3,3,4,3,3,7,16,0.4117647058823529,3,3,4,10,5,7,3,6,0,0,0,1,1,0,1,1,-2,3,-1
Cybersecurity,3.14,1,0,1,1,0,1,1,0,0,0,0,5,4,5,1,4,5,19,0.25,3,9,12,19,2,6,3,2,0,1,0,0,0,1,-1,0,1,0,1
Software Engineering,2.58,0,1,0,1,1,0,1,0,0,1,1,4,1,2,1,3,6,11,0.5,3,6,6,9,4,8,3,5,1,0,1,1,0,0,0,0,-1,3,-1
Computer Science,3.2,1,1,0,0,0,1,0,0,0,0,0,4,5,5,4,2,3,20,0.14285714285714285,2,6,10,18,1,2,4,0,0,0,0,0,0,0,0,-1,1,-1,1
Computer Science,2.69,1,0,1,1,1,1,0,0,0,1,1,1,3,1,4,2,7,11,0.5833333333333334,5,5,7,4,4,6,2,2,0,0,0,0,1,1,-1,1,1,1,0
Software Engineering,2.87,0,0,1,0,1,0,1,0,1,0,1,1,5,5,3,4,5,18,0.2631578947368421,2,1,2,11,3,4,4,3,0,0,1,0,0,0,2,0,-1,2,-1
AI,2.9,1,1,0,0,1,0,0,1,1,1,1,2,1,5,5,5,7,18,0.3684210526315789,3,2,4,7,4,5,6,4,0,0,1,0,1,0,2,-1,-1,2,-1
Cybersecurity,2.78,0,1,1,0,1,1,0,0,0,0,0,4,1,4,5,1,4,15,0.25,3,6,8,13,2,0,3,-1,0,0,0,0,0,0,1,0,1,-1,0
Software Engineering,3.67,1,0,0,0,0,0,1,1,0,1,1,2,2,5,4,3,5,16,0.29411764705882354,1,2,4,9,3,8,3,7,0,0,0,1,0,0,0,0,-2,3,0
Computer Science,3.52,0,0,1,1,0,0,1,1,0,1,1,1,1,4,3,5,6,14,0.4,1,3,4,6,2,9,3,7,1,0,0,1,0,0,0,0,-1,3,0
Cybersecurity,3.28,1,0,0,1,0,1,1,1,1,0,0,3,5,3,1,3,6,15,0.375,3,7,10,14,2,6,4,3,0,1,0,0,0,1,-1,-1,1,0,1
Data Science,2.8,1,1,1,0,1,1,0,1,0,0,0,4,4,2,4,5,6,19,0.3,4,6,9,13,3,1,4,0,0,0,0,0,1,0,1,0,1,-1,0
Software Engineering,3.46,1,1,1,1,1,0,0,1,0,0,1,1,1,5,2,2,7,11,0.5833333333333334,4,3,6,6,3,5,5,2,0,0,1,0,1,0,1,0,1,1,-1
Cybersecurity,3.1,1,1,0,1,0,0,1,0,1,0,1,4,4,5,1,1,6,15,0.375,2,6,9,16,2,8,7,4,0,0,1,0,0,0,1,-2,0,2,0
AI,3.72,1,1,1,0,1,0,1,1,0,0,1,4,4,4,2,3,7,17,0.3888888888888889,3,4,6,14,4,5,5,4,0,0,1,0,1,0,2,0,-1,2,-1
Software Engineering,3.48,1,1,0,1,0,1,1,0,0,1,0,5,2,5,2,5,6,19,0.3,3,9,11,16,3,8,4,4,1,1,0,1,0,1,-1,-1,0,1,1
Cybersecurity,3.3,0,0,1,1,1,0,1,0,1,0,0,5,5,1,5,3,5,19,0.25,3,7,8,15,3,5,4,2,0,0,1,0,0,0,1,0,0,1,-1
AI,2.51,1,1,0,1,0,0,1,0,0,1,1,3,2,5,3,4,6,17,0.3333333333333333,2,5,7,11,3,10,5,6,1,0,1,1,0,0,0,-1,-1,3,0
Software Engineering,4.0,0,0,0,1,1,0,1,1,0,0,1,5,4,4,3,4,5,20,0.23809523809523808,3,7,8,17,3,6,1,4,0,0,0,0,0,0,-1,1,0,2,-1
Software Engineering,3.05,0,0,0,1,0,1,1,1,0,1,1,4,2,5,3,4,6,18,0.3157894736842105,2,8,9,15,2,8,1,6,1,1,0,1,0,1,-2,0,0,2,1
Data Science,3.86,0,1,1,0,1,1,0,0,0,1,0,3,3,4,1,2,5,13,0.35714285714285715,3,5,6,12,3,2,3,1,0,0,0,0,0,0,1,0,0,0,0
Data Science,3.23,1,0,0,1,0,1,1,0,0,1,1,3,4,3,1,4,6,15,0.375,3,7,9,12,3,9,2,5,1,1,0,1,0,1,-2,0,0,2,1
AI,3.52,1,1,1,0,1,1,1,0,0,1,0,4,2,2,2,2,7,12,0.5384615384615384,4,6,7,10,5,5,4,3,0,0,0,1,1,0,1,0,-1,1,0
AI,3.19,0,0,0,0,0,0,1,0,0,1,1,3,3,4,5,5,3,20,0.14285714285714285,0,3,4,12,2,7,2,6,0,0,0,1,0,0,0,0,-2,3,0
Cybersecurity,2.69,1,1,1,0,0,0,1,0,0,1,1,4,3,2,2,4,6,15,0.375,1,4,6,11,3,8,6,6,0,0,1,1,0,0,2,-1,-2,3,0
Computer Science,3.1,0,1,0,0,1,1,0,0,1,0,1,2,4,1,5,3,5,15,0.3125,3,4,6,9,2,1,4,0,0,0,0,0,0,0,1,-1,1,0,0
Cybersecurity,3.65,1,1,0,0,0,0,1,1,1,0,1,3,2,2,4,4,6,15,0.375,1,3,6,9,2,6,7,5,0,0,1,0,0,0,2,-2,-1,2,0
Software Engineering,2.62,1,1,0,1,0,0,1,0,0,0,0,3,1,4,3,5,4,16,0.23529411764705882,2,5,8,10,2,7,5,3,0,0,1,0,0,0,0,-1,0,1,0
AI,2.62,0,0,1,0,0,0,1,1,0,1,1,1,4,2,1,4,5,12,0.38461538461538464,0,1,2,7,2,7,3,7,0,0,0,1,0,0,1,0,-2,3,0
Software Engineering,3.18,1,0,0,1,0,1,1,0,1,1,0,4,4,3,5,3,6,19,0.3,3,8,10,14,3,8,4,4,1,1,0,1,0,1,-1,-1,0,1,1
Computer Science,3.58,0,0,0,1,0,0,1,1,0,0,1,2,2,4,4,4,4,16,0.23529411764705882,1,4,6,10,1,7,2,5,0,0,0,0,0,0,-1,0,0,2,0
Computer Science,3.32,1,1,0,1,0,1,1,0,0,1,1,4,2,5,3,5,7,19,0.35,3,8,10,14,3,9,4,5,1,1,0,1,0,1,-1,-1,0,2,1
Cybersecurity,2.91,0,0,1,1,1,0,1,0,1,1,0,3,1,4,4,2,6,14,0.4,3,5,5,9,4,7,4,4,1,0,1,1,0,0,1,0,-1,2,-1
AI,3.03,0,1,0,1,1,1,1,0,1,0,0,3,4,5,5,4,6,21,0.2727272727272727,4,7,8,15,3,4,4,1,0,0,0,0,0,1,0,-1,1,0,0
Data Science,3.7,0,1,0,0,0,0,1,0,1,1,1,5,3,5,5,3,5,21,0.22727272727272727,0,5,6,17,2,7,6,6,0,0,1,1,0,0,2,-2,-2,3,0
AI,3.14,0,0,1,1,1,0,1,0,1,0,1,3,3,3,3,3,6,15,0.375,3,5,6,11,3,6,4,3,0,0,1,0,0,0,1,0,0,2,-1
Data Science,3.75,1,0,0,1,1,1,1,0,1,1,0,4,3,5,3,4,7,19,0.35,5,8,9,14,5,7,3,3,1,0,0,1,1,1,-1,0,0,1,0
AI,3.29,0,1,0,1,1,1,1,1,1,0,0,4,4,3,3,3,7,17,0.3888888888888889,4,8,9,15,3,4,4,2,0,0,0,0,0,1,0,-1,1,0,0
Computer Science,3.26,1,0,0,1,1,1,0,0,0,1,0,5,2,2,3,4,5,16,0.29411764705882354,5,9,11,12,4,5,1,1,0,0,0,0,1,1,-2,1,1,0,0
Software Engineering,3.26,0,0,1,0,1,0,1,0,0,1,1,4,1,4,3,4,5,16,0.29411764705882354,2,4,4,11,4,6,2,5,0,0,0,1,0,0,1,1,-2,3,-1
Software Engineering,3.88,1,1,1,1,1,1,0,1,1,0,0,3,3,4,2,2,8,14,0.5333333333333333,5,7,10,12,3,3,6,0,0,0,0,0,1,1,1,-1,2,-1,0
Data Science,2.98,0,1,0,1,1,0,0,1,0,1,1,5,2,5,2,4,6,18,0.3157894736842105,3,7,8,15,3,6,3,4,0,0,1,0,0,0,0,0,0,2,-1
Cybersecurity,2.96,0,1,0,1,1,1,1,1,1,0,0,4,3,5,4,2,7,18,0.3684210526315789,4,8,9,16,3,4,4,2,0,0,0,0,0,1,0,-1,1,0,0
Data Science,3.21,0,1,1,1,1,1,0,0,0,0,1,3,5,5,4,3,6,20,0.2857142857142857,4,7,9,16,2,3,3,0,0,0,0,0,0,1,0,0,2,0,0
AI,2.67,1,1,0,1,1,0,1,0,0,1,0,3,4,4,2,5,6,18,0.3157894736842105,4,5,6,11,5,8,4,4,1,0,1,1,1,0,0,0,-1,2,-1
Software Engineering,3.55,0,1,0,0,1,0,0,0,0,1,0,4,3,3,2,4,3,16,0.17647058823529413,2,4,5,12,3,3,3,2,0,0,1,0,0,0,1,0,-1,1,-1
AI,2.66,1,1,1,1,1,0,1,1,0,1,0,2,2,5,3,4,8,16,0.47058823529411764,4,4,5,8,5,8,5,5,1,0,1,1,1,0,1,0,-1,2,-1
AI,3.59,0,0,1,1,1,0,0,0,0,0,0,4,2,5,3,1,3,15,0.1875,3,6,8,14,2,3,2,0,0,0,0,0,0,0,0,1,1,0,-1
Computer Science,3.25,1,1,1,0,1,0,1,1,1,0,1,2,1,4,3,1,8,11,0.6666666666666666,3,2,4,7,4,5,7,4,0,0,1,0,1,0,3,-1,-1,2,-1
Software Engineering,2.59,1,0,0,0,0,0,1,1,0,0,0,3,3,4,3,4,3,17,0.16666666666666666,1,3,6,12,2,5,3,4,0,0,0,0,0,0,0,0,-1,1,0
Computer Science,3.57,1,0,1,1,0,1,1,0,0,1,0,3,1,3,4,5,6,16,0.35294117647058826,3,7,9,9,3,8,3,4,1,1,0,1,0,1,-1,0,0,1,1
Data Science,2.52,0,0,1,1,0,1,1,1,0,0,0,1,4,1,3,3,5,12,0.38461538461538464,2,5,7,8,1,5,2,3,0,1,0,0,0,1,-1,0,1,0,1
Cybersecurity,3.5,1,0,1,0,0,0,0,0,0,1,1,1,1,1,2,4,4,9,0.4,1,1,4,2,2,6,4,4,0,0,0,0,0,0,1,0,-1,2,0
Data Science,3.25,0,1,1,1,1,0,1,1,1,1,1,1,3,1,5,2,9,12,0.6923076923076923,3,3,3,4,4,8,6,6,1,0,1,1,0,0,2,-1,-1,3,-1
AI,2.86,0,1,0,1,1,1,0,1,1,1,0,3,2,5,3,3,7,16,0.4117647058823529,4,7,8,12,3,4,4,2,0,0,0,0,0,1,0,-1,1,0,0
Computer Science,3.24,1,0,1,0,1,1,0,1,1,1,1,1,5,2,3,5,8,16,0.47058823529411764,4,3,5,7,4,4,4,3,0,0,0,0,1,0,1,0,0,1,0
Cybersecurity,3.45,0,1,1,1,1,1,1,1,0,0,1,3,3,5,1,4,8,16,0.47058823529411764,4,7,8,14,3,5,3,3,0,0,0,0,0,1,0,0,1,1,0
Computer Science,3.98,1,1,0,0,1,0,0,1,0,1,0,4,4,1,1,2,5,12,0.38461538461538464,3,4,6,10,4,4,4,3,0,0,1,0,1,0,1,0,-1,1,-1
Data Science,3.02,1,0,0,0,0,1,1,0,0,0,0,5,3,4,4,4,3,20,0.14285714285714285,2,7,10,17,2,4,2,2,0,0,0,0,0,0,-1,0,0,0,1
Cybersecurity,3.12,1,1,1,0,0,1,1,1,1,0,0,1,5,1,2,5,7,14,0.4666666666666667,2,3,6,8,2,4,7,3,0,0,0,0,0,0,2,-2,0,0,1
Software Engineering,3.23,0,1,0,0,1,1,1,1,1,1,0,1,1,4,5,2,7,13,0.5,3,3,3,6,4,4,4,4,0,0,0,1,0,0,1,-1,-1,1,0
Data Science,3.05,1,1,0,0,0,1,0,0,0,0,0,2,2,3,3,4,3,14,0.2,2,4,8,9,1,2,4,0,0,0,0,0,0,0,0,-1,1,-1,1
Data Science,3.3,1,1,0,1,1,1,0,0,1,0,0,3,1,5,2,3,6,14,0.4,5,7,10,11,3,3,5,-1,0,0,0,0,1,1,0,-1,2,-1,0
Software Engineering,3.32,1,0,1,1,0,1,1,1,0,1,0,2,2,2,1,5,7,12,0.5384615384615384,3,6,8,7,3,8,3,5,1,1,0,1,0,1,-1,0,0,1,1
Data Science,3.97,1,1,1,0,1,1,1,0,0,0,0,2,2,5,4,2,6,15,0.375,4,4,6,10,4,3,4,1,0,0,0,0,1,0,1,0,0,0,0
AI,2.76,0,1,1,0,0,0,0,0,0,1,0,5,4,1,5,5,3,20,0.14285714285714285,0,5,7,14,1,4,5,3,0,0,1,0,0,0,2,-1,-1,1,0
AI,3.26,1,1,1,0,1,0,1,1,1,1,0,5,4,5,1,4,8,19,0.4,3,5,6,16,5,6,7,5,0,0,1,1,1,0,3,-1,-2,2,-1
Cybersecurity,3.69,1,1,0,0,1,0,0,1,0,1,1,1,2,2,1,5,6,11,0.5,3,1,3,3,4,5,4,4,0,0,1,0,1,0,1,0,-1,2,-1
AI,2.8,1,1,0,1,1,0,0,1,0,1,1,1,5,4,3,4,7,17,0.3888888888888889,4,3,5,8,4,7,4,4,0,0,1,0,1,0,0,0,0,2,-1
Cybersecurity,3.76,1,1,0,1,0,1,0,0,0,1,0,4,3,4,3,3,5,17,0.2777777777777778,3,8,11,14,2,6,4,2,0,1,0,0,0,1,-1,-1,1,0,1
Data Science,2.67,1,1,0,1,1,0,0,1,1,1,1,4,5,2,2,5,8,18,0.42105263157894735,4,6,8,12,4,7,6,4,0,0,1,0,1,0,1,-1,0,2,-1
Computer Science,2.56,1,1,0,1,1,0,0,1,0,0,1,1,5,1,3,5,6,15,0.375,4,3,6,6,3,5,4,2,0,0,1,0,1,0,0,0,1,1,-1
AI,3.92,0,0,0,1,1,1,0,0,1,1,0,5,4,3,4,4,5,20,0.23809523809523808,4,9,10,16,3,4,2,1,0,0,0,0,0,1,-1,0,1,0,0
Computer Science,3.28,0,1,0,1,0,1,0,0,0,1,0,3,2,4,4,3,4,16,0.23529411764705882,2,7,9,12,1,5,3,2,0,1,0,0,0,1,-1,-1,1,0,1
Computer Science,3.05,1,0,0,0,0,0,1,0,0,1,0,2,2,4,3,4,3,15,0.1875,1,2,4,8,3,7,3,5,0,0,0,1,0,0,0,0,-2,2,0
Data Science,3.9,0,1,1,1,1,0,1,0,1,1,0,4,5,5,4,4,7,22,0.30434782608695654,3,6,6,16,4,7,6,4,1,0,1,1,0,0,2,-1,-1,2,-1
Cybersecurity,2.78,0,1,0,0,1,0,0,1,1,0,1,1,1,3,2,1,5,8,0.5555555555555556,2,1,3,5,2,2,5,2,0,0,1,0,0,0,2,-1,0,1,-1
Computer Science,2.69,1,0,1,0,1,1,0,0,1,1,0,2,1,3,2,1,6,9,0.6,4,4,6,6,4,3,4,1,0,0,0,0,1,0,1,0,0,0,0
Cybersecurity,2.91,0,0,0,1,0,1,1,1,1,1,1,2,2,1,4,3,7,12,0.5384615384615384,2,6,7,7,2,8,3,6,1,1,0,1,0,1,-1,-1,0,2,1
Computer Science,3.21,0,1,0,1,0,0,1,1,0,0,1,1,3,2,2,4,5,12,0.38461538461538464,1,3,5,7,1,7,4,5,0,0,1,0,0,0,0,-1,0,2,0
Software Engineering,3.07,0,0,1,0,1,1,0,0,1,1,0,4,2,2,4,5,5,17,0.2777777777777778,3,6,7,11,3,2,3,1,0,0,0,0,0,0,1,0,0,0,0
Cybersecurity,2.56,1,0,0,0,1,0,0,1,1,1,0,4,4,1,1,2,5,12,0.38461538461538464,3,4,6,10,4,4,4,3,0,0,1,0,1,0,1,0,-1,1,-1
AI,3.85,1,1,1,1,1,0,1,1,0,1,1,4,1,2,5,1,9,13,0.6428571428571429,4,6,7,8,5,9,5,6,1,0,1,1,1,0,1,0,-1,3,-1
Software Engineering,3.7,1,0,0,1,1,1,1,0,0,1,0,3,1,3,3,5,6,15,0.375,5,7,8,8,5,7,1,3,1,0,0,1,1,1,-2,1,0,1,0
Computer Science,2.86,1,1,0,0,1,0,1,0,0,0,0,5,4,4,2,2,4,17,0.2222222222222222,3,5,7,16,4,4,4,2,0,0,1,0,1,0,1,0,-1,1,-1
AI,3.17,0,0,1,1,0,1,1,0,0,1,1,3,5,3,4,2,6,17,0.3333333333333333,2,7,8,14,2,8,2,5,1,1,0,1,0,1,-1,0,0,2,1
AI,2.85,1,0,0,1,0,1,0,0,0,0,0,5,2,5,4,3,3,19,0.15,3,9,13,17,1,4,2,0,0,1,0,0,0,1,-2,0,2,-1,1
Computer Science,3.72,1,0,0,1,1,0,0,1,0,1,0,3,1,2,2,4,5,12,0.38461538461538464,4,5,7,6,4,6,2,3,0,0,0,0,1,0,-1,1,0,1,-1
Data Science,2.82,0,1,1,0,0,1,0,0,1,0,0,4,4,1,3,1,4,13,0.2857142857142857,1,6,9,14,0,1,6,0,0,0,0,0,0,0,2,-2,1,-1,1
Data Science,2.99,1,1,0,1,0,1,1,0,0,0,0,5,5,5,3,2,5,20,0.23809523809523808,3,9,12,20,2,6,4,2,0,1,0,0,0,1,-1,-1,1,0,1
Data Science,3.28,1,0,0,0,1,0,1,0,1,0,0,2,2,5,2,2,4,13,0.2857142857142857,3,2,4,9,4,4,4,2,0,0,1,0,1,0,1,0,-1,1,-1
Computer Science,3.14,1,1,0,0,0,1,0,0,1,0,0,1,3,2,1,2,4,9,0.4,2,3,7,7,1,2,6,0,0,0,0,0,0,0,1,-2,1,-1,1
Cybersecurity,2.94,1,0,0,0,1,1,1,1,0,1,1,3,3,3,4,2,7,15,0.4375,4,5,6,10,5,6,1,5,0,0,0,1,1,0,-1,1,-1,2,0
Cybersecurity,3.93,0,1,1,1,1,0,1,0,0,0,0,4,4,5,4,4,5,21,0.22727272727272727,3,6,7,16,3,5,4,2,0,0,1,0,0,0,1,0,0,1,-1
Computer Science,3.79,1,1,0,0,0,1,1,0,0,0,1,2,1,3,5,2,5,13,0.35714285714285715,2,4,7,8,2,5,4,3,0,0,0,0,0,0,0,-1,0,1,1
Cybersecurity,3.64,0,1,1,1,1,0,0,1,0,0,1,2,1,1,3,1,6,8,0.6666666666666666,3,4,6,5,2,4,4,2,0,0,1,0,0,0,1,0,1,1,-1
Data Science,3.19,1,1,0,1,0,1,0,0,0,0,0,4,3,3,3,3,4,16,0.23529411764705882,3,8,12,14,1,4,4,0,0,1,0,0,0,1,-1,-1,2,-1,1
Data Science,3.79,0,1,1,0,1,1,1,0,0,0,0,4,1,1,1,2,5,9,0.5,3,6,7,10,3,2,3,1,0,0,0,0,0,0,1,0,0,0,0
Computer Science,2.84,1,0,0,1,0,1,1,0,1,0,0,4,5,5,4,2,5,20,0.23809523809523808,3,8,11,18,2,6,4,2,0,1,0,0,0,1,-1,-1,1,0,1
Software Engineering,2.58,1,0,0,0,0,1,1,0,0,1,1,4,3,3,3,3,5,16,0.29411764705882354,2,6,8,13,3,7,2,5,0,0,0,1,0,0,-1,0,-1,2,1
AI,2.91,1,0,1,1,1,1,1,0,0,0,0,4,3,1,4,1,6,13,0.42857142857142855,5,8,10,11,4,5,2,1,0,0,0,0,1,1,-1,1,1,0,0
Software Engineering,3.56,0,1,1,0,0,0,0,1,1,0,0,5,3,3,5,2,4,18,0.21052631578947367,0,5,8,16,0,2,7,2,0,0,1,0,0,0,3,-2,0,0,0
Computer Science,2.67,0,1,1,0,1,1,0,0,1,1,1,2,5,3,3,2,7,15,0.4375,3,4,5,11,3,3,5,2,0,0,0,0,0,0,2,-1,0,1,0
Cybersecurity,3.55,1,1,1,1,1,1,0,1,0,1,1,5,3,2,2,3,9,15,0.5625,5,9,11,13,4,6,4,3,0,0,0,0,1,1,0,0,1,1,0
Cybersecurity,2.51,1,1,1,1,0,1,0,0,1,0,1,2,2,3,3,4,7,14,0.4666666666666667,3,6,10,9,1,5,7,1,0,1,0,0,0,1,1,-2,2,0,1
Software Engineering,2.76,0,0,0,1,0,1,1,0,0,1,0,2,3,2,3,5,4,15,0.25,2,6,7,9,2,7,1,4,1,1,0,1,0,1,-2,0,0,1,1
Computer Science,3.04,1,0,0,0,0,1,1,0,1,1,0,2,3,2,5,1,5,13,0.35714285714285715,2,4,6,8,3,6,4,4,0,0,0,1,0,0,0,-1,-1,1,1
Computer Science,3.43,1,1,0,0,1,1,0,1,1,0,0,3,2,4,2,4,6,15,0.375,4,5,8,11,3,1,5,0,0,0,0,0,1,0,1,-1,1,-1,0
Data Science,4.0,1,0,0,1,1,1,1,0,1,0,1,4,1,4,3,5,7,17,0.3888888888888889,5,8,10,12,4,6,3,2,0,0,0,0,1,1,-1,0,1,1,0
Computer Science,2.83,1,0,1,0,0,0,0,0,0,1,0,2,2,4,3,1,3,12,0.23076923076923078,1,2,5,8,2,5,4,3,0,0,0,0,0,0,1,0,-1,1,0
Software Engineering,3.23,0,0,0,0,0,0,1,0,1,0,0,2,1,4,2,5,2,14,0.13333333333333333,0,2,4,9,1,4,4,3,0,0,1,0,0,0,1,-1,-1,1,0
Software Engineering,2.99,1,1,0,1,0,1,0,0,0,1,1,3,3,5,2,4,6,17,0.3333333333333333,3,7,10,13,2,7,4,3,0,1,0,0,0,1,-1,-1,1,1,1
Computer Science,3.32,1,0,1,0,0,0,1,0,0,1,1,3,1,5,4,3,5,16,0.29411764705882354,1,3,5,10,3,8,4,6,0,0,0,1,0,0,1,0,-2,3,0
AI,2.56,0,1,0,1,1,0,0,1,1,1,0,1,2,2,2,5,6,12,0.46153846153846156,3,3,4,4,3,5,5,3,0,0,1,0,0,0,1,-1,0,1,-1
Software Engineering,3.34,1,0,1,0,1,0,0,1,0,0,1,5,5,5,1,3,5,19,0.25,3,5,8,18,3,3,3,2,0,0,0,0,1,0,1,1,0,1,-1
Computer Science,2.89,1,1,0,0,0,1,1,1,0,1,1,1,2,4,2,3,7,12,0.5384615384615384,2,3,5,7,3,7,4,6,0,0,0,1,0,0,0,-1,-1,2,1
Software Engineering,3.51,0,0,1,1,1,1,1,0,1,0,1,1,5,5,3,4,7,18,0.3684210526315789,4,5,6,12,3,5,3,2,0,0,0,0,0,1,0,0,1,1,0
Computer Science,3.05,0,0,0,1,0,1,0,0,0,1,0,4,4,4,4,3,3,19,0.15,2,8,10,16,1,5,1,2,0,1,0,0,0,1,-2,0,1,0,1
Cybersecurity,3.56,1,0,1,1,0,1,0,1,1,0,0,1,5,4,3,5,6,18,0.3157894736842105,3,5,9,11,1,4,5,1,0,1,0,0,0,1,0,-1,2,-1,1
AI,3.02,1,1,1,0,1,1,1,0,0,1,1,1,4,1,2,4,8,12,0.6153846153846154,4,3,4,5,5,6,4,4,0,0,0,1,1,0,1,0,-1,2,0
Cybersecurity,3.51,1,0,0,1,1,1,1,0,0,0,0,3,2,4,4,3,5,16,0.29411764705882354,5,7,9,11,4,5,1,1,0,0,0,0,1,1,-2,1,1,0,0
AI,3.87,0,1,1,1,1,0,0,1,1,1,0,1,3,1,1,4,7,10,0.6363636363636364,3,3,4,4,3,5,6,3,0,0,1,0,0,0,2,-1,0,1,-1
AI,3.27,0,0,1,1,0,1,1,0,1,0,0,4,3,3,5,3,5,18,0.2631578947368421,2,8,10,15,1,5,4,2,0,1,0,0,0,1,0,-1,1,0,1
Software Engineering,3.08,1,1,0,0,0,1,1,0,0,1,0,3,3,5,1,3,5,15,0.3125,2,5,7,13,3,6,4,4,0,0,0,1,0,0,0,-1,-1,1,1
AI,3.29,0,1,1,0,1,1,0,1,0,0,1,2,1,2,1,4,6,10,0.5454545454545454,3,4,6,7,2,1,3,1,0,0,0,0,0,0,1,0,1,0,0
Computer Science,3.17,1,0,0,1,1,1,0,0,0,1,0,3,2,5,4,2,5,16,0.29411764705882354,5,7,9,11,4,5,1,1,0,0,0,0,1,1,-2,1,1,0,0
Computer Science,3.25,0,0,1,0,0,1,0,1,0,1,0,1,2,1,4,4,4,12,0.3076923076923077,1,3,5,5,1,3,2,3,0,0,0,0,0,0,0,0,0,0,1
Computer Science,3.26,1,0,0,1,1,0,0,0,0,1,0,4,1,5,3,3,4,16,0.23529411764705882,4,6,8,11,4,6,2,2,0,0,0,0,1,0,-1,1,0,1,-1
AI,3.17,1,1,0,0,0,0,1,1,1,0,0,2,1,2,3,4,5,12,0.38461538461538464,1,2,5,6,2,5,7,4,0,0,1,0,0,0,2,-2,-1,1,0
Cybersecurity,3.94,0,1,1,1,0,0,0,1,0,1,1,1,2,4,4,1,6,12,0.46153846153846156,1,3,5,7,1,7,5,5,0,0,1,0,0,0,1,-1,0,2,0
Cybersecurity,2.75,1,1,0,1,0,1,1,0,1,1,1,3,1,3,2,2,8,11,0.6666666666666666,3,7,9,9,3,9,6,5,1,1,0,1,0,1,0,-2,0,2,1
AI,3.85,1,0,0,0,1,1,1,0,1,1,0,3,2,3,3,5,6,16,0.35294117647058826,4,5,6,9,5,5,3,3,0,0,0,1,1,0,0,0,-1,1,0
Cybersecurity,3.57,0,1,0,0,0,1,1,0,0,1,0,2,1,1,4,4,4,12,0.3076923076923077,1,4,5,6,2,5,3,4,0,0,0,1,0,0,0,-1,-1,1,1
Computer Science,2.86,0,0,0,1,0,1,0,0,0,0,0,3,4,2,4,4,2,17,0.1111111111111111,2,7,10,13,0,3,1,0,0,1,0,0,0,1,-2,0,2,-1,1
Computer Science,3.74,1,1,0,1,0,0,1,0,1,0,1,3,3,5,1,3,6,15,0.375,2,5,8,13,2,8,7,4,0,0,1,0,0,0,1,-2,0,2,0
Data Science,3.16,1,1,0,0,0,0,1,1,0,1,1,1,2,4,4,1,6,12,0.46153846153846156,1,1,3,6,3,8,5,7,0,0,1,1,0,0,1,-1,-2,3,0
AI,3.31,0,1,0,0,0,1,1,0,0,1,1,5,3,4,2,5,5,19,0.25,1,7,8,17,2,6,3,5,0,0,0,1,0,0,0,-1,-1,2,1
Software Engineering,2.97,1,0,1,0,0,1,1,0,0,1,0,5,2,5,3,5,5,20,0.23809523809523808,2,7,9,16,3,6,3,4,0,0,0,1,0,0,0,0,-1,1,1
Data Science,2.53,0,1,1,1,0,0,1,0,1,0,1,2,5,1,4,2,6,14,0.4,1,4,6,10,1,7,7,4,0,0,1,0,0,0,2,-2,0,2,0
Data Science,3.59,1,0,0,1,1,1,0,0,0,0,0,3,2,5,2,2,4,14,0.26666666666666666,5,7,10,12,3,3,1,-1,0,0,0,0,1,1,-2,1,2,-1,0
