is_month_start,week_of_year,is_month_end,is_quarter_start,is_quarter_end,week_sin,week_cos,lag_1,lag_2,lag_3,lag_4,rolling_mean_2,rolling_mean_4,residual_lag1,residual_lag2,rolling_std_2,rolling_std_4,ewm_0.1,ewm_0.5,ewm_0.9,expanding_mean,expanding_std,expanding_max,expanding_min,diff_1,diff_2,diff_3,pct_change_1,pct_change_2,pct_change_3,is_main_hiring_peak,is_summer_hiring_peak,is_may_slowdown,is_december_slowdown,is_post_peak_spring,is_early_summer_recovery,is_stable_plateau,is_q1_peak,is_q2_low,is_q3_second,is_new_year_holidays,is_may_holidays,is_nauryz_week,is_graduation_season,job_title_unified
-0.158113883008419,-1.6903085094570331,-0.158113883008419,-0.158113883008419,0.0,0.5303619368702434,1.8934028924643687,-0.5187934639925522,-0.5408200498512151,-0.5733330238193639,-0.9997638653388241,-0.5322429593670697,-0.6711133369607973,0.23400538696321968,0.9963829068184613,-0.5477583520591919,0.6582811883438819,-0.8687444949772687,-0.6005046102034002,-0.5227693593784213,-0.6839909510015613,-0.277727914709333,-0.7112945094326353,-0.7064733642901582,0.1623003927426775,0.21123580823213944,1.366899425515776,0.11079811943214793,0.22914487456301497,5.971242941514645,2.6832815729997477,-0.32879797461071464,-0.3287979746107146,0.0,-0.5303300858899107,-0.5303300858899107,-0.5679618342470648,1.885618083164127,-0.6813851438692469,-0.6813851438692469,0.0,-0.22645540682891913,-0.22645540682891913,-0.5303300858899107,917.1347067150543
-0.158113883008419,-1.6057930839841814,-0.158113883008419,-0.158113883008419,0.0,0.6656569576593118,1.7884793133004748,-0.5758647403677065,-0.521756951377234,-0.5433026536697625,-0.5523860557655749,-0.5510231293583973,-0.5579314532455748,-0.14391750662730773,0.12704472604402972,-0.30913460987107494,-0.5573509257729394,-0.8322578917503403,-0.5915417741607777,-0.5717035841769817,-0.6668580359653369,-0.37497356952566824,-0.7112945094326353,-0.7064733642901582,-0.24034679829957664,0.15066619455467675,0.027265379618939,-0.5727048316309361,0.10776869514728486,-0.10084946343102753,2.6832815729997477,-0.32879797461071464,-0.3287979746107146,0.0,-0.5303300858899107,-0.5303300858899107,-0.5679618342470648,1.885618083164127,-0.6813851438692469,-0.6813851438692469,0.0,-0.22645540682891913,-0.22645540682891913,-0.5303300858899107,917.1347067150543
-0.158113883008419,-1.52127765851133,-0.158113883008419,-0.158113883008419,0.0,0.7901069880828537,1.663399820402848,-0.609898070316193,-0.5779158090438272,-0.5244700486606905,-0.5223230822293315,-0.5964085401707722,-0.5681374496961961,-0.21372492009307395,-0.18926140230263486,-0.4549602300971464,-0.48060299560947145,-0.8032941977413958,-0.6041951897503623,-0.6072303818389246,-0.6609683304486615,-0.44896012108258193,-0.7112945094326353,-0.7064733642901582,-0.11900106949232198,-0.2512957871230302,-0.008719906107227561,-0.39984579572906676,-0.576359462578288,-0.12962147492835716,2.6832815729997477,-0.32879797461071464,-0.3287979746107146,0.0,-0.5303300858899107,-0.5303300858899107,-0.5679618342470648,1.885618083164127,-0.6813851438692469,-0.6813851438692469,0.0,-0.22645540682891913,-0.22645540682891913,-0.5303300858899107,917.1347067150543
-0.158113883008419,-1.4367622330384782,-0.158113883008419,-0.158113883008419,0.0,0.9018972664602313,1.519988354432424,-0.6633042188507411,-0.6114050360927131,-0.5799498850387675,-0.5034700310286365,-0.639968101122879,-0.5994096695897662,-0.2498322029201944,-0.24768737505456653,-0.3323341403615863,-0.36801574360672445,-0.7833064637074953,-0.6374104056730221,-0.6588538965062398,-0.6642025618017492,-0.504410507043205,-0.7112945094326353,-0.7064733642901582,-0.22104179598933157,-0.1301565597681048,-0.24753134774451474,-0.6241140914599396,-0.40334231086909234,-0.2917928607346906,2.6832815729997477,-0.32879797461071464,-0.3287979746107146,0.0,-0.5303300858899107,-0.5303300858899107,-0.5679618342470648,1.885618083164127,-0.6813851438692469,-0.6813851438692469,0.0,-0.22645540682891913,-0.22645540682891913,-0.5303300858899107,917.1347067150543
-0.158113883008419,-1.3522468075656264,-0.158113883008419,-0.158113883008419,0.0,0.9993976388029182,1.3603361774975484,-0.669063705457408,-0.6639573616155803,-0.613034191135786,-0.5590101007820353,-0.6694425345814903,-0.6369625026837187,-0.07531366925577888,-0.2779077057883243,-0.6339280367382342,-0.45751093736226417,-0.7659731451977263,-0.6569177547069651,-0.6692003576191706,-0.6673304039655904,-0.5472865842917413,-0.7112945094326353,-0.7064733642901582,0.029923234043854215,-0.23202363731656478,-0.17556077629218161,-0.1337447343779215,-0.6278157469471398,-0.2507794468821941,2.6832815729997477,-0.32879797461071464,-0.3287979746107146,0.0,-0.5303300858899107,-0.5303300858899107,-0.5679618342470648,1.885618083164127,-0.6813851438692469,-0.6813851438692469,0.0,-0.22645540682891913,-0.22645540682891913,-0.5303300858899107,917.1347067150543
-0.158113883008419,-1.267731382092775,-0.158113883008419,-0.158113883008419,0.0,1.0811863301304405,1.1867713778433255,-0.7229934436834713,-0.6696247692700071,-0.6649511022418766,-0.5921303258643373,-0.6991778037344256,-0.6737302591276233,-0.1872462460198523,-0.1318427739084951,-0.32901992172008465,-0.4484269407360379,-0.7565123529422423,-0.6938235501765871,-0.7187771213266936,-0.6756074828889528,-0.5755521724815198,-0.7112945094326353,-0.7064733642901582,-0.22379965346222372,0.01851431016748543,-0.23608148410437083,-0.7027784404072808,-0.13699784434143203,-0.30399048313965643,-0.37267799624996495,-0.32879797461071464,-0.3287979746107146,0.0,1.885618083164127,-0.5303300858899107,-0.5679618342470648,1.885618083164127,-0.6813851438692469,-0.6813851438692469,0.0,-0.22645540682891913,-0.22645540682891913,-0.5303300858899107,917.1347067150543
-0.158113883008419,-1.1832159566199232,-0.158113883008419,-0.158113883008419,0.0,1.1460706771511489,1.0018249210826056,-0.6470729384137706,-0.7226923136705494,-0.6705499848121412,-0.6441036021473344,-0.6882227045728179,-0.6830203328198555,0.2989984960520365,-0.22552579918314417,-0.18982273877701641,-0.5227419360102791,-0.7393550846843489,-0.6740525883178611,-0.6553988069066368,-0.6748244584561,-0.6051146275154718,-0.7112945094326353,-0.7064733642901582,0.46014899981502994,-0.23477680157463127,-0.08723325678250006,0.9492636774617905,-0.7065520509240617,-0.18764295593254718,-0.37267799624996495,-0.32879797461071464,-0.3287979746107146,0.0,1.885618083164127,-0.5303300858899107,-0.5679618342470648,1.885618083164127,-0.6813851438692469,-0.6813851438692469,0.0,-0.22645540682891913,-0.22645540682891913,-0.5303300858899107,917.1347067150543
-0.158113883008419,-1.0987005311470714,-0.158113883008419,-0.158113883008419,0.0,1.1931045199786567,0.8081937430181111,-0.7020498560228642,-0.6479855764076501,-0.7229758852428013,-0.6497085633151086,-0.6777892767998581,-0.6927029448371115,-0.004302679695775326,0.18144132136479368,-0.32239148443708143,-0.5179279540637188,-0.7301719453138692,-0.6918464539907145,-0.6985456584510791,-0.6790583613183236,-0.62770092385928,-0.7112945094326353,-0.7064733642901582,-0.22931536840800804,0.4480079344258572,-0.2377171789101057,-0.6852336791493833,0.947001205612659,-0.32265478658194824,-0.37267799624996495,-0.32879797461071464,-0.3287979746107146,0.0,1.885618083164127,-0.5303300858899107,-0.5679618342470648,1.885618083164127,-0.6813851438692469,-0.6813851438692469,0.0,-0.22645540682891913,4.415880433163923,-0.5303300858899107,917.1347067150543
-0.158113883008419,-1.01418510567422,-0.158113883008419,-0.158113883008419,0.0,1.2216019992735485,0.6087014222454614,-0.7669749777707462,-0.7020835585635427,-0.6491724331802217,-0.7021913815224489,-0.7375206508000526,-0.7171711670969342,-0.35093259483613165,-0.07240945679877149,-0.2594213302485506,-0.42852518565323433,-0.7292979946960702,-0.733431377100235,-0.7612993977990427,-0.6878635174901268,-0.6372720962998911,-0.7112945094326353,-0.7064733642901582,-0.2817146603929589,-0.24028313009076424,0.16793513291213558,-0.892331636367094,-0.6889912413058562,0.06931712699729563,-0.37267799624996495,-0.32879797461071464,-0.3287979746107146,0.0,1.885618083164127,-0.5303300858899107,-0.5679618342470648,1.885618083164127,-0.6813851438692469,-0.6813851438692469,0.0,-0.22645540682891913,4.415880433163923,-0.5303300858899107,917.1347067150543
-0.158113883008419,-0.9296696802013682,-0.158113883008419,-0.158113883008419,0.0,1.2311475576169701,0.4062570060191075,-0.7779703612925649,-0.7659706993952635,-0.7026163122600207,-0.6283078024926981,-0.7753418264770316,-0.7309100084727704,-0.1258638652137475,-0.362524631842846,-0.6007858503232179,-0.36596109465175614,-0.7297631195523758,-0.7597597079754385,-0.7774717083311287,-0.6961389596567312,-0.6449145129742951,-0.7112945094326353,-0.7064733642901582,0.002344659314932698,-0.29259325099402744,-0.24098856852157538,-0.23191444796947427,-0.8962786329984862,-0.318492027310157,-0.37267799624996495,-0.32879797461071464,-0.3287979746107146,0.0,1.885618083164127,-0.5303300858899107,-0.5679618342470648,-0.5303300858899107,1.4675987714106855,-0.6813851438692469,0.0,-0.22645540682891913,-0.22645540682891913,-0.5303300858899107,917.1347067150543
-0.158113883008419,-0.8451542547285166,-0.158113883008419,-0.158113883008419,0.0,1.2216019992735485,0.20381258979275438,-0.7130452395446829,-0.776790295826442,-0.7657309885066406,-0.6818097045487245,-0.7484757499616603,-0.747396618123774,0.3471415398215304,-0.17415123693575596,-0.2594213302485506,-0.49432494383554887,-0.7227908571074185,-0.7402358831399465,-0.720649885190818,-0.6987091354110068,-0.6612664216800886,-0.7112945094326353,-0.7064733642901582,0.40223399288429473,-0.009017332413179428,-0.2720667698305374,0.9401373874259482,-0.2352573547054736,-0.3676291417401972,-0.37267799624996495,-0.32879797461071464,-0.3287979746107146,0.0,1.885618083164127,-0.5303300858899107,-0.5679618342470648,-0.5303300858899107,1.4675987714106855,-0.6813851438692469,0.0,-0.22645540682891913,-0.22645540682891913,-0.5303300858899107,917.1347067150543
-0.158113883008419,-0.760638829255665,-0.158113883008419,-0.158113883008419,0.0,1.193104519978657,0.004320269020105462,-0.6219406332210421,-0.7129031549947212,-0.7764197643226004,-0.74499290316727,-0.6707467130531103,-0.7273771635475554,0.6420176829096808,0.2217350956764707,-0.09371039817346932,-0.30858609500060974,-0.7061447546334079,-0.6846053392099561,-0.6329645139278158,-0.6950128710074782,-0.6741234372034753,-0.7112945094326353,-0.7064733642901582,0.5401268665289023,0.390191485006461,-0.1035902048398485,1.1229411282570285,0.9378665676723558,-0.21093520137580582,-0.37267799624996495,-0.32879797461071464,-0.3287979746107146,0.0,1.885618083164127,-0.5303300858899107,-0.5679618342470648,-0.5303300858899107,1.4675987714106855,-0.6813851438692469,0.0,-0.22645540682891913,-0.22645540682891913,-0.5303300858899107,917.1347067150543
-0.158113883008419,-0.6761234037828132,-0.158113883008419,-0.158113883008419,0.0,1.1460706771511489,-0.18931090904438963,-0.5947139692622528,-0.623255070279242,-0.7133050880759805,-0.7556932835784752,-0.6117978461358877,-0.6843287939032684,0.4085239206276352,0.4685344633354924,-0.49804507243666757,-0.23592571901125733,-0.6880638632905651,-0.6430822003562442,-0.5996892766558461,-0.6901189683021483,-0.6828442985652594,-0.7112945094326353,-0.7064733642901582,0.2036682548360598,0.5278496979097853,0.13358554199170386,0.22434995443960637,1.1208375208271248,0.06715177701587839,-0.37267799624996495,-0.32879797461071464,-0.3287979746107146,0.0,1.885618083164127,-0.5303300858899107,-0.5679618342470648,-0.5303300858899107,1.4675987714106855,-0.6813851438692469,0.0,-0.22645540682891913,-0.22645540682891913,-0.5303300858899107,917.1347067150543
-0.158113883008419,-0.5916079783099616,6.32455532033676,-0.158113883008419,0.0,1.0811863301304405,-0.3742573658051099,-0.54183141041922,-0.5964636886401333,-0.6247409456008849,-0.6925100849599297,-0.5718899849043168,-0.6253171990413432,0.3796380943659388,0.2731096579238589,-0.3356483590030879,-0.3064773162309624,-0.6657710743370157,-0.5956957356263037,-0.5487622007226374,-0.6827668495064686,-0.6825660238545384,-0.7112945094326353,-0.7064733642901582,0.33880327100777524,0.19196365842567406,0.21537028227844604,0.4694976661400963,0.2214243971002687,0.11052472212906189,-0.37267799624996495,-0.32879797461071464,-0.3287979746107146,0.0,1.885618083164127,-0.5303300858899107,-0.5679618342470648,-0.5303300858899107,1.4675987714106855,-0.6813851438692469,0.0,-0.22645540682891913,-0.22645540682891913,-0.5303300858899107,917.1347067150543
-0.158113883008419,-0.50709255283711,-0.158113883008419,-0.158113883008419,0.0,0.9993976388029183,-0.5478221654593324,-0.6114688393907386,-0.5444265819949413,-0.5982735007232701,-0.6038497901242289,-0.5802367271226845,-0.5999330540231314,-0.12466028911951017,0.2489333933368527,-0.2295933624750359,-0.5079262682456904,-0.6536348735568787,-0.6070630089574744,-0.6063500915788173,-0.6800049027111331,-0.6928286404831885,-0.7112945094326353,-0.7064733642901582,-0.3065353776489883,0.32686870707093185,0.015815515978795096,-0.708560033330516,0.46679634774868217,-0.1026795891393197,-0.37267799624996495,-0.32879797461071464,3.0413812651491097,0.0,-0.5303300858899107,-0.5303300858899107,-0.5679618342470648,-0.5303300858899107,1.4675987714106855,-0.6813851438692469,0.0,4.415880433163923,-0.22645540682891913,-0.5303300858899107,917.1347067150543
-0.158113883008419,-0.4225771273642583,-0.158113883008419,-0.158113883008419,0.0,0.9018972664602316,-0.7074743423942076,-0.7648806190046855,-0.6129506927257387,-0.546865578941749,-0.5773536100583873,-0.6913527329047058,-0.6356540416003057,-0.7914414453270012,-0.17314389257796406,0.300681620165224,-0.17131406311601513,-0.6601762147981454,-0.6899852032844829,-0.7501947103313804,-0.6854087269340436,-0.6958583482834961,-0.7112945094326353,-0.7064733642901582,-0.7477925733117325,-0.31737172931662583,0.09596456145980244,-1.6728834172802614,-0.712338932325437,-0.04451459647632436,-0.37267799624996495,-0.32879797461071464,3.0413812651491097,0.0,-0.5303300858899107,-0.5303300858899107,-0.5679618342470648,-0.5303300858899107,1.4675987714106855,-0.6813851438692469,0.0,4.415880433163923,-0.22645540682891913,-0.5303300858899107,917.1347067150543
-0.158113883008419,-0.3380617018914066,-0.158113883008419,-0.158113883008419,0.0,0.7901069880828537,-0.8508858083646323,-0.7502201076422605,-0.7639098238845629,-0.6145611591094946,-0.5258898756997333,-0.7604741919005641,-0.6745153357776711,-0.21131776790459925,-0.7312126667946907,-0.5775863198327065,-0.10094341611197144,-0.6643945146988524,-0.7240651413540627,-0.751383256743584,-0.6895572333829278,-0.7012913817791857,-0.7112945094326353,-0.7064733642901582,0.13747967548664813,-0.7578780106072636,-0.286788023082151,0.1523972360100531,-1.6775443920635917,-0.3240265567185231,-0.37267799624996495,-0.32879797461071464,3.0413812651491097,0.0,-0.5303300858899107,-0.5303300858899107,-0.5679618342470648,-0.5303300858899107,1.4675987714106855,-0.6813851438692469,0.0,-0.22645540682891913,-0.22645540682891913,-0.5303300858899107,917.1347067150543
-0.158113883008419,-0.253546276418555,-0.158113883008419,-0.158113883008419,0.0,0.6656569576593118,-0.9759653012622592,-0.9444718831943912,-0.7494836953096581,-0.7636950312083626,-0.5936589516373667,-0.8499408350536939,-0.7751359930921291,-0.7854235648558144,-0.24567268633898268,0.5591906742023508,0.05654955508181703,-0.690304005227228,-0.8389054683833508,-0.9263479912702537,-0.7023324472276237,-0.6618532586598659,-0.7112945094326353,-0.7064733642901582,-0.9629054561973204,0.1258877162320784,-0.548499191999726,-2.855328288173142,0.14940586283352497,-0.5528268264135541,-0.37267799624996495,-0.32879797461071464,3.0413812651491097,0.0,-0.5303300858899107,-0.5303300858899107,-0.5679618342470648,-0.5303300858899107,1.4675987714106855,-0.6813851438692469,0.0,-0.22645540682891913,-0.22645540682891913,-0.5303300858899107,917.1347067150543
-0.158113883008419,-0.1690308509457033,-0.158113883008419,-0.158113883008419,0.0,0.530361936870244,-1.0808888804261523,-0.9088677841713593,-0.9406298989271454,-0.7494433301204161,-0.7429547354698975,-0.9289740504338639,-0.8494565826299862,-0.20891061571612457,-0.726175945005731,-0.4450175741726416,-0.15409014039915217,-0.7095694863199998,-0.8783999598127499,-0.9117972414555068,-0.7123678492968931,-0.6424768216632158,-0.7112945094326353,-0.7064733642901582,0.24779397440233422,-0.9726248227364495,-0.023441159358841158,0.9973277295685289,-2.8610708565474843,-0.11975145699607838,-0.37267799624996495,-0.32879797461071464,-0.3287979746107146,0.0,-0.5303300858899107,1.8856180831641272,-0.5679618342470648,-0.5303300858899107,1.4675987714106855,-0.6813851438692469,0.0,-0.22645540682891913,-0.22645540682891913,1.8856180831641272,917.1347067150543
-0.158113883008419,-0.08451542547285165,-0.158113883008419,-0.158113883008419,0.0,0.38619483177660796,-1.1641265238047793,-0.804673435559839,-0.905595015245234,-0.9382783695357062,-0.7286875615882904,-0.8593309200493576,-0.8594008868639248,0.6347962263442567,-0.24365799762339882,-0.010854932135928705,-0.20295194240502845,-0.7150472573009874,-0.8456882533956297,-0.8165569101473356,-0.7171122184223969,-0.6460168255381434,-0.7112945094326353,-0.7064733642901582,0.6090733033512061,0.23601428655473783,-0.6760833868470438,2.5319002836303746,0.9951092223658653,-0.8333797092563247,-0.37267799624996495,-0.32879797461071464,-0.3287979746107146,0.0,-0.5303300858899107,1.8856180831641272,-0.5679618342470648,-0.5303300858899107,1.4675987714106855,-0.6813851438692469,0.0,-0.22645540682891913,-0.22645540682891913,1.8856180831641272,917.1347067150543
-0.158113883008419,0.0,-0.158113883008419,-0.158113883008419,0.0,0.23525792340671806,-1.2244644391228292,-0.7413190828865025,-0.8030664585878756,-0.9036670954649791,-0.9177276155195837,-0.7758634978656797,-0.8571765030221228,0.604706823988323,0.46249039718874085,-0.26936398617305546,-0.18396561121847285,-0.7127651878557185,-0.7974352483883249,-0.750007670908326,-0.7188866050743483,-0.6548471151015731,-0.7112945094326353,-0.7064733642901582,0.39396042046561824,0.5966788043614474,0.0419866328705526,0.9979176931796957,2.5310854645659693,0.0807210484075752,-0.37267799624996495,-0.32879797461071464,-0.3287979746107146,0.0,-0.5303300858899107,1.8856180831641272,-0.5679618342470648,-0.5303300858899107,1.4675987714106855,-0.6813851438692469,0.0,-0.22645540682891913,-0.22645540682891913,1.8856180831641272,917.1347067150543
-0.158113883008419,0.08451542547285165,-0.158113883008419,-0.158113883008419,0.0,0.07975221176492564,-1.2610227637058127,-0.7046678044804401,-0.7407249743891803,-0.8023782198756456,-0.8830787646642523,-0.7260438802497969,-0.7972489854018084,0.38806312702560025,0.4373067882439427,-0.43838913688963826,-0.2069736067109,-0.7065390573138934,-0.7548558481498615,-0.7103629583267931,-0.7190891700906733,-0.6640741462029033,-0.7112945094326353,-0.7064733642901582,0.25330968934811854,0.38193199223226154,0.25626265242181717,0.4472688598450219,0.9956997256223691,0.4448215359409568,-0.37267799624996495,-0.32879797461071464,-0.3287979746107146,0.0,-0.5303300858899107,1.8856180831641272,-0.5679618342470648,-0.5303300858899107,1.4675987714106855,-0.6813851438692469,0.0,-0.22645540682891913,-0.22645540682891913,1.8856180831641272,917.1347067150543
-0.158113883008419,0.1690308509457033,-0.158113883008419,-0.158113883008419,0.0,-0.07805467970466644,-1.2732683948591323,-0.7020498560228642,-0.7046596529519186,-0.7407905116027343,-0.7816799217199737,-0.7064812031754973,-0.7455647726069958,0.1702158539686402,0.25598480384139616,-0.6538133485872439,-0.43955819429975695,-0.7006375206804595,-0.7322480839067147,-0.7040420735930946,-0.7191779477772074,-0.6727524494595919,-0.7112945094326353,-0.7064733642901582,0.07404895361012864,0.2415206150708708,0.12867845757449933,-0.03315773597662952,0.4445472085526697,0.08086102617394685,-0.37267799624996495,-0.32879797461071464,-0.3287979746107146,0.0,-0.5303300858899107,1.8856180831641272,-0.5679618342470648,-0.5303300858899107,-0.6813851438692469,1.4675987714106855,0.0,-0.22645540682891913,-0.22645540682891913,1.8856180831641272,917.1347067150543
-0.158113883008419,0.253546276418555,-0.158113883008419,-0.158113883008419,0.0,-0.23586157117425735,-1.2610227637058127,-0.6292708889022546,-0.7020835585635427,-0.7051612588828683,-0.7200253488744576,-0.6689208631928423,-0.701731326312661,0.41454180109882194,0.07365547508105769,-0.20970805062602618,-0.444523819333712,-0.6870412054573614,-0.6843020191403024,-0.63790169049957,-0.7166311542623266,-0.6784467112737134,-0.7112945094326353,-0.7064733642901582,0.443601854977677,0.0625649382965492,0.045258022482022285,0.8588937770465755,-0.03631883805420124,-0.04978871609217376,-0.37267799624996495,-0.32879797461071464,-0.3287979746107146,0.0,-0.5303300858899107,1.8856180831641272,-0.5679618342470648,-0.5303300858899107,-0.6813851438692469,1.4675987714106855,0.0,-0.22645540682891913,-0.22645540682891913,1.8856180831641272,917.1347067150543
-0.158113883008419,0.3380617018914066,-0.158113883008419,-0.158113883008419,0.0,-0.39136728281604977,-1.2244644391228294,-0.7036206250974097,-0.6304681345666944,-0.7026163122600207,-0.68435741417044,-0.6697033702758143,-0.6923104065120876,-0.1005887672347632,0.2781463797128185,-0.1997653947015213,-0.4994389603339197,-0.6832682654970553,-0.6977620078762842,-0.6982097948956995,-0.7168560914053046,-0.6861896293496021,-0.7112945094326353,-0.7064733642901582,-0.33135609490501766,0.43148894887745826,-0.061062139890742564,-0.8731096236614688,0.8565486429883926,-0.16377717320334956,-0.37267799624996495,-0.32879797461071464,-0.3287979746107146,0.0,-0.5303300858899107,1.8856180831641272,-0.5679618342470648,-0.5303300858899107,-0.6813851438692469,1.4675987714106855,0.0,-0.22645540682891913,-0.22645540682891913,1.8856180831641272,917.1347067150543
-0.158113883008419,0.4225771273642583,-0.158113883008419,-0.158113883008419,0.0,-0.5423041911859398,-1.1641265238047793,-0.6502144765628617,-0.7036292151965682,-0.6318667961448581,-0.6818097045487245,-0.680136798048774,-0.6787024112445926,0.14855148427236792,-0.15299700542212555,-0.3323341403615863,-0.49765726187126846,-0.6737930289586306,-0.6776034941164077,-0.6561697704341914,-0.715269372639974,-0.6924648133083361,-0.7112945094326353,-0.7064733642901582,0.3415611284806674,-0.3421502076392242,0.15812096407772652,0.6150610808293062,-0.8770390377346711,0.047875504890585625,-0.37267799624996495,-0.32879797461071464,-0.3287979746107146,0.0,-0.5303300858899107,1.8856180831641272,-0.5679618342470648,-0.5303300858899107,-0.6813851438692469,1.4675987714106855,0.0,-0.22645540682891913,-0.22645540682891913,1.8856180831641272,917.1347067150543
-0.158113883008419,0.50709255283711,-0.158113883008419,-0.158113883008419,0.0,-0.6864712962795747,-1.0808888804261532,-0.7083329323210463,-0.651076889673701,-0.7041432802337293,-0.6109833770650324,-0.6824843192976899,-0.6802725645446882,-0.07049936487882949,0.055523276640803025,-0.3025061725880717,-0.48754373175063576,-0.6718813411106227,-0.696785260787384,-0.7042781471451428,-0.7156779071266798,-0.6993696836448154,-0.7112945094326353,-0.7064733642901582,-0.24586251324536093,0.32962187132899834,-0.30150927633376456,-0.7249162085292914,0.6124929106803931,-0.3630684292610341,-0.37267799624996495,-0.32879797461071464,-0.3287979746107146,0.0,-0.5303300858899107,1.8856180831641272,-0.5679618342470648,-0.5303300858899107,-0.6813851438692469,1.4675987714106855,0.0,-0.22645540682891913,-0.22645540682891913,1.8856180831641272,917.1347067150543
-0.158113883008419,0.5916079783099616,-0.158113883008419,-0.158113883008419,0.0,-0.8217663170686434,-0.9759653012622596,-0.6041385837095261,-0.7082661850956447,-0.6522263691276388,-0.6833383303217538,-0.6595307781971785,-0.6739919513443059,0.41935610547577135,-0.1278133964773274,-0.010854932135928705,-0.43145346304638443,-0.6582996600449086,-0.6539171919910524,-0.6153037284895414,-0.7127819247572088,-0.7020846671111692,-0.7112945094326353,-0.7064733642901582,0.6090733033512061,-0.25680211563916316,0.09760025626553728,1.2784391553221357,-0.728710068673526,-0.009977480511959746,-0.37267799624996495,3.04138126514911,-0.3287979746107146,0.0,-0.5303300858899107,-0.5303300858899107,-0.5679618342470648,-0.5303300858899107,-0.6813851438692469,1.4675987714106855,0.0,-0.22645540682891913,-0.22645540682891913,-0.5303300858899107,917.1347067150543
-0.158113883008419,0.6761234037828132,-0.158113883008419,-0.158113883008419,0.0,-0.9462163474921855,-0.8508858083646326,-0.5910488414216466,-0.6057376284382863,-0.7087241841548549,-0.6313650540387568,-0.601103582668604,-0.645860038050927,0.3736202138947521,0.28217575714398624,-0.5875289757572114,-0.41026140362201946,-0.6445860513568076,-0.6258928369733112,-0.5946242192462556,-0.7096679818261562,-0.703757785983368,-0.7112945094326353,-0.7064733642901582,0.12920610306797167,0.5966788043614474,-0.2508027373559844,0.0684588387256176,1.276477783419341,-0.3279073060179241,-0.37267799624996495,3.04138126514911,-0.3287979746107146,0.0,-0.5303300858899107,-0.5303300858899107,-0.5679618342470648,-0.5303300858899107,-0.6813851438692469,1.4675987714106855,0.0,-0.22645540682891913,-0.22645540682891913,-0.5303300858899107,917.1347067150543
-0.158113883008419,0.760638829255665,-0.158113883008419,-0.158113883008419,0.0,-1.0580066258695633,-0.7074743423942079,-0.5580626908561905,-0.5928571564964071,-0.6074353085655214,-0.6879242076408417,-0.5781500415680926,-0.6228311229828585,0.25566975665949193,0.24389667154789305,-0.4615886673801497,-0.3439808660753877,-0.6284887623005421,-0.5952730515031107,-0.5628654585300583,-0.7057678508658316,-0.7023033639465163,-0.7112945094326353,-0.7064733642901582,0.23400468703787347,0.11762822345787893,0.25626265242181717,0.26547577856098264,0.06539068629723806,0.1474189747435934,-0.37267799624996495,3.04138126514911,-0.3287979746107146,0.0,-0.5303300858899107,-0.5303300858899107,-0.5679618342470648,-0.5303300858899107,-0.6813851438692469,1.4675987714106855,0.0,-0.22645540682891913,-0.22645540682891913,-0.5303300858899107,917.1347067150543
-0.158113883008419,0.8451542547285166,-0.158113883008419,-0.158113883008419,0.0,-1.1555069982122503,-0.5478221654593328,-0.5229821815246736,-0.5603983672028715,-0.5947105754512835,-0.5865253646965632,-0.5442414013059734,-0.5765116006300391,0.31103425699440995,0.14517692448428438,-0.44833179281414315,-0.5037981549405096,-0.610007745596295,-0.5623010995075486,-0.5281136418861336,-0.7010908228072433,-0.6971226359653646,-0.7112945094326353,-0.7064733642901582,0.24503611692944208,0.2222484652644054,-0.028348243776045688,0.2659781039127722,0.2625878394048599,-0.13966710796555476,-0.37267799624996495,3.04138126514911,-0.3287979746107146,0.0,-0.5303300858899107,-0.5303300858899107,-0.5679618342470648,-0.5303300858899107,-0.6813851438692469,1.4675987714106855,0.0,-0.22645540682891913,-0.22645540682891913,-0.5303300858899107,917.1347067150543
-0.158113883008419,0.9296696802013682,-0.158113883008419,-0.158113883008419,0.0,-1.237295689539772,-0.37425736580511093,-0.44863244532951846,-0.5258787023986353,-0.5626442480034041,-0.5737868165879855,-0.48972674119225873,-0.5376503064526736,0.49638497550696165,0.19151476494271294,-0.1997653947015213,-0.3655646135614592,-0.5849110868219903,-0.5083821023905795,-0.4577163175162593,-0.6946092000265665,-0.6815142000359057,-0.660470861971851,-0.7064733642901582,0.45187542739635345,0.23326112229667134,0.03380815884187838,0.5971878820093317,0.26309062423843543,-0.09292186698198615,-0.37267799624996495,-0.32879797461071464,-0.3287979746107146,0.0,-0.5303300858899107,-0.5303300858899107,1.760681686165901,-0.5303300858899107,-0.6813851438692469,1.4675987714106855,0.0,-0.22645540682891913,-0.22645540682891913,-0.5303300858899107,917.1347067150543
-0.158113883008419,1.01418510567422,-0.158113883008419,-0.158113883008419,0.0,-1.3021800365604808,-0.18931090904439038,-0.43763706180769973,-0.45271762176876146,-0.5285419632572466,-0.5416856753543696,-0.4472105230174478,-0.49931239670867344,0.29538776776932446,0.34664579604266943,-0.6007858503232179,-0.38156279548858785,-0.5610724135127911,-0.47588673451165164,-0.44077964848198226,-0.688189777670482,-0.6665628152049791,-0.6525059619966534,-0.7064733642901582,0.11817467317640307,0.4397484416516577,0.04035093806481775,0.020708887337006453,0.5946033630751429,-0.09280268271467806,-0.37267799624996495,-0.32879797461071464,-0.3287979746107146,0.0,-0.5303300858899107,-0.5303300858899107,1.760681686165901,-0.5303300858899107,-0.6813851438692469,1.4675987714106855,0.0,-0.22645540682891913,-0.22645540682891913,-0.5303300858899107,917.1347067150543
-0.158113883008419,1.0987005311470714,-0.158113883008419,-0.158113883008419,0.0,-1.3492138793879889,0.0043202690201050425,-0.5554447423986146,-0.44189802533758293,-0.4562654791683754,-0.5075463664233814,-0.5004210046595425,-0.49865816616696695,-0.4424043779981702,0.1784192882914179,0.07531475254311357,-0.3870778294497244,-0.5530284690951356,-0.5189519361483659,-0.5451245879780858,-0.6852227652900238,-0.668025487653257,-0.6525059619966534,-0.7064733642901582,-0.5602582651550663,0.10661556642561298,0.16302804849493105,-0.9877469163072007,0.017597057573078844,-0.014218166549846176,-0.37267799624996495,-0.32879797461071464,-0.3287979746107146,0.0,-0.5303300858899107,-0.5303300858899107,1.760681686165901,-0.5303300858899107,-0.6813851438692469,1.4675987714106855,0.0,-0.22645540682891913,-0.22645540682891913,-0.5303300858899107,917.1347067150543
-0.158113883008419,1.1832159566199232,-0.158113883008419,-0.158113883008419,0.0,-1.3777113586828804,0.2038125897927532,-0.6606862703931652,-0.5578222728144957,-0.44557670335241556,-0.43519141316666,-0.6115370104415637,-0.5330706926607283,-0.6807124446571652,-0.43908280303503233,-0.004226494852925402,-0.1224309587203185,-0.5577692887800694,-0.5934707147481089,-0.6502869036446107,-0.6851130769765591,-0.6738115028272561,-0.6525059619966534,-0.7064733642901582,-0.4940696858056546,-0.5706628410587425,-0.03489102299898506,-1.0599751506188448,-0.9917811902043734,-0.150996504242238,-0.37267799624996495,-0.32879797461071464,-0.3287979746107146,0.0,-0.5303300858899107,-0.5303300858899107,1.760681686165901,-0.5303300858899107,-0.6813851438692469,1.4675987714106855,0.0,-0.22645540682891913,-0.22645540682891913,-0.5303300858899107,917.1347067150543
6.32455532033676,1.267731382092775,-0.158113883008419,6.32455532033676,0.0,-1.387256917026302,0.40625700601910747,-0.6355539652004367,-0.6613812672272045,-0.5600993013805565,-0.4244910327554547,-0.6514448716731348,-0.5797827533385715,-0.05244572346526926,-0.6385369858778336,-0.5113019470026741,-0.1457825963105579,-0.5591750426969101,-0.6180766884583956,-0.6381815658460299,-0.6843804991098785,-0.6790776046509996,-0.6525059619966534,-0.7064733642901582,0.1926368249444912,-0.504586898865147,-0.43727194520975665,0.22442583677919364,-1.064075492370211,-0.39026785624891946,-0.37267799624996495,-0.32879797461071464,-0.3287979746107146,0.0,-0.5303300858899107,-0.5303300858899107,1.760681686165901,-0.5303300858899107,-0.6813851438692469,-0.6813851438692469,0.0,-0.22645540682891913,-0.22645540682891913,-0.5303300858899107,917.1347067150543
-0.158113883008419,1.3522468075656264,-0.158113883008419,-0.158113883008419,0.0,-1.3777113586828804,0.6087014222454618,-0.5125103876943701,-0.6366507610987964,-0.662406155619029,-0.5391379657326542,-0.5776283701794446,-0.5984937468313771,0.6973821832445988,-0.11270323111044851,0.10845693895812981,-0.3214097675796666,-0.5464333213698598,-0.5684306614895307,-0.5262195987155502,-0.6806843749997863,-0.6766701546896596,-0.6525059619966534,-0.7064733642901582,0.7083561723753236,0.1809510013934081,-0.3980152698721204,1.2851259948211389,0.22150034885015507,-0.4074050944048712,-0.37267799624996495,-0.32879797461071464,-0.3287979746107146,0.0,-0.5303300858899107,-0.5303300858899107,1.760681686165901,-0.5303300858899107,-0.6813851438692469,-0.6813851438692469,0.0,-0.22645540682891913,-0.22645540682891913,-0.5303300858899107,917.1347067150543
-0.158113883008419,1.4367622330384782,-0.158113883008419,-0.158113883008419,0.0,-1.3492138793879889,0.80819374301811,-0.4863309031186112,-0.5155743248451319,-0.6379746680396923,-0.641555892525619,-0.5032901972971064,-0.5812220605303258,0.47712775799916407,0.514872303793921,-0.5046735097196707,-0.2199112574086685,-0.531985580717598,-0.5304270067659476,-0.4914592672470509,-0.6765457836409395,-0.6720320339913187,-0.6525059619966534,-0.7064733642901582,0.19815253989027548,0.6957927176518409,0.00927273675585572,0.1630874715164523,1.2831707394341534,-0.1026615849095648,-0.37267799624996495,-0.32879797461071464,-0.3287979746107146,0.0,-0.5303300858899107,-0.5303300858899107,1.760681686165901,-0.5303300858899107,-0.6813851438692469,-0.6813851438692469,0.0,-0.22645540682891913,-0.22645540682891913,-0.5303300858899107,917.1347067150543
-0.158113883008419,1.52127765851133,-0.158113883008419,-0.158113883008419,0.0,-1.302180036560481,1.0018249210826056,-0.4884252618846719,-0.48981338096137356,-0.5183621767658563,-0.6170978801571497,-0.4912917553582027,-0.5381736908860388,0.12447996238762096,0.33052828631799863,-0.6571275672287455,-0.31055481013513697,-0.519221029447196,-0.5124796307032881,-0.48986836488063706,-0.6726529031190268,-0.6683370587039638,-0.6525059619966534,-0.7064733642901582,0.04922823635409928,0.1864573299095411,0.3151476654282715,-0.08428401761339419,0.16010587680020996,0.1490055282859464,-0.37267799624996495,-0.32879797461071464,-0.3287979746107146,0.0,-0.5303300858899107,-0.5303300858899107,1.760681686165901,-0.5303300858899107,-0.6813851438692469,-0.6813851438692469,0.0,-0.22645540682891913,-0.22645540682891913,-0.5303300858899107,917.1347067150543
-0.158113883008419,1.6057930839841814,-0.158113883008419,-0.158113883008419,0.0,-1.2372956895397726,1.1867713778433246,-0.58633653419801,-0.4918742564720742,-0.49291271053738045,-0.4973555279365192,-0.5411113729740855,-0.5258741567019569,-0.38102199719206536,0.03537638948496452,-0.05062555583394825,-0.4451230271480614,-0.5188788493564412,-0.5528015409063819,-0.5778391386293839,-0.6711618992787725,-0.6720998896020022,-0.6525059619966534,-0.7064733642901582,-0.4554596811851645,0.03778645997395083,0.012544126367325407,-0.8933518251873062,-0.08749188538796528,-0.1172150373595978,-0.37267799624996495,-0.32879797461071464,-0.3287979746107146,0.0,-0.5303300858899107,-0.5303300858899107,1.760681686165901,-0.5303300858899107,-0.6813851438692469,-0.6813851438692469,0.0,-0.22645540682891913,-0.22645540682891913,-0.5303300858899107,917.1347067150543
-0.158113883008419,1.6903085094570331,-0.158113883008419,-0.158113883008419,0.0,-1.1555069982122512,1.3603361774975467,-0.5339775650464923,-0.5882201865973306,-0.49494866783565855,-0.4718784317193638,-0.5638040783802729,-0.5312388471439501,0.08957625565473785,-0.38770824078764415,-0.33896257764458954,-0.44328481011045034,-0.5126105043589292,-0.5466012135296274,-0.5395079464933558,-0.6685780590031154,-0.672916567325915,-0.6525059619966534,-0.7064733642901582,0.3360454135348831,-0.4660425992522161,-0.07578339314235616,0.4559189153470634,-0.8972997549951336,-0.17590765476347056,-0.37267799624996495,-0.32879797461071464,-0.3287979746107146,0.0,-0.5303300858899107,-0.5303300858899107,1.760681686165901,-0.5303300858899107,-0.6813851438692469,-0.6813851438692469,0.0,-0.22645540682891913,-0.22645540682891913,-0.5303300858899107,917.1347067150543
-0.158113883008419,-1.6903085094570331,-0.158113883008419,-0.158113883008419,0.0,0.5303619368702434,1.8934028924643687,-0.9622739327059073,-0.9720582504653307,-0.963727835764182,-1.0675329412764576,-0.9714902686086748,-1.0092196809147107,0.12568353848185831,0.21669837388751106,-0.5809005384742082,-0.3459063971799331,-1.0589486583575742,-0.9934195255424825,-0.9650765470972681,-1.0138825490164938,-0.8780145808151564,-1.0325454750989356,-0.9888807074220334,0.134721818013756,0.01851431016748543,0.3298689186798851,0.44719075533472974,-0.27152157720674713,6.169145286592611,2.6832815729997477,-0.32879797461071464,-0.3287979746107146,0.0,-0.5303300858899107,-0.5303300858899107,-0.5679618342470648,1.885618083164127,-0.6813851438692469,-0.6813851438692469,0.0,-0.22645540682891913,-0.22645540682891913,-0.5303300858899107,224.1308145436999
-0.158113883008419,-1.6057930839841814,-0.158113883008419,-0.158113883008419,0.0,0.6656569576593118,1.7884793133004748,-0.9737929059192412,-0.958147340768101,-0.9693267183344466,-0.9432047117367391,-0.9701860901370549,-0.978078307129482,0.0534689728276174,0.03638373384275644,-0.5974716316817162,-0.6724716488223516,-1.048740548952944,-0.9883449786654095,-0.9741091512317277,-1.0083928668513846,-0.9022443428493012,-1.0325454750989356,-0.9888807074220334,-0.00041319815795945344,0.12313455197401191,-0.08723325678250006,-0.44876630345574064,0.4444690325994377,-0.2195315720291825,2.6832815729997477,-0.32879797461071464,-0.3287979746107146,0.0,-0.5303300858899107,-0.5303300858899107,-0.5679618342470648,1.885618083164127,-0.6813851438692469,-0.6813851438692469,0.0,-0.22645540682891913,-0.22645540682891913,-0.5303300858899107,224.1308145436999
-0.158113883008419,-1.52127765851133,-0.158113883008419,-0.158113883008419,0.0,0.7901069880828537,1.663399820402848,-0.9811231616004537,-0.9694821560769548,-0.9555840065710697,-0.9488096729045133,-0.9795761751327187,-0.9806952292963078,0.013750961717784902,-0.02405692762475908,-0.6239853808137293,-0.6620088579293049,-1.0403877040969935,-0.9894982847738352,-0.9816103693767,-1.0059246376608704,-0.9212144766908948,-1.0325454750989356,-0.9888807074220334,0.02164966162517776,-0.011770496671245913,-0.025076854164576,-0.32845751642160037,-0.452307566650351,-0.04980724756544992,2.6832815729997477,-0.32879797461071464,-0.3287979746107146,0.0,-0.5303300858899107,-0.5303300858899107,-0.5679618342470648,1.885618083164127,-0.6813851438692469,-0.6813851438692469,0.0,-0.22645540682891913,-0.22645540682891913,-0.5303300858899107,224.1308145436999
-0.158113883008419,-1.4367622330384782,-0.158113883008419,-0.158113883008419,0.0,0.9018972664602313,1.519988354432424,-1.0198687987725767,-0.9766952203644071,-0.9667817717115991,-0.9350520409472494,-1.00252971623323,-0.9915554562886356,-0.12104956083679813,-0.057299291431892614,-0.4251322623236318,-0.5672365176190806,-1.0372808270843543,-1.009582286861991,-1.0172354106292654,-1.0095601082419725,-0.9328380506636705,-1.0325454750989356,-0.9888807074220334,-0.14382178674835133,0.010254817393285973,-0.10522589964558333,-1.5214156885511825,-0.33188873202227903,-0.2623865753079672,2.6832815729997477,-0.32879797461071464,-0.3287979746107146,0.0,-0.5303300858899107,-0.5303300858899107,-0.5679618342470648,1.885618083164127,-0.6813851438692469,-0.6813851438692469,0.0,-0.22645540682891913,-0.22645540682891913,-0.5303300858899107,224.1308145436999
-0.158113883008419,-1.3522468075656264,-0.158113883008419,-0.158113883008419,0.0,0.9993976388029182,1.3603361774975484,-1.0025903389525759,-1.0148214173123695,-0.9739076222555723,-0.9462619632827978,-1.0132239797005138,-1.0016306066309155,0.06430115767575353,-0.17012185950458827,-0.5610152266251984,-0.5897151091600438,-1.0325177114107542,-1.0109250646882295,-1.005245585815924,-1.0101802052307225,-0.9446531896715786,-1.0325454750989356,-0.9888807074220334,0.15126896285110888,-0.15493503809070316,-0.0921403411997046,0.8233252000463892,-1.525938114359697,-0.233841500721735,2.6832815729997477,-0.32879797461071464,-0.3287979746107146,0.0,-0.5303300858899107,-0.5303300858899107,-0.5679618342470648,1.885618083164127,-0.6813851438692469,-0.6813851438692469,0.0,-0.22645540682891913,-0.22645540682891913,-0.5303300858899107,224.1308145436999
-0.158113883008419,-1.267731382092775,-0.158113883008419,-0.158113883008419,0.0,1.0811863301304405,1.1867713778433255,-1.0392416173586383,-0.9978191943490891,-1.0115728322737163,-0.9533955502236013,-1.0228749003905016,-1.0179863701735776,-0.05485287565374396,-0.014990828404631753,-0.43838913688963826,-0.5684174455119505,-1.0324031753455971,-1.0300493513361597,-1.0370363919922219,-1.0146343659538344,-0.9469638804707741,-1.0325454750989356,-0.9888807074220334,-0.13279035685678273,0.13965353752241083,-0.19028202954379522,-1.6859740437965351,0.8209475310718886,-0.5168888228764408,-0.37267799624996495,-0.32879797461071464,-0.3287979746107146,0.0,1.885618083164127,-0.5303300858899107,-0.5679618342470648,1.885618083164127,-0.6813851438692469,-0.6813851438692469,0.0,-0.22645540682891913,-0.22645540682891913,-0.5303300858899107,224.1308145436999
-0.158113883008419,-1.1832159566199232,-0.158113883008419,-0.158113883008419,0.0,1.1460706771511489,1.0018249210826056,-0.9764108543768171,-1.0338845157863508,-0.9947761845629224,-0.9911016526249913,-1.009833115674302,-1.016808755198506,0.27853770245000153,-0.11471791982603236,-0.27267820481455707,-0.5577166254966023,-1.0251476333879563,-1.0079779556861632,-0.9836615491967681,-1.0120696772317368,-0.9525978087850795,-1.0325454750989356,-0.9888807074220334,0.3912025629927261,-0.14392238105843722,-0.015262685330166937,3.908802900787858,-1.6906469927006815,0.03943632344402722,-0.37267799624996495,-0.32879797461071464,-0.3287979746107146,0.0,1.885618083164127,-0.5303300858899107,-0.5679618342470648,1.885618083164127,-0.6813851438692469,-0.6813851438692469,0.0,-0.22645540682891913,-0.22645540682891913,-0.5303300858899107,224.1308145436999
-0.158113883008419,-1.0987005311470714,-0.158113883008419,-0.158113883008419,0.0,1.1931045199786567,0.8081937430181111,-1.01410931216591,-0.9720582504653307,-1.0304054372827884,-0.9742867691216688,-0.9973130023467502,-1.0153694480067517,0.04504394016795596,0.16431646728233096,-0.43176069960663505,-0.5610443138144622,-1.022909121325479,-1.015922381245542,-1.012256418965073,-1.0133138504412498,-0.9590972240591953,-1.0325454750989356,-0.9888807074220334,-0.13830607180256704,0.37917882797419505,-0.18373925032085583,-1.4369243464360322,3.909247547667977,-0.5559327750271121,-0.37267799624996495,-0.32879797461071464,-0.3287979746107146,0.0,1.885618083164127,-0.5303300858899107,-0.5679618342470648,1.885618083164127,-0.6813851438692469,-0.6813851438692469,0.0,-0.22645540682891913,4.415880433163923,-0.5303300858899107,224.1308145436999
-0.158113883008419,-1.01418510567422,-0.158113883008419,-0.158113883008419,0.0,1.2216019992735485,0.6087014222454614,-1.052854949338033,-1.0091540096579428,-0.9693267183344466,-1.0099547038256864,-1.0353950137180532,-1.0279306744075163,-0.19085697430256435,-0.031108338129302558,-0.4251322623236318,-0.5191331799230448,-1.0253051438269658,-1.0394019430591743,-1.0499908253799712,-1.017499781450868,-0.9560905628213152,-1.0325454750989356,-0.9888807074220334,-0.14382178674835133,-0.1494287095745702,0.12704276276876447,-1.9578427497538935,-1.4413694872087897,0.7715124524871058,-0.37267799624996495,-0.32879797461071464,-0.3287979746107146,0.0,1.885618083164127,-0.5303300858899107,-0.5679618342470648,1.885618083164127,-0.6813851438692469,-0.6813851438692469,0.0,-0.22645540682891913,4.415880433163923,-0.5303300858899107,224.1308145436999
-0.158113883008419,-0.9296696802013682,-0.158113883008419,-0.158113883008419,0.0,1.2311475576169701,0.4062570060191075,-1.0434303348907599,-1.047280206605905,-1.0059739497034517,-0.9488096729045133,-1.0500018126001969,-1.0289774432742467,0.02819387484863308,-0.22854783225651995,-0.6107285062477228,-0.5145059314536564,-1.0263886951534542,-1.0463966931198962,-1.0452811775094986,-1.0203346441550927,-0.9573800510435179,-1.0325454750989356,-0.9888807074220334,0.10990110075772662,-0.15493503809070316,-0.18701063993232553,0.6436626509739268,-1.9627643795540366,-0.49684197740468466,-0.37267799624996495,-0.32879797461071464,-0.3287979746107146,0.0,1.885618083164127,-0.5303300858899107,-0.5679618342470648,-0.5303300858899107,1.4675987714106855,-0.6813851438692469,0.0,-0.22645540682891913,-0.22645540682891913,-0.5303300858899107,224.1308145436999
-0.158113883008419,-0.8451542547285166,-0.158113883008419,-0.158113883008419,0.0,1.2216019992735485,0.20381258979275438,-1.0088734152507581,-1.038006266807752,-1.043639159721596,-0.9854966914572171,-1.0280916142769814,-1.0370899019914073,0.2544661805652546,-0.04521115913838951,-0.45164601145564476,-0.5860045418121788,-1.023430038622844,-1.0324956217145782,-1.0137055548452556,-1.0203570911049116,-0.9627295655701215,-1.0325454750989356,-0.9888807074220334,0.24227825945654993,0.09835607365141354,-0.19028202954379522,2.2334297479225955,0.6411206429537716,-0.6204377266647096,-0.37267799624996495,-0.32879797461071464,-0.3287979746107146,0.0,1.885618083164127,-0.5303300858899107,-0.5679618342470648,-0.5303300858899107,1.4675987714106855,-0.6813851438692469,0.0,-0.22645540682891913,-0.22645540682891913,-0.5303300858899107,224.1308145436999
-0.158113883008419,-0.760638829255665,-0.158113883008419,-0.158113883008419,0.0,1.193104519978657,0.004320269020105462,-1.0104441843253036,-1.004001820881191,-1.0344773518793446,-1.0232027938586072,-1.0116589655345698,-1.036173979233018,0.14614433208389324,0.14416958012649245,-0.6604417858702472,-0.5807237908489373,-1.0209460592327697,-1.0263359244862684,-1.0119618406641584,-1.0204786787497646,-0.9674851451504716,-1.0325454750989356,-0.9888807074220334,0.05198609382699143,0.23050795803860485,-0.039798107416189596,-0.13984345405996226,2.2323419150150303,-0.0031913265394334697,-0.37267799624996495,-0.32879797461071464,-0.3287979746107146,0.0,1.885618083164127,-0.5303300858899107,-0.5679618342470648,-0.5303300858899107,1.4675987714106855,-0.6813851438692469,0.0,-0.22645540682891913,-0.22645540682891913,-0.5303300858899107,224.1308145436999
-0.158113883008419,-0.6761234037828132,-0.158113883008419,-0.158113883008419,0.0,1.1460706771511489,-0.18931090904438963,-0.9874062378986358,-1.0055474775142166,-1.0008840564577566,-1.0140310392204313,-1.000964702067286,-1.019818215690356,0.17623373443982693,0.053508587925219175,-0.5245588215686806,-0.5775794121111403,-1.0160879092987367,-1.0116571115816608,-0.9910510306612514,-1.0191807306409597,-0.970476962531358,-1.0325454750989356,-0.9888807074220334,0.18160539505292259,0.04053962423201732,0.03871524325908291,1.021555127233288,-0.1431021425804811,0.37400489890551286,-0.37267799624996495,-0.32879797461071464,-0.3287979746107146,0.0,1.885618083164127,-0.5303300858899107,-0.5679618342470648,-0.5303300858899107,1.4675987714106855,-0.6813851438692469,0.0,-0.22645540682891913,-0.22645540682891913,-0.5303300858899107,224.1308145436999
-0.158113883008419,-0.5916079783099616,6.32455532033676,-0.158113883008419,0.0,1.0811863301304405,-0.3742573658051099,-0.9785052131428779,-0.9828778468965091,-1.002411024431465,-0.980401272213786,-0.9850537247135225,-1.003593298256035,0.1678087017801655,0.07869219687001731,-0.6140427248892244,-0.6182008915243626,-1.0107023092624152,-0.9998362871080457,-0.9809481438441072,-1.017524814201279,-0.972121748922397,-1.0325454750989356,-0.9888807074220334,0.10714324328483446,0.16993834436114216,-0.07414769833662131,0.2829076435931953,1.0193587810621332,-0.18908996917651727,-0.37267799624996495,-0.32879797461071464,-0.3287979746107146,0.0,1.885618083164127,-0.5303300858899107,-0.5679618342470648,-0.5303300858899107,1.4675987714106855,-0.6813851438692469,0.0,-0.22645540682891913,-0.22645540682891913,-0.5303300858899107,224.1308145436999
-0.158113883008419,-0.50709255283711,-0.158113883008419,-0.158113883008419,0.0,0.9993976388029183,-0.5478221654593324,-1.0046846977186368,-0.9741191259760313,-0.9800154941504065,-0.9819298979868154,-0.9936613026262143,-1.0025465293893046,-0.025967049392047598,0.07164078636547383,-0.5046735097196707,-0.6237893884173569,-1.0088354606876424,-1.007106516110389,-1.0035019899178443,-1.0174714110004024,-0.9757506288087594,-1.0325454750989356,-0.9888807074220334,-0.0776332073989397,0.09560290939334705,0.0027299575329163446,-1.0319238035221514,0.2800356495301271,0.08646936397470503,-0.37267799624996495,-0.32879797461071464,3.0413812651491097,0.0,-0.5303300858899107,-0.5303300858899107,-0.5679618342470648,-0.5303300858899107,1.4675987714106855,-0.6813851438692469,0.0,4.415880433163923,-0.22645540682891913,-0.5303300858899107,224.1308145436999
-0.158113883008419,-0.4225771273642583,-0.158113883008419,-0.158113883008419,0.0,0.9018972664602316,-0.7074743423942076,-1.0345293101350017,-0.9998800698597897,-0.9713626756327247,-0.9595100533157186,-1.0215707219188817,-1.0085654503730044,-0.12345671302527282,-0.09054165523902616,-0.4814739792291594,-0.5688305724761499,-1.0105527152323714,-1.0257675616241924,-1.0326204881464325,-1.0189556335142385,-0.9769535439638334,-1.0325454750989356,-0.9888807074220334,-0.09693820970918476,-0.08885909589710751,-0.041433802221924436,-1.4083771479243539,-1.0359984864390246,-0.0887858940427823,-0.37267799624996495,-0.32879797461071464,3.0413812651491097,0.0,-0.5303300858899107,-0.5303300858899107,-0.5679618342470648,-0.5303300858899107,1.4675987714106855,-0.6813851438692469,0.0,4.415880433163923,-0.22645540682891913,-0.5303300858899107,224.1308145436999
-0.158113883008419,-0.3380617018914066,-0.158113883008419,-0.158113883008419,0.0,0.7901069880828537,-0.8508858083646323,-1.0570436668701544,-1.0292475458872743,-0.9968121418612005,-0.9508478406018858,-1.047654291351281,-1.0259679827823969,-0.0981816150462885,-0.17213654822017213,-0.5278730402101821,-0.5150131098368121,-1.0146612089764355,-1.0464334358467637,-1.0557974938589796,-1.021389370209713,-0.9741115068293973,-1.0325454750989356,-0.9888807074220334,-0.05832820508869464,-0.10813124570357291,-0.15102535420615895,-1.4162234539480318,-1.4127961763026042,-0.4007494891506001,-0.37267799624996495,-0.32879797461071464,3.0413812651491097,0.0,-0.5303300858899107,-0.5303300858899107,-0.5679618342470648,-0.5303300858899107,1.4675987714106855,-0.6813851438692469,0.0,-0.22645540682891913,-0.22645540682891913,-0.5303300858899107,224.1308145436999
-0.158113883008419,-0.253546276418555,-0.158113883008419,-0.158113883008419,0.0,0.6656569576593118,-0.9759653012622592,-1.096836483425308,-1.0514019576273064,-1.025824533361663,-0.9763249368190412,-1.0786937389758362,-1.0555392032675301,-0.16076757194663063,-0.1509823167065417,-0.4185038250406285,-0.48976798690191126,-1.0228887443621264,-1.0768009476415583,-1.0939326792585204,-1.0254394546597634,-0.9609368163332226,-1.0325454750989356,-0.9888807074220334,-0.14933750169413565,-0.06958694609064212,-0.16247521784630287,-3.253239851741559,-1.42064965941717,-0.49006872392227196,-0.37267799624996495,-0.32879797461071464,3.0413812651491097,0.0,-0.5303300858899107,-0.5303300858899107,-0.5679618342470648,-0.5303300858899107,1.4675987714106855,-0.6813851438692469,0.0,-0.22645540682891913,-0.22645540682891913,-0.5303300858899107,224.1308145436999
-0.158113883008419,-0.1690308509457033,-0.158113883008419,-0.158113883008419,0.0,0.530361936870244,-1.0808888804261523,-1.0779872545307614,-1.0905585923306191,-1.047711074318152,-1.0053688265065983,-1.0891271667487958,-1.073857658435312,0.06911546205270293,-0.2033642233117218,-0.5510725707006935,-0.5567053699830161,-1.028147788359548,-1.0824946418467671,-1.0807800207745495,-1.0282857108915477,-0.9563072533051673,-1.0325454750989356,-0.9888807074220334,0.15954253526978535,-0.16044136660683614,-0.13957549056601506,3.648868865336794,-3.259346393614827,-0.4919303783881983,-0.37267799624996495,-0.32879797461071464,-0.3287979746107146,0.0,-0.5303300858899107,1.8856180831641272,-0.5679618342470648,-0.5303300858899107,1.4675987714106855,-0.6813851438692469,0.0,-0.22645540682891913,-0.22645540682891913,1.8856180831641272,224.1308145436999
-0.158113883008419,-0.08451542547285165,-0.158113883008419,-0.158113883008419,0.0,0.38619483177660796,-1.1641265238047793,-1.0654211019343973,-1.0720107127343133,-1.086394262985435,-1.027279129253352,-1.0734770250893564,-1.0815775788274484,0.1750301583455896,-0.010961450973464052,-0.590843194398713,-0.6100986599114094,-1.031450436057428,-1.0790147811545794,-1.0681539702435356,-1.0303515955118214,-0.9552451684419575,-1.0325454750989356,-0.9888807074220334,0.12644824559507953,0.14791303029661027,-0.1935534191552649,1.397033905814205,3.6490757480777543,-0.9277902302231892,-0.37267799624996495,-0.32879797461071464,-0.3287979746107146,0.0,-0.5303300858899107,1.8856180831641272,-0.5679618342470648,-0.5303300858899107,1.4675987714106855,-0.6813851438692469,0.0,-0.22645540682891913,-0.22645540682891913,1.8856180831641272,224.1308145436999
-0.158113883008419,0.0,-0.158113883008419,-0.158113883008419,0.0,0.23525792340671806,-1.2244644391228292,-1.0502370008804571,-1.0596454596701093,-1.0680706473009325,-1.0660043155034282,-1.0596527332901846,-1.0798765794190115,0.1726230061571149,0.07768485251222539,-0.574272101191205,-0.5965191102172468,-1.0326943079399282,-1.069630078889778,-1.0532241670322726,-1.0316282657827769,-0.9566059238283888,-1.0325454750989356,-0.9888807074220334,0.14023753295954028,0.11487505919981245,-0.010355600912962405,1.3229780239608577,1.395181013659784,0.7098391814620607,-0.37267799624996495,-0.32879797461071464,-0.3287979746107146,0.0,-0.5303300858899107,1.8856180831641272,-0.5679618342470648,-0.5303300858899107,1.4675987714106855,-0.6813851438692469,0.0,-0.22645540682891913,-0.22645540682891913,1.8856180831641272,224.1308145436999
-0.158113883008419,0.08451542547285165,-0.158113883008419,-0.158113883008419,0.0,0.07975221176492564,-1.2610227637058127,-1.0371472585925776,-1.0447041122175293,-1.055854903511264,-1.0476608062270762,-1.045567605796689,-1.0649601230681036,0.16901227787440284,0.07567016379664153,-0.5875289757572114,-0.6073807734937772,-1.0323236969052203,-1.0583474071378018,-1.0399491193334205,-1.032292134323674,-0.9590128474864446,-1.0325454750989356,-0.9888807074220334,0.12920610306797167,0.12864088049014488,-0.02998393858178053,0.8849144658471287,1.3210573921856212,0.17555736830391633,-0.37267799624996495,-0.32879797461071464,-0.3287979746107146,0.0,-0.5303300858899107,1.8856180831641272,-0.5679618342470648,-0.5303300858899107,1.4675987714106855,-0.6813851438692469,0.0,-0.22645540682891913,-0.22645540682891913,1.8856180831641272,224.1308145436999
-0.158113883008419,0.1690308509457033,-0.158113883008419,-0.158113883008419,0.0,-0.07805467970466644,-1.2732683948591323,-1.0397652070501535,-1.03182364027565,-1.0410942130987482,-1.0354318000428417,-1.0403508919102091,-1.0554083571591888,0.09198340784321254,0.07264813072326576,-0.6538133485872439,-0.6350788400995357,-1.032288166119775,-1.054024135385729,-1.0409780280390803,-1.0330031414591907,-0.9611522357261446,-1.0325454750989356,-0.9888807074220334,0.04647037888120713,0.11762822345787893,-0.02180546455310631,-0.22831162872474037,0.8825931331609448,0.1579864931985666,-0.37267799624996495,-0.32879797461071464,-0.3287979746107146,0.0,-0.5303300858899107,1.8856180831641272,-0.5679618342470648,-0.5303300858899107,-0.6813851438692469,1.4675987714106855,0.0,-0.22645540682891913,-0.22645540682891913,1.8856180831641272,224.1308145436999
-0.158113883008419,0.253546276418555,-0.158113883008419,-0.158113883008419,0.0,-0.23586157117425735,-1.2610227637058127,-1.003113928644091,-1.034399734664026,-1.0283694799845104,-1.0206550842368916,-1.0233965717791496,-1.0398376702665744,0.23641253915169436,0.008178091824582531,-0.43838913688963826,-0.5926028872528001,-1.028083920371791,-1.0334096017748815,-1.0080911302520144,-1.032337527044419,-0.9631885371334933,-1.0325454750989356,-0.9888807074220334,0.25330968934811854,0.035033295715884344,-0.028348243776045688,2.2667643648182194,-0.23165123992764497,0.05404930583154393,-0.37267799624996495,-0.32879797461071464,-0.3287979746107146,0.0,-0.5303300858899107,1.8856180831641272,-0.5679618342470648,-0.5303300858899107,-0.6813851438692469,1.4675987714106855,0.0,-0.22645540682891913,-0.22645540682891913,1.8856180831641272,224.1308145436999
-0.158113883008419,0.3380617018914066,-0.158113883008419,-0.158113883008419,0.0,-0.39136728281604977,-1.2244644391228294,-1.003113928644091,-0.9983344132267642,-1.030914426607358,-1.007916536128314,-1.00513807317647,-1.0280615205158576,0.1581800930262667,0.12905941475961355,-0.670384441794752,-0.5926028872528001,-1.0243000991986055,-1.0231023349694577,-1.0048024404733078,-1.0317194565164165,-0.9651402636226919,-1.0325454750989356,-0.9888807074220334,0.060259666245667885,0.2415206150708708,-0.077419087948091,-0.06665881787547794,2.2657070234023764,-0.21008037816133474,-0.37267799624996495,-0.32879797461071464,-0.3287979746107146,0.0,-0.5303300858899107,1.8856180831641272,-0.5679618342470648,-0.5303300858899107,-0.6813851438692469,1.4675987714106855,0.0,-0.22645540682891913,-0.22645540682891913,1.8856180831641272,224.1308145436999
-0.158113883008419,0.4225771273642583,-0.158113883008419,-0.158113883008419,0.0,-0.5423041911859398,-1.1641265238047793,-1.0093970049422734,-0.9983344132267642,-0.9952851738874919,-1.0104642457500295,-1.0082681015083579,-1.0211266767737688,0.04504394016795596,0.06358203150313843,-0.6306138180967324,-0.6088231145665651,-1.0216099060926385,-1.0211120554641422,-1.0101289638367454,-1.0313553224834693,-0.9672792050747362,-1.0325454750989356,-0.9888807074220334,0.027165376570962064,0.04879911700621677,0.045258022482022285,-0.34545743191160816,-0.06985056371189689,0.3819140396178952,-0.37267799624996495,-0.32879797461071464,-0.3287979746107146,0.0,-0.5303300858899107,1.8856180831641272,-0.5679618342470648,-0.5303300858899107,-0.6813851438692469,1.4675987714106855,0.0,-0.22645540682891913,-0.22645540682891913,1.8856180831641272,224.1308145436999
-0.158113883008419,0.50709255283711,-0.158113883008419,-0.158113883008419,0.0,-0.6864712962795747,-1.0808888804261532,-1.0099205946337884,-1.0045170397588663,-0.9952851738874919,-0.9747963110460118,-1.0116589655345698,-1.013668448598315,0.057079701110329444,-0.031108338129302558,-0.6670702231532504,-0.6856426954220174,-1.0192483361264266,-1.0203805285362673,-1.0111328988681985,-1.0310324863229976,-0.9693313014111511,-1.0325454750989356,-0.9888807074220334,0.057501808772775734,0.015761145909418944,-0.06924061391941679,-0.09116508874395086,-0.34890419749697904,-0.17172581024887754,-0.37267799624996495,-0.32879797461071464,-0.3287979746107146,0.0,-0.5303300858899107,1.8856180831641272,-0.5679618342470648,-0.5303300858899107,-0.6813851438692469,1.4675987714106855,0.0,-0.22645540682891913,-0.22645540682891913,1.8856180831641272,224.1308145436999
-0.158113883008419,0.5916079783099616,-0.158113883008419,-0.158113883008419,0.0,-0.8217663170686434,-0.9759653012622596,-0.9722221368446957,-1.0050322586365414,-1.0013930457823261,-0.9747963110460118,-0.9931396312375663,-1.0059485282061784,0.24604114790559314,-0.021034894551383305,-0.43176069960663505,-0.6067761276246527,-1.0128314474574363,-1.0010346416879528,-0.9773009383234936,-1.0295444104372817,-0.9681735692019124,-1.0325454750989356,-0.9888807074220334,0.2588254042939028,0.046045952748150286,-0.0888689515882349,1.7058864988863403,-0.09437925069985531,-0.23787498711607638,-0.37267799624996495,3.04138126514911,-0.3287979746107146,0.0,-0.5303300858899107,-0.5303300858899107,-0.5679618342470648,-0.5303300858899107,-0.6813851438692469,1.4675987714106855,0.0,-0.22645540682891913,-0.22645540682891913,-0.5303300858899107,224.1308145436999
-0.158113883008419,0.6761234037828132,-0.158113883008419,-0.158113883008419,0.0,-0.9462163474921855,-0.8508858083646326,-0.9607031636313618,-0.9679364994439292,-1.0019020351068957,-0.9809108141381292,-0.9686210759711109,-0.9953499934305332,0.21354459336118475,0.13711816962194898,-0.5974716316817162,-0.5649569560263255,-1.0057449634138618,-0.9855622161185693,-0.9635495229766246,-1.02779825496991,-0.9656658659683378,-1.031407632245336,-0.9888807074220334,0.12093253064929523,0.24702694358700378,-0.07087630872515163,0.3404832960703875,1.704316117141882,-0.17754029269040078,-0.37267799624996495,3.04138126514911,-0.3287979746107146,0.0,-0.5303300858899107,-0.5303300858899107,-0.5679618342470648,-0.5303300858899107,-0.6813851438692469,1.4675987714106855,0.0,-0.22645540682891913,-0.22645540682891913,-0.5303300858899107,224.1308145436999
-0.158113883008419,0.760638829255665,-0.158113883008419,-0.158113883008419,0.0,-1.0580066258695633,-0.7074743423942079,-0.975887264685302,-0.9566016841350756,-0.9652548037378905,-0.9814203560624722,-0.9704469258313788,-0.9869758424966901,0.030601027037107778,0.109919871961567,-0.574272101191205,-0.5884783898931767,-1.0010956388202361,-0.985470775252585,-0.9758415796000994,-1.0266066960503515,-0.965521227448142,-1.031407632245336,-0.9888807074220334,-0.019718200468204515,0.10936873068367947,0.04852941209349197,-0.5655028123808293,0.33766396700528295,0.2488373050627628,-0.37267799624996495,3.04138126514911,-0.3287979746107146,0.0,-0.5303300858899107,-0.5303300858899107,-0.5679618342470648,-0.5303300858899107,-0.6813851438692469,1.4675987714106855,0.0,-0.22645540682891913,-0.22645540682891913,-0.5303300858899107,224.1308145436999
-0.158113883008419,0.8451542547285166,-0.158113883008419,-0.158113883008419,0.0,-1.1555069982122503,-0.5478221654593328,-0.9617503430143921,-0.9715430315876554,-0.9540570385973611,-0.9447333375097684,-0.9709685972200268,-0.9749380005292908,0.10401916878558604,-0.04319647042280566,-0.5809005384742082,-0.6644998118655933,-0.9953019432986983,-0.9783075085504513,-0.9643461524945031,-1.025079698275287,-0.9638479549866722,-1.031407632245336,-0.9888807074220334,0.134721818013756,-0.031042646477711315,-0.03325532819325022,0.44537503246119564,-0.5691508555725445,-0.07512520196177863,-0.37267799624996495,3.04138126514911,-0.3287979746107146,0.0,-0.5303300858899107,-0.5303300858899107,-0.5679618342470648,-0.5303300858899107,-0.6813851438692469,1.4675987714106855,0.0,-0.22645540682891913,-0.22645540682891913,-0.5303300858899107,224.1308145436999
-0.158113883008419,0.9296696802013682,-0.158113883008419,-0.158113883008419,0.0,-1.237295689539772,-0.37425736580511093,-0.9680334193125743,-0.9576321218904259,-0.9688177290098771,-0.9335234151742201,-0.9670560618051669,-0.9738912316625604,0.07754049471236436,0.018251535402501785,-0.6306138180967324,-0.6677271039661313,-0.9908028632792142,-0.9778892290967808,-0.9688520021252518,-1.0238150437245286,-0.9632317175440784,-1.031407632245336,-0.9888807074220334,0.027165376570962064,0.12313455197401191,-0.11667576328572724,-0.27440875285078775,0.44265164886688907,-0.29008407302488315,-0.37267799624996495,-0.32879797461071464,-0.3287979746107146,0.0,-0.5303300858899107,-0.5303300858899107,1.760681686165901,-0.5303300858899107,-0.6813851438692469,1.4675987714106855,0.0,-0.22645540682891913,-0.22645540682891913,-0.5303300858899107,224.1308145436999
-0.158113883008419,1.01418510567422,-0.158113883008419,-0.158113883008419,0.0,-1.3021800365604808,-0.18931090904439038,-0.9528493182586342,-0.9638147484225279,-0.9550750172465002,-0.9483001309801702,-0.9626218550016591,-0.9719285400374409,0.12929426676457034,-0.003910040468920574,-0.574272101191205,-0.6522861669610706,-0.9850251802160869,-0.970035317451238,-0.9556353889301649,-1.0222092762281711,-0.960943983895246,-1.0257184179773378,-0.9888807074220334,0.14023753295954028,0.015761145909418944,-0.025076854164576,0.4556208005328089,-0.2777905295323934,-0.050238055207440784,-0.37267799624996495,-0.32879797461071464,-0.3287979746107146,0.0,-0.5303300858899107,-0.5303300858899107,1.760681686165901,-0.5303300858899107,-0.6813851438692469,1.4675987714106855,0.0,-0.22645540682891913,-0.22645540682891913,-0.5303300858899107,224.1308145436999
-0.158113883008419,1.0987005311470714,-0.158113883008419,-0.158113883008419,0.0,-1.3492138793879889,0.0043202690201050425,-0.9874062378986358,-0.9488734009699481,-0.9611828891413344,-0.9345424990229063,-0.9722727756916468,-0.9748071544209495,-0.05003857127679456,0.03940576691613222,-0.45164601145564476,-0.6248970894395176,-0.9837591181837221,-0.9835068080641457,-0.985418385487852,-1.0216012284654876,-0.9621900400699104,-1.0257184179773378,-0.9888807074220334,-0.12175892696521413,0.12864088049014488,-0.0888689515882349,-1.149880955896589,0.45290678884019014,-0.221017616237016,-0.37267799624996495,-0.32879797461071464,-0.3287979746107146,0.0,-0.5303300858899107,-0.5303300858899107,1.760681686165901,-0.5303300858899107,-0.6813851438692469,1.4675987714106855,0.0,-0.22645540682891913,-0.22645540682891913,-0.5303300858899107,224.1308145436999
-0.158113883008419,1.1832159566199232,-0.158113883008419,-0.158113883008419,0.0,-1.3777113586828804,0.2038125897927532,-1.0245811059962133,-0.9828778468965091,-0.9464221987288185,-0.9406570021150236,-1.008007265814034,-0.9905086874219052,-0.17641406117171615,-0.11068854239486466,-0.43507491824813666,-0.5335991463400103,-0.986851534224835,-1.0089590639301935,-1.0218577564963618,-1.0219793262612387,-0.963734667248652,-1.0257184179773378,-0.9888807074220334,-0.1355482143296749,-0.1329097240261713,-0.02180546455310631,-1.5266128628328752,-1.1540635353447617,-0.04780709217467042,-0.37267799624996495,-0.32879797461071464,-0.3287979746107146,0.0,-0.5303300858899107,-0.5303300858899107,1.760681686165901,-0.5303300858899107,-0.6813851438692469,1.4675987714106855,0.0,-0.22645540682891913,-0.22645540682891913,-0.5303300858899107,224.1308145436999
6.32455532033676,1.267731382092775,-0.158113883008419,6.32455532033676,0.0,-1.387256917026302,0.40625700601910747,-1.0182980296980313,-1.019458387211446,-0.9800154941504065,-0.9258802863090734,-1.0233965717791496,-1.0030699138226697,0.017361690000496945,-0.21645969996301684,-0.6306138180967324,-0.5228582749595673,-0.9889194627119365,-1.0185218379658212,-1.0198463012559045,-1.0221809057777054,-0.9653843185159138,-1.0257184179773378,-0.9888807074220334,0.09335395592037371,-0.1466755453165037,-0.17719647109791647,0.27230160234739587,-1.5311400425462296,-0.4287366029393244,-0.37267799624996495,-0.32879797461071464,-0.3287979746107146,0.0,-0.5303300858899107,-0.5303300858899107,1.760681686165901,-0.5303300858899107,-0.6813851438692469,-0.6813851438692469,0.0,-0.22645540682891913,-0.22645540682891913,-0.5303300858899107,224.1308145436999
-0.158113883008419,1.3522468075656264,-0.158113883008419,-0.158113883008419,0.0,-1.3777113586828804,0.6087014222454618,-0.9617503430143921,-1.013275760679344,-1.016153736194842,-0.9595100533157186,-0.9920962884602703,-1.0052942976644719,0.3483451159157678,-0.054277258358516836,-0.31244882851257655,-0.5440249044823788,-0.9843433848012286,-0.9948330399070695,-0.9687466246600838,-1.0209936024257167,-0.9644563609300245,-1.0257184179773378,-0.9888807074220334,0.3581082733180203,0.0818370881030146,-0.18537494512659067,2.8027586008429104,0.26941990683733436,-0.5181219308743334,-0.37267799624996495,-0.32879797461071464,-0.3287979746107146,0.0,-0.5303300858899107,-0.5303300858899107,1.760681686165901,-0.5303300858899107,-0.6813851438692469,-0.6813851438692469,0.0,-0.22645540682891913,-0.22645540682891913,-0.5303300858899107,224.1308145436999
-0.158113883008419,1.4367622330384782,-0.158113883008419,-0.158113883008419,0.0,-1.3492138793879889,0.80819374301811,-0.9936893141968179,-0.9576321218904259,-1.0100458643000079,-0.9956875299440793,-0.9798370108270427,-1.0068644509645674,0.057079701110329444,0.22274244003426263,-0.46821710466315286,-0.5473733821802013,-0.9838607482602494,-0.9990690231894576,-0.9923849014021523,-1.0206239908131254,-0.9658256051294846,-1.0257184179773378,-0.9888807074220334,-0.10796963960075337,0.34614085687739726,-0.04961227625059866,-1.122720987333303,2.8021915384622895,-0.09130233732086213,-0.37267799624996495,-0.32879797461071464,-0.3287979746107146,0.0,-0.5303300858899107,-0.5303300858899107,1.760681686165901,-0.5303300858899107,-0.6813851438692469,-0.6813851438692469,0.0,-0.22645540682891913,-0.22645540682891913,-0.5303300858899107,224.1308145436999
-0.158113883008419,1.52127765851133,-0.158113883008419,-0.158113883008419,0.0,-1.302180036560481,1.0018249210826056,-0.9659390605465136,-0.9890604734286111,-0.9550750172465002,-0.989573026851962,-0.9819236963816346,-0.992209686830342,0.128090690670333,-0.021034894551383305,-0.49473085379516596,-0.5593529313666368,-0.9802673724279769,-0.9872155351171518,-0.9697707462355807,-1.019627565235794,-0.9654737736371145,-1.0257184179773378,-0.9888807074220334,0.20642611230895194,-0.11914390273583886,0.10741442509994636,1.0756877121259747,-1.1268787232994215,0.5090867576070947,-0.37267799624996495,-0.32879797461071464,-0.3287979746107146,0.0,-0.5303300858899107,-0.5303300858899107,1.760681686165901,-0.5303300858899107,-0.6813851438692469,-0.6813851438692469,0.0,-0.22645540682891913,-0.22645540682891913,-0.5303300858899107,224.1308145436999
-0.158113883008419,1.6057930839841814,-0.158113883008419,-0.158113883008419,0.0,-1.2372956895397726,1.1867713778433246,-0.9900241863562117,-0.9617538729118272,-0.9861233660452406,-0.9345424990229063,-0.9800978465213667,-0.985143996979912,0.026990298754395733,0.03839842255834029,-0.5179303842856773,-0.6155231607304051,-0.9797751103202147,-0.9934149810210176,-0.9891883346939387,-1.0192237811500964,-0.9666859395590677,-1.0257184179773378,-0.9888807074220334,-0.06660177750737109,0.19471682268374055,-0.16901799706924225,-0.8841295885012832,1.0735408815460545,-0.42229249068858155,-0.37267799624996495,-0.32879797461071464,-0.3287979746107146,0.0,-0.5303300858899107,-0.5303300858899107,1.760681686165901,-0.5303300858899107,-0.6813851438692469,-0.6813851438692469,0.0,-0.22645540682891913,-0.22645540682891913,-0.5303300858899107,224.1308145436999
-0.158113883008419,1.6903085094570331,-0.158113883008419,-0.158113883008419,0.0,-1.1555069982122512,1.3603361774975467,-0.9779816234513626,-0.985453941284885,-0.9591469318430563,-0.9656245564078358,-0.9860970674908185,-0.9892002263384923,0.07392976642965232,-0.04621850349618144,-0.5941574130402146,-0.6364652566317975,-0.9779611863525871,-0.9904516090029412,-0.9802905915522669,-1.0185714107389128,-0.9673003181734766,-1.0257184179773378,-0.9888807074220334,0.12369038812218738,-0.07784643886484158,0.01745121078452994,0.4155212069858369,-0.8880690826413346,0.09931313633248635,-0.37267799624996495,-0.32879797461071464,-0.3287979746107146,0.0,-0.5303300858899107,-0.5303300858899107,1.760681686165901,-0.5303300858899107,-0.6813851438692469,-0.6813851438692469,0.0,-0.22645540682891913,-0.22645540682891913,-0.5303300858899107,224.1308145436999
-0.158113883008419,-1.6903085094570331,-0.158113883008419,-0.158113883008419,0.0,0.5303619368702434,1.8934028924643687,2.1237637090845474,2.1146180456866,1.9059539761587443,-0.5839776550748477,2.1285419584319887,1.4077696323657414,0.3170521374655967,5.651321184174948,-0.43838913688963826,6.822341465916173,0.29828357898549546,1.7840710995775486,2.122076980285029,1.3443827754927296,3.4070449773684635,1.229486117857163,1.026191237180595,-0.13279035685678273,0.9903812932649549,7.999641862770567,-0.12654740904615963,0.23990320429081527,6.122404823622283,2.6832815729997477,-0.32879797461071464,-0.3287979746107146,0.0,-0.5303300858899107,-0.5303300858899107,-0.5679618342470648,1.885618083164127,-0.6813851438692469,-0.6813851438692469,0.0,-0.22645540682891913,-0.22645540682891913,-0.5303300858899107,4283.563647673905
-0.158113883008419,-1.6057930839841814,-0.158113883008419,-0.158113883008419,0.0,0.6656569576593118,1.7884793133004748,2.0771642265396966,2.078552724249338,2.0800283251615186,1.9295926577097064,2.0870690830344736,2.0771783226398206,-0.2245571049412101,0.19655148673167255,-0.37541898270110746,-0.2739807347577433,0.5200799771613934,1.9364722639052285,2.0807704659068076,1.4733520062646666,2.927272967317685,1.229486117857163,1.026191237180595,-0.1851896488417336,-0.14392238105843722,0.4901670096418998,-0.14366215908092705,-0.12979393554760532,-0.09829922014515083,2.6832815729997477,-0.32879797461071464,-0.3287979746107146,0.0,-0.5303300858899107,-0.5303300858899107,-0.5679618342470648,1.885618083164127,-0.6813851438692469,-0.6813851438692469,0.0,-0.22645540682891913,-0.22645540682891913,-0.5303300858899107,4283.563647673905
-0.158113883008419,-1.52127765851133,-0.158113883008419,-0.158113883008419,0.0,0.7901069880828537,1.663399820402848,1.7075099043299815,2.032698244136248,2.0443990724416525,2.10385599583505,1.8797047060468988,2.008745807977322,-1.7326379510206078,-0.25675347427469386,1.669453919105395,0.4626803447526512,0.6776164321339223,1.8265621917722608,1.743914231722012,1.4992428793596464,2.5093170283581765,1.229486117857163,1.026191237180595,-1.8867877096161914,-0.19623250196170045,-0.18373925032085583,-0.6863860936455181,-0.14692434060731732,-0.18593528192567502,2.6832815729997477,-0.32879797461071464,-0.3287979746107146,0.0,-0.5303300858899107,-0.5303300858899107,-0.5679618342470648,1.885618083164127,-0.6813851438692469,-0.6813851438692469,0.0,-0.22645540682891913,-0.22645540682891913,-0.5303300858899107,4283.563647673905
-0.158113883008419,-1.4367622330384782,-0.158113883008419,-0.158113883008419,0.0,0.9018972664602313,1.519988354432424,1.5462442793433069,1.6689537164975796,1.9990990225549656,2.068188061131032,1.6152173120023692,1.8552633228929798,-1.5171978301521223,-1.5189559545879763,0.3503948997877484,0.8685363215836454,0.8010412622284334,1.6904144056726085,1.565073538209952,1.4952669633729558,2.1955827439073468,1.229486117857163,1.026191237180595,-0.7891604354051148,-1.8949348491887223,-0.21481745162981786,-0.3723165439517011,-0.6901447099265121,-0.18999601454804385,2.6832815729997477,-0.32879797461071464,-0.3287979746107146,0.0,-0.5303300858899107,-0.5303300858899107,-0.5679618342470648,1.885618083164127,-0.6813851438692469,-0.6813851438692469,0.0,-0.22645540682891913,-0.22645540682891913,-0.5303300858899107,4283.563647673905
-0.158113883008419,-1.3522468075656264,-0.158113883008419,-0.158113883008419,0.0,0.9993976388029182,1.3603361774975484,1.3462330171845092,1.510266302173628,1.639752559408888,2.0228388298644955,1.4352406829188136,1.6609568520061526,-1.2163038065927851,-1.3386413145432217,0.5956470792588687,1.0227503417755914,0.8893549465750125,1.521640413555671,1.3671594793270974,1.467900624207686,1.9631001796945258,1.229486117857163,1.026191237180595,-0.9932418883991341,-0.7991754744782609,-1.2240411467682164,-0.46864815283914146,-0.3757878778227976,-0.31876545503357917,2.6832815729997477,-0.32879797461071464,-0.3287979746107146,0.0,-0.5303300858899107,-0.5303300858899107,-0.5679618342470648,1.885618083164127,-0.6813851438692469,-0.6813851438692469,0.0,-0.22645540682891913,-0.22645540682891913,-0.5303300858899107,4283.563647673905
-0.158113883008419,-1.267731382092775,-0.158113883008419,-0.158113883008419,0.0,1.0811863301304405,1.1867713778433255,1.212717645848139,1.313452690901714,1.4829838474414772,1.6631022312782606,1.2690883456344297,1.4449299271346698,-0.9996601096300625,-1.0868052250952402,0.17474131178816232,0.5116599560711567,0.9536382860515599,1.3700321471775336,1.2271909861860095,1.432146764008312,1.789178732358982,1.229486117857163,1.026191237180595,-0.6429939893418308,-1.002909629575181,-0.5730346140857486,-0.35672933433369214,-0.47220760215083846,-0.24424771661826025,-0.37267799624996495,-0.32879797461071464,-0.3287979746107146,0.0,1.885618083164127,-0.5303300858899107,-0.5679618342470648,1.885618083164127,-0.6813851438692469,-0.6813851438692469,0.0,-0.22645540682891913,-0.22645540682891913,-0.5303300858899107,4283.563647673905
-0.158113883008419,-1.1832159566199232,-0.158113883008419,-0.158113883008419,0.0,1.1460706771511489,1.0018249210826056,1.2142884149226845,1.182071877094546,1.2885499254559225,1.5061633185805834,1.2033577506647835,1.3216728930771675,-0.22576068103544744,-0.9054832406926938,-0.6604417858702472,0.17193470330677477,1.0116721030679274,1.2950188524628141,1.2146079849572278,1.4036968762813276,1.6417148415088956,1.229486117857163,1.026191237180595,0.06853323866434434,-0.6532577688007372,-0.694076029710127,-0.06305124002188481,-0.3601864104356193,-0.2671038439925926,-0.37267799624996495,-0.32879797461071464,-0.3287979746107146,0.0,1.885618083164127,-0.5303300858899107,-0.5679618342470648,1.885618083164127,-0.6813851438692469,-0.6813851438692469,0.0,-0.22645540682891913,-0.22645540682891913,-0.5303300858899107,4283.563647673905
-0.158113883008419,-1.0987005311470714,-0.158113883008419,-0.158113883008419,0.0,1.1931045199786567,0.8081937430181111,1.0881032992675268,1.1836175337275716,1.158757647690696,1.3115183034815159,1.141278855415673,1.2071825482785319,-0.5025831827100375,-0.2577608186324858,0.1283422508071396,-0.11773181196920898,1.0495380155555014,1.193981514332748,1.0997705553130739,1.369231421402875,1.530711496001851,1.229486117857163,1.026191237180595,-0.6043839847213407,0.057058609780416235,-0.4863427893818019,-0.3562728953871477,-0.06623968597246419,-0.24054941600276952,-0.37267799624996495,-0.32879797461071464,-0.3287979746107146,0.0,1.885618083164127,-0.5303300858899107,-0.5679618342470648,1.885618083164127,-0.6813851438692469,-0.6813851438692469,0.0,-0.22645540682891913,4.415880433163923,-0.5303300858899107,4283.563647673905
-0.158113883008419,-1.01418510567422,-0.158113883008419,-0.158113883008419,0.0,1.2216019992735485,0.6087014222454614,0.9964751032523708,1.059449784207856,1.1602846156644047,1.1815851127740231,1.0327712065768917,1.119777347906545,-0.6373837052646206,-0.48945002092462864,-0.09039617953196767,-0.11611575262418318,1.0731866666916106,1.0973306009306873,1.0058123407045785,1.3330629657569228,1.4451108612343306,1.229486117857163,1.026191237180595,-0.42236539151045865,-0.6147134691878063,-0.06433352950221224,-0.288955345930913,-0.359729553980021,-0.1708698579826708,-0.37267799624996495,-0.32879797461071464,-0.3287979746107146,0.0,1.885618083164127,-0.5303300858899107,-0.5679618342470648,1.885618083164127,-0.6813851438692469,-0.6813851438692469,0.0,-0.22645540682891913,4.415880433163923,-0.5303300858899107,4283.563647673905
-0.158113883008419,-0.9296696802013682,-0.158113883008419,-0.158113883008419,0.0,1.2311475576169701,0.4062570060191075,1.0551171487020705,0.9692864806147018,1.0376181884431515,1.1831137385470525,1.01633855783448,1.0803926692958143,0.1329049950472824,-0.6022725889973243,-0.29919195394657006,-0.19250211378239823,1.1011460815798417,1.0785297806053546,1.04920018109594,1.30685849006718,1.3584733317459006,1.229486117857163,1.026191237180595,0.3691397032095889,-0.4330046281554183,-0.46344306210151415,0.08175841962128652,-0.2923504285198247,-0.2404411189773039,-0.37267799624996495,-0.32879797461071464,-0.3287979746107146,0.0,1.885618083164127,-0.5303300858899107,-0.5679618342470648,-0.5303300858899107,1.4675987714106855,-0.6813851438692469,0.0,-0.22645540682891913,-0.22645540682891913,-0.5303300858899107,4283.563647673905
-0.158113883008419,-0.8451542547285166,-0.158113883008419,-0.158113883008419,0.0,1.2216019992735485,0.20381258979275438,1.014800742455402,1.0269909949143206,0.9485450566434863,1.0603141347803633,1.0254678071358199,1.03054030201778,0.023379570471683687,0.042427799989508,-0.41518960639912694,-0.47717789350965867,1.1217200601340584,1.0488311829343961,1.017250197611681,1.2815888363084411,1.284425485607626,1.229486117857163,1.026191237180595,-0.1520953591670278,0.35715351390966316,-0.35548720492301444,-0.16594984278058436,0.07870243244628496,-0.22446901488115586,-0.37267799624996495,-0.32879797461071464,-0.3287979746107146,0.0,1.885618083164127,-0.5303300858899107,-0.5679618342470648,-0.5303300858899107,1.4675987714106855,-0.6813851438692469,0.0,-0.22645540682891913,-0.22645540682891913,-0.5303300858899107,4283.563647673905
-0.158113883008419,-0.760638829255665,-0.158113883008419,-0.158113883008419,0.0,1.193104519978657,0.004320269020105462,0.8205489669032712,0.9873191413333327,1.005551860995272,0.9711442980203194,0.9086134160786706,0.9636779406553768,-0.9117990547507361,-0.049240536569557215,0.5591906742023508,-0.12711711674562268,1.118123620215114,0.9361815261044188,0.8392093193778059,1.2470579451702128,1.2432540307946267,1.229486117857163,1.026191237180595,-0.9629054561973204,-0.16319453086490263,0.11395720432288574,-0.554078646955657,-0.16923241106363568,-0.13651158177340084,-0.37267799624996495,-0.32879797461071464,-0.3287979746107146,0.0,1.885618083164127,-0.5303300858899107,-0.5679618342470648,-0.5303300858899107,1.4675987714106855,-0.6813851438692469,0.0,-0.22645540682891913,-0.22645540682891913,-0.5303300858899107,4283.563647673905
-0.158113883008419,-0.6761234037828132,-0.158113883008419,-0.158113883008419,0.0,1.1460706771511489,-0.18931090904438963,1.0221309981366145,0.7961729377158454,0.9663596830034193,1.0282129935467474,0.9122651157992065,0.9700893999641004,0.5541566280303544,-0.8319471025738833,0.6055897351833734,-0.11149521768442847,1.1378342985140202,0.9813476352308905,1.002849069171394,1.2291313667822108,1.177331184019308,1.229486117857163,1.026191237180595,1.1220347933091463,-0.9726248227364495,-0.19518911396099975,0.489681038956851,-0.557716240354396,-0.19528410371629829,-0.37267799624996495,-0.32879797461071464,-0.3287979746107146,0.0,1.885618083164127,-0.5303300858899107,-0.5679618342470648,-0.5303300858899107,1.4675987714106855,-0.6813851438692469,0.0,-0.22645540682891913,-0.22645540682891913,-0.5303300858899107,4283.563647673905
-0.158113883008419,-0.5916079783099616,6.32455532033676,-0.158113883008419,0.0,1.0811863301304405,-0.3742573658051099,1.2053873901669265,0.994532205620785,0.7775246435881292,0.9889782653723281,1.103979351127342,1.0076422330580528,1.3798098286771754,0.3949983252166819,0.48959208273081667,0.17156760560430154,1.1764352491884502,1.0961951784681812,1.1841619874389127,1.2238275527889024,1.1064904019168815,1.229486117857163,1.026191237180595,1.025509781757921,1.108767356361814,-0.6760833868470438,0.39160067518830055,0.48699818248888127,-0.2873735174438144,-0.37267799624996495,-0.32879797461071464,-0.3287979746107146,0.0,1.885618083164127,-0.5303300858899107,-0.5679618342470648,-0.5303300858899107,1.4675987714106855,-0.6813851438692469,0.0,-0.22645540682891913,-0.22645540682891913,-0.5303300858899107,4283.563647673905
-0.158113883008419,-0.50709255283711,-0.158113883008419,-0.158113883008419,0.0,0.9993976388029183,-0.5478221654593324,1.313770456310568,1.1748588128070938,0.9734855335473925,0.7999382114410349,1.2492648328658063,1.0823553609209338,0.9934619024269865,1.0860365546619426,0.015658816996084242,0.5030520308398633,1.223514097431211,1.2081868048169104,1.2998487971532335,1.2249857347079132,1.0408631642880593,1.229486117857163,1.026191237180595,0.6311361631343433,1.0124066073294868,0.5605018862884981,0.1830473581821684,0.3888281036769765,-0.039725786808643956,-0.37267799624996495,-0.32879797461071464,3.0413812651491097,0.0,-0.5303300858899107,-0.5303300858899107,-0.5679618342470648,-0.5303300858899107,1.4675987714106855,-0.6813851438692469,0.0,4.415880433163923,-0.22645540682891913,-0.5303300858899107,4283.563647673905
-0.158113883008419,-0.4225771273642583,-0.158113883008419,-0.158113883008419,0.0,0.9018972664602316,-0.7074743423942076,1.1561699591644998,1.2815091204858535,1.151631797146723,0.9961118523131317,1.224746277599351,1.1662277163677057,-0.4014827907941003,0.7626790158107346,0.3271953692972371,-0.030730808772194217,1.2479443082730393,1.1848351577315879,1.169561386896848,1.2179319448131831,0.9833928503727916,1.229486117857163,1.026191237180595,-0.7698554330948698,0.6187041184259793,0.5032525680877785,-0.4136151901647491,0.1800840209644585,-0.06299683265855,-0.37267799624996495,-0.32879797461071464,3.0413812651491097,0.0,-0.5303300858899107,-0.5303300858899107,-0.5679618342470648,-0.5303300858899107,1.4675987714106855,-0.6813851438692469,0.0,4.415880433163923,-0.22645540682891913,-0.5303300858899107,4283.563647673905
-0.158113883008419,-0.3380617018914066,-0.158113883008419,-0.158113883008419,0.0,0.7901069880828537,-0.8508858083646323,1.0430745857972215,1.1264282383056279,1.2569925873326124,1.1744515258332198,1.0898942236338462,1.1714615607013577,-0.8082915106463241,-0.4048330948701069,0.04548678476959897,-0.0790199445719659,1.257057070932486,1.1162189640357956,1.0547355837276593,1.2060683183373975,0.9361438960530469,1.229486117857163,1.026191237180595,-0.5354375478990369,-0.7799033246717955,0.2693482108676959,-0.3328458757772526,-0.4171243003010746,-0.11247925315254792,-0.37267799624996495,-0.32879797461071464,3.0413812651491097,0.0,-0.5303300858899107,-0.5303300858899107,-0.5679618342470648,-0.5303300858899107,1.4675987714106855,-0.6813851438692469,0.0,-0.22645540682891913,-0.22645540682891913,-0.5303300858899107,4283.563647673905
-0.158113883008419,-0.253546276418555,-0.158113883008419,-0.158113883008419,0.0,0.6656569576593118,-0.9759653012622592,-0.08107248188586402,1.0151409607277917,1.1037868006371885,1.279926704172243,0.47353947794624945,0.849972672506789,-5.354198418580789,-0.7453154878037777,6.445242981509236,2.8464639462805854,1.1372891361230584,0.5159341323787684,0.031409057011657776,1.1431248263499396,1.1177211253777768,1.229486117857163,1.026191237180595,-5.860860328053782,-0.5458843627361442,-0.5615847504456047,-2.8505865826640133,-0.3362811054520509,-0.2540464434238704,-0.37267799624996495,-0.32879797461071464,3.0413812651491097,0.0,-0.5303300858899107,-0.5303300858899107,-0.5679618342470648,-0.5303300858899107,1.4675987714106855,-0.6813851438692469,0.0,-0.22645540682891913,-0.22645540682891913,-0.5303300858899107,4283.563647673905
-0.158113883008419,-0.1690308509457033,-0.158113883008419,-0.158113883008419,0.0,0.530361936870244,-1.0808888804261523,0.4645079766729507,-0.09103396964079363,0.9938451065301732,1.1265545849449674,0.18531603571823657,0.6377402847772041,-0.0018955275073006285,-4.55005512718388,2.783031382649941,2.4865675998831476,1.0916051847775512,0.49047627997415544,0.4201529726436646,1.1100905685856282,1.1287251375250056,1.229486117857163,1.026191237180595,2.93394715299929,-5.862244545062528,-0.42255069195814304,2.7407116638733755,-2.8563248137551427,-0.23488270517742235,-0.37267799624996495,-0.32879797461071464,-0.3287979746107146,0.0,-0.5303300858899107,1.8856180831641272,-0.5679618342470648,-0.5303300858899107,1.4675987714106855,-0.6813851438692469,0.0,-0.22645540682891913,-0.22645540682891913,1.8856180831641272,4283.563647673905
-0.158113883008419,-0.08451542547285165,-0.158113883008419,-0.158113883008419,0.0,0.38619483177660796,-1.1641265238047793,0.9409745959517619,0.44582410089673125,-0.09895497332057578,1.016493529286856,0.694467311038672,0.5839625342489307,3.5185645481369434,-0.07039476808318765,2.345554521971726,2.1692686253834035,1.104729113100673,0.7176350243243916,0.8878946167560805,1.100133549697685,1.083778840453187,1.229486117857163,1.026191237180595,2.569909966577526,2.917596273911495,-3.581077361832127,1.543049396158111,2.7400878465682585,-0.8322546680954857,-0.37267799624996495,-0.32879797461071464,-0.3287979746107146,0.0,-0.5303300858899107,1.8856180831641272,-0.5679618342470648,-0.5303300858899107,1.4675987714106855,-0.6813851438692469,0.0,-0.22645540682891913,-0.22645540682891913,1.8856180831641272,4283.563647673905
-0.158113883008419,0.0,-0.158113883008419,-0.158113883008419,0.0,0.23525792340671806,-1.2244644391228292,1.0509284311699492,0.914673279581134,0.431411902880859,-0.07749298227779783,0.9866032886815448,0.5859252258740502,1.6746859717653257,2.8760874784581945,0.025601472920589195,2.182150989944938,1.129057452714731,0.8865730897039427,1.033638147140218,1.0954746283320818,1.0373497579178186,1.229486117857163,1.026191237180595,0.6394097355530198,2.554178591846719,1.6351533736562904,0.21910269258117884,1.5413300657641003,0.49436518583079514,-0.37267799624996495,-0.32879797461071464,-0.3287979746107146,0.0,-0.5303300858899107,1.8856180831641272,-0.5679618342470648,-0.5303300858899107,1.4675987714106855,-0.6813851438692469,0.0,-0.22645540682891913,-0.22645540682891913,1.8856180831641272,4283.563647673905
-0.158113883008419,0.08451542547285165,-0.158113883008419,-0.158113883008419,0.0,0.07975221176492564,-1.2610227637058127,1.0928156064911634,1.0228692438929192,0.8945921882391178,0.4534497028877212,1.062245640035503,0.8792822007752398,0.5192529212974712,1.3328359223209645,-0.40524695047462206,0.9085762390412665,1.1557212647000497,0.9921311483763593,1.085915115787354,1.0928225586225504,0.9929739189391187,1.229486117857163,1.026191237180595,0.28088826407704004,0.6269636112001787,1.4192416592992911,0.036699358729153655,0.21617233552141774,0.21020174603693512,-0.37267799624996495,-0.32879797461071464,-0.3287979746107146,0.0,-0.5303300858899107,1.8856180831641272,-0.5679618342470648,-0.5303300858899107,1.4675987714106855,-0.6813851438692469,0.0,-0.22645540682891913,-0.22645540682891913,1.8856180831641272,4283.563647673905
-0.158113883008419,0.1690308509457033,-0.158113883008419,-0.158113883008419,0.0,-0.07805467970466644,-1.2732683948591323,1.1493632931748026,1.0640867541069325,1.0014799463987158,0.9171328540399499,1.1112827505684137,1.0504289104856572,0.4301882903239075,0.365785338840716,-0.31244882851257655,-0.2142434893904246,1.1861559090359357,1.0733803627891332,1.1420413437238428,1.0924957310331855,0.9508215591747506,1.229486117857163,1.026191237180595,0.3581082733180203,0.2690522576515357,0.27425529528490045,0.07023828145874836,0.03360215560178286,-0.10392458117036561,-0.37267799624996495,-0.32879797461071464,-0.3287979746107146,0.0,-0.5303300858899107,1.8856180831641272,-0.5679618342470648,-0.5303300858899107,-0.6813851438692469,1.4675987714106855,0.0,-0.22645540682891913,-0.22645540682891913,1.8856180831641272,4283.563647673905
-0.158113883008419,0.253546276418555,-0.158113883008419,-0.158113883008419,0.0,-0.23586157117425735,-1.2610227637058127,1.1729248292929855,1.1197303928958509,1.0421990923642772,1.0241366581520026,1.1511906117999846,1.108393736480852,0.31223783308864733,0.29124185636411354,-0.5212446029271789,-0.39858647266517266,1.2162292612503578,1.1258675471107558,1.1688616877973976,1.0930442264088553,0.9111411831562203,1.229486117857163,1.026191237180595,0.18436325252581473,0.34614085687739726,0.06161497053937072,-0.011037145971102835,0.06717175670359327,-0.14720252368761463,-0.37267799624996495,-0.32879797461071464,-0.3287979746107146,0.0,-0.5303300858899107,1.8856180831641272,-0.5679618342470648,-0.5303300858899107,-0.6813851438692469,1.4675987714106855,0.0,-0.22645540682891913,-0.22645540682891913,1.8856180831641272,4283.563647673905
-0.158113883008419,0.3380617018914066,-0.158113883008419,-0.158113883008419,0.0,-0.39136728281604977,-1.2244644391228294,0.976578694974794,1.1429152423912332,1.0971699394177847,1.0649000120994514,1.0651148326730668,1.0898135890963878,-0.7745913800076784,0.19252210930050487,0.5724475487683571,-0.21722582491466252,1.2209438423089651,1.0532563299779367,0.9948127115388679,1.0867142385204294,0.8770058093434502,1.229486117857163,1.026191237180595,-0.9739368860888891,0.17269150861920865,0.10741442509994636,-0.5254182195334021,-0.014178014134207726,-0.1392449083341618,-0.37267799624996495,-0.32879797461071464,-0.3287979746107146,0.0,-0.5303300858899107,1.8856180831641272,-0.5679618342470648,-0.5303300858899107,-0.6813851438692469,1.4675987714106855,0.0,-0.22645540682891913,-0.22645540682891913,1.8856180831641272,4283.563647673905
-0.158113883008419,0.4225771273642583,-0.158113883008419,-0.158113883008419,0.0,-0.5423041911859398,-1.1641265238047793,1.1456981653341962,0.9497081632630454,1.1200744590234128,1.119930539928507,1.0515513765682192,1.103029046038859,0.40009888796797377,-0.7171098457856038,0.40010817941027277,-0.20093652650208266,1.2444390020798515,1.1020976638164408,1.1296321244332306,1.0865085876935316,0.8414975551841464,1.229486117857163,1.026191237180595,0.9510476299898329,-0.9836374797687154,0.004365652338651189,0.36541996637755,-0.5290295969660707,-0.15852872953464198,-0.37267799624996495,-0.32879797461071464,-0.3287979746107146,0.0,-0.5303300858899107,1.8856180831641272,-0.5679618342470648,-0.5303300858899107,-0.6813851438692469,1.4675987714106855,0.0,-0.22645540682891913,-0.22645540682891913,1.8856180831641272,4283.563647673905
-0.158113883008419,0.50709255283711,-0.158113883008419,-0.158113883008419,0.0,-0.6864712962795747,-1.0808888804261532,1.1273725261311651,1.1161238607521247,0.9292034623098447,1.142859926523947,1.1266720565335293,1.0975335094885244,0.3784345182717015,0.2660582474193154,-0.5543867893421952,-0.2146898687386985,1.2634985118531077,1.1172918818682873,1.1266191713938511,1.0857208674619812,0.8078959833272541,1.229486117857163,1.026191237180595,-0.036265345305557424,0.9380711723616917,-0.6826261660699832,-0.10998997501661838,0.36262344712239875,-0.28057339869430525,-0.37267799624996495,-0.32879797461071464,-0.3287979746107146,0.0,-0.5303300858899107,1.8856180831641272,-0.5679618342470648,-0.5303300858899107,-0.6813851438692469,1.4675987714106855,0.0,-0.22645540682891913,-0.22645540682891913,1.8856180831641272,4283.563647673905
-0.158113883008419,0.5916079783099616,-0.158113883008419,-0.158113883008419,0.0,-0.8217663170686434,-0.9759653012622596,1.1938684169535925,1.0980912000334937,1.093607014145798,0.9517817048952812,1.1506689404113366,1.1027673538221763,0.33751293106763164,0.24792604897906076,-0.2494786743240457,-0.18245498543440888,1.288221756952146,1.1583678196416534,1.1861707783687596,1.0870760598184188,0.7761119430275616,1.229486117857163,1.026191237180595,0.41050756530297117,-0.04756163202611023,0.4590888083329378,0.09185116158145866,-0.11322135627538021,-0.06920860076083525,-0.37267799624996495,3.04138126514911,-0.3287979746107146,0.0,-0.5303300858899107,-0.5303300858899107,-0.5679618342470648,-0.5303300858899107,-0.6813851438692469,1.4675987714106855,0.0,-0.22645540682891913,-0.22645540682891913,-0.5303300858899107,4283.563647673905
-0.158113883008419,0.6761234037828132,-0.158113883008419,-0.158113883008419,0.0,-0.9462163474921855,-0.8508858083646326,1.173972008676016,1.16352399749824,1.075792387785865,1.1163637464581053,1.1738833172061722,1.1520963366668455,0.1353121472357571,0.2136763408141353,-0.5444441334176903,-0.5419168711188533,1.308207732033264,1.168888501186582,1.1742171966521076,1.0877401342738757,0.7457507075634313,1.229486117857163,1.026191237180595,-0.04453891772423388,0.39845097778066046,-0.12648993212013632,-0.11272640002307857,0.08880440633370258,-0.1820067809326781,-0.37267799624996495,3.04138126514911,-0.3287979746107146,0.0,-0.5303300858899107,-0.5303300858899107,-0.5679618342470648,-0.5303300858899107,-0.6813851438692469,1.4675987714106855,0.0,-0.22645540682891913,-0.22645540682891913,-0.5303300858899107,4283.563647673905
-0.158113883008419,0.760638829255665,-0.158113883008419,-0.158113883008419,0.0,-1.0580066258695633,-0.7074743423942079,1.0467397136378278,1.1439456801465837,1.1404340320061936,1.0985297791060966,1.10058848710113,1.1273664221903403,-0.5567441069507183,0.04444248870509185,0.13497068809014276,-0.3413004076093213,1.311711379120796,1.1100909255367737,1.0585001435689485,1.0846035875400055,0.7178320366653264,1.229486117857163,1.026191237180595,-0.609899699667125,-0.055821124800309686,0.1384926264089084,-0.36379944599293224,-0.11596028431586941,-0.13411692649397428,-0.37267799624996495,3.04138126514911,-0.3287979746107146,0.0,-0.5303300858899107,-0.5303300858899107,-0.5679618342470648,-0.5303300858899107,-0.6813851438692469,1.4675987714106855,0.0,-0.22645540682891913,-0.22645540682891913,-0.5303300858899107,4283.563647673905
-0.158113883008419,0.8451542547285166,-0.158113883008419,-0.158113883008419,0.0,-1.1555069982122503,-0.5478221654593328,1.3849786543566323,1.018747492871518,1.121092437672552,1.1632416034976714,1.2057052719136994,1.1917427074942588,1.3364810892846308,-0.5347805170252653,1.4706008006152975,0.07308350761313084,1.3533687351358554,1.2509860225216967,1.3513770593010648,1.0913542376144487,0.6952606854916911,1.229486117857163,1.026191237180595,1.8418355937339979,-0.6202197977039393,-0.13139701653734084,0.7695689112239661,-0.36726298919336575,-0.18265603904453048,-0.37267799624996495,3.04138126514911,-0.3287979746107146,0.0,-0.5303300858899107,-0.5303300858899107,-0.5679618342470648,-0.5303300858899107,-0.6813851438692469,1.4675987714106855,0.0,-0.22645540682891913,-0.22645540682891913,-0.5303300858899107,4283.563647673905
-0.158113883008419,0.9296696802013682,-0.158113883008419,-0.158113883008419,0.0,-1.237295689539772,-0.37425736580511093,1.7247883641499824,1.3515788878496764,0.9974080318021598,1.143879010372633,1.543487496063271,1.3244206613523346,2.4136816936270575,1.0497721577814334,1.4805434565398026,0.9492757613408634,1.429543240673163,1.4925182942983342,1.6865272200000354,1.1071883820372117,0.6977249466658122,1.229486117857163,1.026191237180595,1.8501091661526745,1.8273432277171666,-0.4667144517129838,0.6601986080024194,0.7671420708598318,-0.2422269066468131,-0.37267799624996495,-0.32879797461071464,-0.3287979746107146,0.0,-0.5303300858899107,-0.5303300858899107,1.760681686165901,-0.5303300858899107,-0.6813851438692469,1.4675987714106855,0.0,-0.22645540682891913,-0.22645540682891913,-0.5303300858899107,4283.563647673905
-0.158113883008419,1.01418510567422,-0.158113883008419,-0.158113883008419,0.0,-1.3021800365604808,-0.18931090904439038,1.791807844663925,1.6859559394608603,1.3262151354740666,1.0200603227572578,1.746156830553014,1.478819069195066,1.1631661317144526,1.9513453580052065,-0.24616445568254403,1.2121092824384563,1.5057295857890056,1.6470268717588787,1.7803664210438879,1.1239585605996252,0.7052706479588312,1.229486117857163,1.026191237180595,0.4132654227758633,1.835602720491366,0.9874182305852923,0.05959734551085286,0.6576717255797304,0.02668183300535569,-0.37267799624996495,-0.32879797461071464,-0.3287979746107146,0.0,-0.5303300858899107,-0.5303300858899107,1.760681686165901,-0.5303300858899107,-0.6813851438692469,1.4675987714106855,0.0,-0.22645540682891913,-0.22645540682891913,-0.5303300858899107,4283.563647673905
-0.158113883008419,1.0987005311470714,-0.158113883008419,-0.158113883008419,0.0,-1.3492138793879889,0.0043202690201050425,1.0399330476481305,1.7519039558032816,1.656549207119682,1.349224405882906,1.4049837423772304,1.477118069786629,-3.2286830361576317,0.9047145702593961,4.088833527401581,1.228395666330765,1.4887061977219058,1.345733144100743,1.1129883909717093,1.1200027996819915,0.6820220387673411,1.229486117857163,1.026191237180595,-3.900023664827462,0.40120414203872695,0.9923253150024969,-1.4505392430506878,0.05652108739018794,0.000732078711083297,-0.37267799624996495,-0.32879797461071464,-0.3287979746107146,0.0,-0.5303300858899107,-0.5303300858899107,1.760681686165901,-0.5303300858899107,-0.6813851438692469,1.4675987714106855,0.0,-0.22645540682891913,-0.22645540682891913,-0.5303300858899107,4283.563647673905
-0.158113883008419,1.1832159566199232,-0.158113883008419,-0.158113883008419,0.0,-1.3777113586828804,0.2038125897927532,0.6577125728420511,1.0120496474617406,1.7216998406645798,1.6799171147815832,0.8400136284714603,1.2953728253005665,-3.4116266024817086,-2.7710849913233395,1.7489951665014338,2.3583515556727104,1.4298743531759366,1.0026489181800748,0.7022142205349011,1.1064450335726794,0.6810999406359425,1.229486117857163,1.026191237180595,-1.9529762889656028,-3.904744757577257,0.14012832121464325,-1.0145943426136146,-1.454996837499116,-0.14176963090670178,-0.37267799624996495,-0.32879797461071464,-0.3287979746107146,0.0,-0.5303300858899107,-0.5303300858899107,1.760681686165901,-0.5303300858899107,-0.6813851438692469,1.4675987714106855,0.0,-0.22645540682891913,-0.22645540682891913,-0.5303300858899107,4283.563647673905
6.32455532033676,1.267731382092775,-0.158113883008419,6.32455532033676,0.0,-1.387256917026302,0.40625700601910747,0.796463841093573,0.6359398667588682,0.9907911705827561,1.7451384810975012,0.7187250306108034,1.0633826752114457,-0.16678545241781736,-2.924201333707712,0.20788349820317856,2.118454519713151,1.3927207078115214,0.9009642037872395,0.7860267176951127,1.0970524618464426,0.6690780955033995,1.229486117857163,1.026191237180595,0.7910918965620881,-1.9610107913823178,-2.4180983549546524,0.351272839442127,-1.018653174107461,-0.5000723170077171,-0.37267799624996495,-0.32879797461071464,-0.3287979746107146,0.0,-0.5303300858899107,-0.5303300858899107,1.760681686165901,-0.5303300858899107,-0.6813851438692469,-0.6813851438692469,0.0,-0.22645540682891913,-0.22645540682891913,-0.5303300858899107,4283.563647673905
-0.158113883008419,1.3522468075656264,-0.158113883008419,-0.158113883008419,0.0,-1.3777113586828804,0.6087014222454618,1.0352207404244937,0.7724728693427877,0.6192289636470101,1.0134362777407975,0.9067875662184027,0.8743100486582704,1.4905388293470114,-0.20840094510068144,0.8408992587299888,0.34390424930983815,1.3864617730797448,0.9703292946918762,1.0093128763808503,1.0939511351420752,0.6476275715843273,1.229486117857163,1.026191237180595,1.317842673884489,0.7783876453938355,-1.2632978221058528,0.6005424454857949,0.34846337967515895,-0.3966378131345083,-0.37267799624996495,-0.32879797461071464,-0.3287979746107146,0.0,-0.5303300858899107,-0.5303300858899107,1.760681686165901,-0.5303300858899107,-0.6813851438692469,-0.6813851438692469,0.0,-0.22645540682891913,-0.22645540682891913,-0.5303300858899107,4283.563647673905
-0.158113883008419,1.4367622330384782,-0.158113883008419,-0.158113883008419,0.0,-1.3492138793879889,0.80819374301811,1.1561699591644998,1.0074126775626642,0.7541111346579316,0.6414706729703282,1.0859816882189863,0.9033578847100385,1.1788126209395382,1.1787122355787998,0.09520006439212335,0.5545125248069194,1.3945972163567193,1.0659064026690708,1.1405077948196098,1.0938782715217328,0.6257233569961425,1.229486117857163,1.026191237180595,0.697324742483755,1.3042420186845343,0.3642185096003168,0.23395896509376546,0.597960995002784,-0.07256522003618335,-0.37267799624996495,-0.32879797461071464,-0.3287979746107146,0.0,-0.5303300858899107,-0.5303300858899107,1.760681686165901,-0.5303300858899107,-0.6813851438692469,-0.6813851438692469,0.0,-0.22645540682891913,-0.22645540682891913,-0.5303300858899107,4283.563647673905
-0.158113883008419,1.52127765851133,-0.158113883008419,-0.158113883008419,0.0,-1.302180036560481,1.0018249210826056,1.147268934408742,1.1264282383056279,0.9862102666616305,0.7764992829212519,1.141800526804321,1.0256989960091518,0.31103425699440995,0.9178100469106911,-0.6140427248892244,0.22935983337878008,1.4009058502103051,1.109213538636357,1.1456154808466321,1.0936021786013472,0.6046358180933473,1.229486117857163,1.026191237180595,0.013376089206501305,0.684780060619575,0.676636217495672,-0.08760872521033955,0.23104219720803815,-0.013422245761344497,-0.37267799624996495,-0.32879797461071464,-0.3287979746107146,0.0,-0.5303300858899107,-0.5303300858899107,1.760681686165901,-0.5303300858899107,-0.6813851438692469,-0.6813851438692469,0.0,-0.22645540682891913,-0.22645540682891913,-0.5303300858899107,4283.563647673905
-0.158113883008419,1.6057930839841814,-0.158113883008419,-0.158113883008419,0.0,-1.2372956895397726,1.1867713778433246,1.088626888959042,1.11766951738515,1.1037868006371885,1.0088504004217094,1.1081527222365257,1.098711124463596,-0.21613207228154865,0.19151476494271294,-0.29919195394657006,-0.3918265204034479,1.3999079918127997,1.1013424702443024,1.0933425875971232,1.0920088149298446,0.5846767735063961,1.229486117857163,1.026191237180595,-0.2486203707182531,0.0019953246190865157,0.30860488620533216,-0.20522262881644082,-0.09081963412663095,-0.10039970640934891,-0.37267799624996495,-0.32879797461071464,-0.3287979746107146,0.0,-0.5303300858899107,-0.5303300858899107,1.760681686165901,-0.5303300858899107,-0.6813851438692469,-0.6813851438692469,0.0,-0.22645540682891913,-0.22645540682891913,-0.5303300858899107,4283.563647673905
-0.158113883008419,1.6903085094570331,-0.158113883008419,-0.158113883008419,0.0,-1.1555069982122512,1.3603361774975467,1.0582586868511616,1.0599650030855312,1.0951339821195067,1.1265545849449674,1.063810654201447,1.1044683532306132,-0.20048558305646313,-0.24970206377015036,-0.47815976058765786,-0.44411061963007953,1.3955528971638618,1.0821173922108602,1.060780901955849,1.0898147234641786,0.5657943376333952,1.229486117857163,1.026191237180595,-0.09969606718207692,-0.25955527989722965,-0.09704742561690913,-0.1403168047593727,-0.2085411202911125,-0.1766964917941796,-0.37267799624996495,-0.32879797461071464,-0.3287979746107146,0.0,-0.5303300858899107,-0.5303300858899107,1.760681686165901,-0.5303300858899107,-0.6813851438692469,-0.6813851438692469,0.0,-0.22645540682891913,-0.22645540682891913,-0.5303300858899107,4283.563647673905
-0.158113883008419,-1.6903085094570331,-0.158113883008419,-0.158113883008419,0.0,0.5303619368702434,1.8934028924643687,1.9001909108075667,2.004361205864114,1.8209527589556354,-0.5090749921964107,1.9613462783703086,1.3212803547521434,-0.2522393551086691,5.240324686195843,0.2675394337502078,6.212342517304416,0.31716368790968724,1.6419837870195042,1.9100437538708426,1.259994870582563,3.042397733697151,1.1483199943003883,1.338325669063194,-0.7202139985828111,0.86098257313583,7.486033693769826,-0.31733139579515596,0.2050758455276997,4.965133292833772,2.6832815729997477,-0.32879797461071464,-0.3287979746107146,0.0,-0.5303300858899107,-0.5303300858899107,-0.5679618342470648,1.885618083164127,-0.6813851438692469,-0.6813851438692469,0.0,-0.22645540682891913,-0.22645540682891913,-0.5303300858899107,4389.299287449941
-0.158113883008419,-1.6057930839841814,-0.158113883008419,-0.158113883008419,0.0,0.6656569576593118,1.7884793133004748,1.9389365479796898,1.8585542634820413,1.9711046097036422,1.8444991563444073,1.906831618256594,1.9369112944979494,-0.08855300629238971,-0.27992239450390816,-0.4251322623236318,-0.30717662534150314,0.5213366642953674,1.7958348218834908,1.9351485117566056,1.3788784062139505,2.6021804664401817,1.1483199943003883,1.338325669063194,0.2643411192396871,-0.7303463680265988,0.41328935377236214,0.0020996007004343764,-0.320752434227276,-0.10655498475710005,2.6832815729997477,-0.32879797461071464,-0.3287979746107146,0.0,-0.5303300858899107,-0.5303300858899107,-0.5679618342470648,1.885618083164127,-0.6813851438692469,-0.6813851438692469,0.0,-0.22645540682891913,-0.22645540682891913,-0.5303300858899107,4389.299287449941
-0.158113883008419,-1.52127765851133,-0.158113883008419,-0.158113883008419,0.0,0.7901069880828537,1.663399820402848,1.8169401498566535,1.8966804604300038,1.8270606308504695,1.9948140240256242,1.865358742859079,1.9176769165717786,-0.3978720625113883,-0.1429235618442063,0.10182850167512651,-0.16977325593572665,0.6912046508485895,1.8113385511410416,1.8278501195847785,1.438303151759365,2.2493794280119594,1.1483199943003883,1.338325669063194,-0.5823211249382034,0.25253327210313675,-0.5321422439423775,-0.2804163364405296,-0.001029251155309005,-0.231201660765181,2.6832815729997477,-0.32879797461071464,-0.3287979746107146,0.0,-0.5303300858899107,-0.5303300858899107,-0.5679618342470648,1.885618083164127,-0.6813851438692469,-0.6813851438692469,0.0,-0.22645540682891913,-0.22645540682891913,-0.5303300858899107,4389.299287449941
-0.158113883008419,-1.4367622330384782,-0.158113883008419,-0.158113883008419,0.0,0.9018972664602313,1.519988354432424,1.487602233893607,1.7766344619316898,1.8647258408686136,1.8506136594365246,1.6405183743517966,1.7775407345382488,-1.7206021900782342,-0.4018110617967311,1.41425908370977,0.44047058877097706,0.8065950302059012,1.6532779489813014,1.5206834651440173,1.4348622214100273,1.9582552214886881,1.1483199943003883,1.338325669063194,-1.6744326842034956,-0.5926881551232744,0.05180080170496166,-0.6676492608882914,-0.2838036083160916,-0.15541183821852342,2.6832815729997477,-0.32879797461071464,-0.3287979746107146,0.0,-0.5303300858899107,-0.5303300858899107,-0.5679618342470648,1.885618083164127,-0.6813851438692469,-0.6813851438692469,0.0,-0.22645540682891913,-0.22645540682891913,-0.5303300858899107,4389.299287449941
-0.158113883008419,-1.3522468075656264,-0.158113883008419,-0.158113883008419,0.0,0.9993976388029182,1.3603361774975484,1.4132524976984517,1.4525617878740091,1.7461313282439166,1.8883197618379146,1.4394140540279976,1.6558538537808418,-1.0249352076090468,-1.508882511010057,-0.1997653947015213,0.7105939999046113,0.901982627886999,1.5368146267822433,1.423044656994459,1.423217164724239,1.7341094111860662,1.1483199943003883,1.338325669063194,-0.33135609490501766,-1.6829412013176028,-0.45035750365563537,-0.21944470630125187,-0.6713907384098176,-0.22244300606829692,2.6832815729997477,-0.32879797461071464,-0.3287979746107146,0.0,-0.5303300858899107,-0.5303300858899107,-0.5679618342470648,1.885618083164127,-0.6813851438692469,-0.6813851438692469,0.0,-0.22645540682891913,-0.22645540682891913,-0.5303300858899107,4389.299287449941
-0.158113883008419,-1.267731382092775,-0.158113883008419,-0.158113883008419,0.0,1.0811863301304405,1.1867713778433255,1.2991099449481431,1.3794007072441354,1.4259770430896916,1.7695964934659703,1.3455132040713598,1.495959909387776,-0.621737216039535,-0.9266374722063242,0.05211522205260214,0.5362366857722749,0.9748378310434719,1.4211153698800172,1.3105411486457352,1.4017903820100341,1.560618178274981,1.1483199943003883,1.338325669063194,-0.5409532628448211,-0.3421502076392242,-1.0980926467266334,-0.30809059331968347,-0.22277620684572216,-0.3143198588161306,-0.37267799624996495,-0.32879797461071464,-0.3287979746107146,0.0,1.885618083164127,-0.5303300858899107,-0.5679618342470648,1.885618083164127,-0.6813851438692469,-0.6813851438692469,0.0,-0.22645540682891913,-0.22645540682891913,-0.5303300858899107,4389.299287449941
-0.158113883008419,-1.1832159566199232,-0.158113883008419,-0.158113883008419,0.0,1.1460706771511489,1.0018249210826056,1.3195299429172351,1.2670829919109488,1.3537005590008204,1.449094623054155,1.298823614787365,1.3716561064635433,-0.09457088676357646,-0.5891771123460292,-0.5411299147761887,-0.2186971470254478,1.0427320632214725,1.3735466415954416,1.3176708229201146,1.3866405614613606,1.4141869182644822,1.1483199943003883,1.338325669063194,0.1678161076884618,-0.5513906912522771,-0.30150927633376456,-0.021432357312032867,-0.31150317910172287,-0.2079765670585182,-0.37267799624996495,-0.32879797461071464,-0.3287979746107146,0.0,1.885618083164127,-0.5303300858899107,-0.5679618342470648,1.885618083164127,-0.6813851438692469,-0.6813851438692469,0.0,-0.22645540682891913,-0.22645540682891913,-0.5303300858899107,4389.299287449941
-0.158113883008419,-1.0987005311470714,-0.158113883008419,-0.158113883008419,0.0,1.1931045199786567,0.8081937430181111,1.2582699490099594,1.2871765281402803,1.242740886244666,1.3767396697974337,1.2784784306300936,1.3143455110100548,-0.16076757194663063,-0.1479602836331659,-0.28262086073906195,-0.3400774390583476,1.0968632241701484,1.3189195769535411,1.2632437150197968,1.3688136020414712,1.2940918856816825,1.1483199943003883,1.338325669063194,-0.2624096580827138,0.15617252307080973,-0.4258220815696127,-0.20120438857675776,-0.024582734074008065,-0.22900914098003722,-0.37267799624996495,-0.32879797461071464,-0.3287979746107146,0.0,1.885618083164127,-0.5303300858899107,-0.5679618342470648,1.885618083164127,-0.6813851438692469,-0.6813851438692469,0.0,-0.22645540682891913,4.415880433163923,-0.5303300858899107,4389.299287449941
-0.158113883008419,-1.01418510567422,-0.158113883008419,-0.158113883008419,0.0,1.2216019992735485,0.6087014222454614,1.206958159241472,1.2268959194522857,1.262591469902877,1.2656595302906362,1.2223987563504348,1.2627921443235834,-0.30278955106663774,-0.2033642233117218,-0.34559101492759275,-0.42906931662826664,1.1397400937664408,1.2657719878038556,1.2116153001090804,1.3497873463064416,1.194133695605647,1.1483199943003883,1.338325669063194,-0.21001036609776297,-0.27332110118756203,-0.0054485164957578745,-0.18225301246430403,-0.20451920452879208,-0.16099515023741484,-0.37267799624996495,-0.32879797461071464,-0.3287979746107146,0.0,1.885618083164127,-0.5303300858899107,-0.5679618342470648,1.885618083164127,-0.6813851438692469,-0.6813851438692469,0.0,-0.22645540682891913,4.415880433163923,-0.5303300858899107,4389.299287449941
-0.158113883008419,-0.9296696802013682,-0.158113883008419,-0.158113883008419,0.0,1.2311475576169701,0.4062570060191075,1.005899717699644,1.1764044694401192,1.203039718928244,1.2855316653400173,1.09667595168627,1.1895183236524567,-0.9683671311798915,-0.322230857531169,0.6022755165418717,0.05254540915449109,1.155441406006306,1.1379708685123355,1.0254799036961417,1.3186038565599716,1.1303293040446254,1.1483199943003883,1.338325669063194,-0.9987576033449184,-0.22101098028429883,-0.2606169061903935,-0.5295697241996182,-0.18555049341201918,-0.2036487765225326,-0.37267799624996495,-0.32879797461071464,-0.3287979746107146,0.0,1.885618083164127,-0.5303300858899107,-0.5679618342470648,-0.5303300858899107,1.4675987714106855,-0.6813851438692469,0.0,-0.22645540682891913,-0.22645540682891913,-0.5303300858899107,4389.299287449941
-0.158113883008419,-0.8451542547285166,-0.158113883008419,-0.158113883008419,0.0,1.2216019992735485,0.20381258979275438,1.1603586766966212,0.9785604204128547,1.1531587651204314,1.2259152601918737,1.0734615748914347,1.1497411067167023,0.3218664418425461,-0.8792922873901037,0.3073100574482273,-0.09808125266608347,1.1871557166238915,1.1518360921775646,1.1458947591120112,1.3026356576324807,1.0528543302751816,1.1483199943003883,1.338325669063194,0.8738276207488527,-1.008415958091314,-0.22953870488143147,0.3225318481662312,-0.5331848990531649,-0.19915227665766222,-0.37267799624996495,-0.32879797461071464,-0.3287979746107146,0.0,1.885618083164127,-0.5303300858899107,-0.5679618342470648,-0.5303300858899107,1.4675987714106855,-0.6813851438692469,0.0,-0.22645540682891913,-0.22645540682891913,-0.5303300858899107,4389.299287449941
-0.158113883008419,-0.760638829255665,-0.158113883008419,-0.158113883008419,0.0,1.193104519978657,0.004320269020105462,0.9394038268772165,1.1305499893270292,0.9577068644857376,1.175980151606249,1.0403354417122874,1.0700558267368518,-0.586833509306652,0.20058086416284027,0.7282158249189337,-0.0012091936824059695,1.1905457802749038,1.0475240919517472,0.9590549473175882,1.274429755779501,1.0083413061495707,1.1483199943003883,1.338325669063194,-1.10355618731482,0.86098257313583,-0.6973474193215968,-0.5857558935395858,0.31969609874066796,-0.28155840580196234,-0.37267799624996495,-0.32879797461071464,-0.3287979746107146,0.0,1.885618083164127,-0.5303300858899107,-0.5679618342470648,-0.5303300858899107,1.4675987714106855,-0.6813851438692469,0.0,-0.22645540682891913,-0.22645540682891913,-0.5303300858899107,4389.299287449941
-0.158113883008419,-0.6761234037828132,-0.158113883008419,-0.158113883008419,0.0,1.1460706771511489,-0.18931090904438963,1.1195186807584374,0.9131276229481085,1.1078587152337447,0.9803160526584953,1.019990257555016,1.048204526643855,0.394081007496787,-0.5599641259700634,0.4697067708818069,-0.1384236116787664,1.21410055479128,1.0860509035641952,1.1024922132556516,1.2607289559883625,0.94572061365513,1.1483199943003883,1.338325669063194,1.0089626369205682,-1.1130361998978402,0.41328935377236214,0.4018020859934014,-0.58942246241763,-0.07938445377527743,-0.37267799624996495,-0.32879797461071464,-0.3287979746107146,0.0,1.885618083164127,-0.5303300858899107,-0.5679618342470648,-0.5303300858899107,1.4675987714106855,-0.6813851438692469,0.0,-0.22645540682891913,-0.22645540682891913,-0.5303300858899107,4389.299287449941
-0.158113883008419,-0.5916079783099616,6.32455532033676,-0.158113883008419,0.0,1.0811863301304405,-0.3742573658051099,1.1415094478020749,1.0903629168683662,0.8930652202654092,1.1306309203397122,1.1206728355640774,1.0820936687042513,0.5890603347632375,0.2610215256303558,-0.5311872588516838,-0.13728674495384657,1.237803212680668,1.116386048011306,1.136629813044037,1.2499016656168902,0.8868706215430816,1.1483199943003883,1.338325669063194,0.17608968010713827,0.9958876217810879,-0.7595038219395208,-0.014054691983247217,0.3990388458097508,-0.2948894220482563,-0.37267799624996495,-0.32879797461071464,-0.3287979746107146,0.0,1.885618083164127,-0.5303300858899107,-0.5679618342470648,-0.5303300858899107,1.4675987714106855,-0.6813851438692469,0.0,-0.22645540682891913,-0.22645540682891913,-0.5303300858899107,4389.299287449941
-0.158113883008419,-0.50709255283711,-0.158113883008419,-0.158113883008419,0.0,0.9993976388029183,-0.5478221654593324,1.520064794767548,1.1120021097307233,1.0681575479173224,0.9156042282669206,1.3202121417219326,1.1719849451347228,1.8648509946548268,0.4242113115926477,1.7257956360109226,0.6570617121559545,1.3022291732625877,1.3221456925529804,1.480780961586703,1.260789243195602,0.8342376177007581,1.1483199943003883,1.338325669063194,2.0541906191466937,0.1644320158450092,0.4934383992533695,0.8300939925015387,-0.017198320324443843,-0.060576394056390676,-0.37267799624996495,-0.32879797461071464,3.0413812651491097,0.0,-0.5303300858899107,-0.5303300858899107,-0.5679618342470648,-0.5303300858899107,1.4675987714106855,-0.6813851438692469,0.0,4.415880433163923,-0.22645540682891913,-0.5303300858899107,4389.299287449941
-0.158113883008419,-0.4225771273642583,-0.158113883008419,-0.158113883008419,0.0,0.9018972664602316,-0.7074743423942076,1.3677001945366314,1.4845053582898695,1.089535099549242,1.0908866502409498,1.4328931616698977,1.2790170617579044,0.24363399571711847,1.4919963308520885,0.2940531828822208,0.3635804306638112,1.3428678235012428,1.3483141828119605,1.378052812164242,1.2627094747376475,0.780136591399983,1.1483199943003883,1.338325669063194,-0.7422768583659483,2.039336875588286,-0.0005414320785533429,-0.3759182507817934,0.827722515005997,-0.15924468784581342,-0.37267799624996495,-0.32879797461071464,3.0413812651491097,0.0,-0.5303300858899107,-0.5303300858899107,-0.5679618342470648,-0.5303300858899107,1.4675987714106855,-0.6813851438692469,0.0,4.415880433163923,-0.22645540682891913,-0.5303300858899107,4389.299287449941
-0.158113883008419,-0.3380617018914066,-0.158113883008419,-0.158113883008419,0.0,0.7901069880828537,-0.8508858083646323,1.33419045427966,1.3345766648863957,1.4575343812130015,1.1122874110633605,1.34029649018488,1.3326639661778366,-0.43036861705579665,0.13510348090636512,-0.45827444873864803,0.1627074838717142,1.375627963649899,1.3445272071553378,1.3376179047350183,1.2628035451786654,0.7301579191400086,1.1483199943003883,1.338325669063194,-0.11624321201942983,-0.7523716820911306,1.1133667306268753,-0.1388336219293784,-0.3793928791684483,0.04104232156148922,-0.37267799624996495,-0.32879797461071464,3.0413812651491097,0.0,-0.5303300858899107,-0.5303300858899107,-0.5679618342470648,-0.5303300858899107,1.4675987714106855,-0.6813851438692469,0.0,-0.22645540682891913,-0.22645540682891913,-0.5303300858899107,4389.299287449941
-0.158113883008419,-0.253546276418555,-0.158113883008419,-0.158113883008419,0.0,0.6656569576593118,-0.9759653012622592,0.1781044154141487,1.301602656715185,1.3094184877632726,1.4806862223634278,0.7476777926807666,1.0919071268298486,-5.318091135753669,-0.4290093594571131,6.647410318640835,2.7576202158109995,1.2735068350021022,0.7605766022061314,0.29298222319136247,1.2091955525630145,0.8730700246837172,1.1483199943003883,1.338325669063194,-6.029089633900203,-0.12740339551003832,-0.5452278023882563,-2.590632468778923,-0.14209138674682462,-0.24510227589557682,-0.37267799624996495,-0.32879797461071464,3.0413812651491097,0.0,-0.5303300858899107,-0.5303300858899107,-0.5679618342470648,-0.5303300858899107,1.4675987714106855,-0.6813851438692469,0.0,-0.22645540682891913,-0.22645540682891913,-0.5303300858899107,4389.299287449941
-0.158113883008419,-0.1690308509457033,-0.158113883008419,-0.158113883008419,0.0,0.530361936870244,-1.0808888804261523,0.3849223435626437,0.16399937480841445,1.2768431709908237,1.3324095223795833,0.27478267887136637,0.808232763945915,-1.6327411351989078,-4.519834796450122,0.6387319215983897,2.7767674814605123,1.2051413317366246,0.5727283655208187,0.3746753196050627,1.1696298275856498,0.9281911783892504,1.1483199943003883,1.338325669063194,1.1496133680380678,-6.030187564804584,-0.17392508148644678,0.7857396386895501,-2.5961329173649594,-0.1888503712701822,-0.37267799624996495,-0.32879797461071464,-0.3287979746107146,0.0,-0.5303300858899107,1.8856180831641272,-0.5679618342470648,-0.5303300858899107,1.4675987714106855,-0.6813851438692469,0.0,-0.22645540682891913,-0.22645540682891913,1.8856180831641272,4389.299287449941
-0.158113883008419,-0.08451542547285165,-0.158113883008419,-0.158113883008419,0.0,0.38619483177660796,-1.1641265238047793,1.082867402352375,0.3675108314901057,0.1529947423413342,1.2997988392216244,0.7255067586632272,0.737052481008249,3.758076190890176,-1.4353463728912466,3.7474690073269135,2.3750997710133577,1.2230642830657454,0.8302001426139201,1.011064461826767,1.1631011477573396,0.8846127411713394,1.1483199943003883,1.338325669063194,3.7364836776109063,1.1362989989424785,-3.680854744981952,2.415659758051173,0.7833275898439206,-0.7705766331590841,-0.37267799624996495,-0.32879797461071464,-0.3287979746107146,0.0,-0.5303300858899107,1.8856180831641272,-0.5679618342470648,-0.5303300858899107,1.4675987714106855,-0.6813851438692469,0.0,-0.22645540682891913,-0.22645540682891913,1.8856180831641272,4389.299287449941
-0.158113883008419,0.0,-0.158113883008419,-0.158113883008419,0.0,0.23525792340671806,-1.2244644391228292,1.298062765565113,1.0542975954311045,0.3540455255462927,0.17473027027204086,1.180404209564272,0.7280240995326995,2.6676362495111383,3.076549005658787,0.6917594198624158,2.3040306157033124,1.2636921130460268,1.0672809021462895,1.268400563738748,1.1658617159374354,0.8416814420630133,1.1483199943003883,1.338325669063194,1.1937390876043423,3.7187670730088422,0.5768588343458465,0.45665907882686,2.414738612670356,0.030518582032571313,-0.37267799624996495,-0.32879797461071464,-0.3287979746107146,0.0,-0.5303300858899107,1.8856180831641272,-0.5679618342470648,-0.5303300858899107,1.4675987714106855,-0.6813851438692469,0.0,-0.22645540682891913,-0.22645540682891913,1.8856180831641272,4389.299287449941
-0.158113883008419,0.08451542547285165,-0.158113883008419,-0.158113883008419,0.0,0.07975221176492564,-1.2610227637058127,1.2263309778275335,1.2660525541555985,1.0325282951974564,0.3759993303875687,1.2518731898090463,0.9899780084319776,0.23881969134016906,2.163895017499303,-0.21633648790902943,1.6316189544683373,1.2920914354335893,1.1497063249172013,1.229568444700009,1.165602977429188,0.8009361939243835,1.1483199943003883,1.338325669063194,-0.3175668075405569,1.1803496270715423,2.1111405621251302,-0.2255999430088079,0.45394601685729064,0.4172417177547793,-0.37267799624996495,-0.32879797461071464,-0.3287979746107146,0.0,-0.5303300858899107,1.8856180831641272,-0.5679618342470648,-0.5303300858899107,1.4675987714106855,-0.6813851438692469,0.0,-0.22645540682891913,-0.22645540682891913,1.8856180831641272,4389.299287449941
-0.158113883008419,0.1690308509457033,-0.158113883008419,-0.158113883008419,0.0,-0.07805467970466644,-1.2732683948591323,1.2991099449481431,1.1954675679141005,1.241722907595527,1.0552187155369324,1.2523948611976943,1.2184353135958834,0.24363399571711847,0.1310741034751974,-0.20970805062602618,-0.13847822341630237,1.3259357578354034,1.2275612189474963,1.2911935274162902,1.16809425215485,0.7631656785675158,1.1483199943003883,1.338325669063194,0.443601854977677,-0.3283843863488918,0.6030299512376041,0.09952416085189479,-0.22893707380694828,-0.04756074498694136,-0.37267799624996495,-0.32879797461071464,-0.3287979746107146,0.0,-0.5303300858899107,1.8856180831641272,-0.5679618342470648,-0.5303300858899107,-0.6813851438692469,1.4675987714106855,0.0,-0.22645540682891913,-0.22645540682891913,1.8856180831641272,4389.299287449941
-0.158113883008419,0.253546276418555,-0.158113883008419,-0.158113883008419,0.0,-0.23586157117425735,-1.2610227637058127,1.168212522069349,1.2670829919109488,1.1719913701295035,1.2646404464419498,1.2234420991277308,1.239763229255515,-0.36056120359003047,0.13510348090636512,0.1581702185806542,-0.35401677258159664,1.3414946907074536,1.2005854597668901,1.1795353619106614,1.1656725796009975,0.7276157526282454,1.1483199943003883,1.338325669063194,-0.62920470197737,0.43148894887745826,-0.2933308023050904,-0.35657202661551196,0.09648442416968797,-0.20943698981935313,-0.37267799624996495,-0.32879797461071464,-0.3287979746107146,0.0,-0.5303300858899107,1.8856180831641272,-0.5679618342470648,-0.5303300858899107,-0.6813851438692469,1.4675987714106855,0.0,-0.22645540682891913,-0.22645540682891913,1.8856180831641272,4389.299287449941
-0.158113883008419,0.3380617018914066,-0.158113883008419,-0.158113883008419,0.0,-0.39136728281604977,-1.2244644391228294,0.9671540805275208,1.1382782724921567,1.242740886244666,1.194833202806944,1.058072268926319,1.157068488783815,-1.1513106975039684,-0.37058338670518143,0.6022755165418717,0.08946009404424976,1.3326098598955012,1.0858702554599098,0.9873969904382317,1.1564204353146064,0.7014183665938946,1.1483199943003883,1.338325669063194,-0.9987576033449184,-0.6394919475104047,0.15812096407772652,-0.5373941661977881,-0.3600289588265703,-0.13229639166959314,-0.37267799624996495,-0.32879797461071464,-0.3287979746107146,0.0,-0.5303300858899107,1.8856180831641272,-0.5679618342470648,-0.5303300858899107,-0.6813851438692469,1.4675987714106855,0.0,-0.22645540682891913,-0.22645540682891913,1.8856180831641272,4389.299287449941
-0.158113883008419,0.4225771273642583,-0.158113883008419,-0.158113883008419,0.0,-0.5423041911859398,-1.1641265238047793,1.0729191982135866,0.9404342234648924,1.1154935551022873,1.2656595302906362,1.010600172559352,1.1187305790398145,0.09800128831439929,-1.0324086297744763,-0.0009122762114238836,0.08220674560462764,1.3366534856547263,1.0817624439125884,1.0633822577030123,1.1513634374580772,0.6715366651094822,1.1483199943003883,1.338325669063194,0.6173468757698826,-1.008415958091314,-0.4781643153531277,0.20477543617547098,-0.5410164981429902,-0.2405120923736387,-0.37267799624996495,-0.32879797461071464,-0.3287979746107146,0.0,-0.5303300858899107,1.8856180831641272,-0.5679618342470648,-0.5303300858899107,-0.6813851438692469,1.4675987714106855,0.0,-0.22645540682891913,-0.22645540682891913,1.8856180831641272,4389.299287449941
-0.158113883008419,0.50709255283711,-0.158113883008419,-0.158113883008419,0.0,-0.6864712962795747,-1.0808888804261532,1.2357555922748067,1.0445084367552762,0.9200416544675935,1.1382740492048589,1.1444088837475608,1.1028981999305176,1.0656764680812274,0.013214813613542157,0.36033755571225334,-0.0536282877386148,1.3588295397062686,1.161692126646445,1.2175497026083981,1.151937498848879,0.6408671694317862,1.1483199943003883,1.338325669063194,0.9179533403151271,0.6049382971356468,-0.6973474193215968,0.33112421419811694,0.20183197383775003,-0.2834148726980173,-0.37267799624996495,-0.32879797461071464,-0.3287979746107146,0.0,-0.5303300858899107,1.8856180831641272,-0.5679618342470648,-0.5303300858899107,-0.6813851438692469,1.4675987714106855,0.0,-0.22645540682891913,-0.22645540682891913,1.8856180831641272,4389.299287449941
-0.158113883008419,0.5916079783099616,-0.158113883008419,-0.158113883008419,0.0,-0.8217663170686434,-0.9759653012622596,1.0577350971596464,1.2047415077122534,1.0228574980306355,0.9426099502571054,1.136844648612165,1.0752896710705038,-0.3701898123439292,0.8231196772782502,0.4564498963158004,-0.0820203251861824,1.3585226864388256,1.1120286075871486,1.0727303307618672,1.1468736479935016,0.6144440521859568,1.1483199943003883,1.338325669063194,-0.8774118745376637,0.9050332012648938,0.26116973683902167,-0.47152611959868007,0.3282963242916404,-0.10732393887979835,-0.37267799624996495,3.04138126514911,-0.3287979746107146,0.0,-0.5303300858899107,-0.5303300858899107,-0.5679618342470648,-0.5303300858899107,-0.6813851438692469,1.4675987714106855,0.0,-0.22645540682891913,-0.22645540682891913,-0.5303300858899107,4389.299287449941
-0.158113883008419,0.6761234037828132,-0.158113883008419,-0.158113883008419,0.0,-0.9462163474921855,-0.8508858083646326,0.870289987597213,1.0295670893026965,1.1811531779717548,1.0455374189744133,0.9547813339740175,1.0510831410273638,-1.1970465890849877,-0.3786421415675168,0.5161058318628297,0.12869254617895326,1.3369083476594452,0.9928234567851814,0.8895291887281821,1.136413188354059,0.5988463328370257,1.1483199943003883,1.338325669063194,-0.9270533090497224,-0.8872767307363885,0.43946047066411964,-0.527743686757165,-0.4750882014139964,-0.0773457853180617,-0.37267799624996495,3.04138126514911,-0.3287979746107146,0.0,-0.5303300858899107,-0.5303300858899107,-0.5679618342470648,-0.5303300858899107,-0.6813851438692469,1.4675987714106855,0.0,-0.22645540682891913,-0.22645540682891913,-0.5303300858899107,4389.299287449941
-0.158113883008419,0.760638829255665,-0.158113883008419,-0.158113883008419,0.0,-1.0580066258695633,-0.7074743423942079,0.9079884453863057,0.8451187310949864,1.0080968076181196,1.20400495744512,0.8801823253973554,1.009866616899855,-0.18363551773714024,-1.0706877153705696,-0.43176069960663505,0.22231090867461517,1.3217469184574024,0.9522010047685747,0.9051414285726637,1.1277008809292344,0.5809868698917059,1.1483199943003883,1.338325669063194,0.2588254042939028,-0.9368336873815852,-0.6253768478692636,0.03478903695625631,-0.5313571913168627,-0.2677866850205253,-0.37267799624996495,3.04138126514911,-0.3287979746107146,0.0,-0.5303300858899107,-0.5303300858899107,-0.5679618342470648,-0.5303300858899107,-0.6813851438692469,1.4675987714106855,0.0,-0.22645540682891913,-0.22645540682891913,-0.5303300858899107,4389.299287449941
-0.158113883008419,0.8451542547285166,-0.158113883008419,-0.158113883008419,0.0,-1.1555069982122503,-0.5478221654593328,1.1870617509638952,0.8822144902875984,0.8258786294222332,1.0307607031684631,1.0379879204633715,0.9976979288241142,1.4435993616717548,-0.22250376610976838,1.0960940941256139,0.10617081864568491,1.3398704731169528,1.072395414369618,1.1578963290502233,1.1275065357578626,0.5554214772129223,1.1483199943003883,1.338325669063194,1.5301976992971849,0.24702694358700378,-0.6548193543724908,0.6704046914427911,0.031690086439356245,-0.28112515087289974,-0.37267799624996495,3.04138126514911,-0.3287979746107146,0.0,-0.5303300858899107,-0.5303300858899107,-0.5679618342470648,-0.5303300858899107,-0.6813851438692469,1.4675987714106855,0.0,-0.22645540682891913,-0.22645540682891913,-0.5303300858899107,4389.299287449941
-0.158113883008419,0.9296696802013682,-0.158113883008419,-0.158113883008419,0.0,-1.237295689539772,-0.37425736580511093,1.4273894193693617,1.1568261520884628,0.8625258607912383,0.8483446942536302,1.296736929232773,1.0900752813130705,1.820318679168045,1.1394258056249147,0.8508419146544938,0.7519114320790444,1.3835398298942203,1.2534909057455428,1.3994905761530236,1.1340203435033536,0.5363411459820913,1.1483199943003883,1.338325669063194,1.3261162463031655,1.5162356665556538,0.04852941209349197,0.49142791841127687,0.6678871446218796,-0.14765577634550722,-0.37267799624996495,-0.32879797461071464,-0.3287979746107146,0.0,-0.5303300858899107,-0.5303300858899107,1.760681686165901,-0.5303300858899107,-0.6813851438692469,1.4675987714106855,0.0,-0.22645540682891913,-0.22645540682891913,-0.5303300858899107,4389.299287449941
-0.158113883008419,1.01418510567422,-0.158113883008419,-0.158113883008419,0.0,-1.3021800365604808,-0.18931090904439038,1.6865663166693743,1.3933116169413648,1.13381717078679,0.8850317128063341,1.545574181617863,1.2940643642171537,1.8179115269795703,1.4547245896137873,0.9701537857485522,1.152538259484895,1.4523461464271334,1.4745269997010972,1.6569349349422724,1.1471939595310177,0.5355377946228554,1.1483199943003883,1.338325669063194,1.4253991153272831,1.3125015114587337,0.802584717537255,0.47850890088027326,0.4887466598305903,0.0031536259664475107,-0.37267799624996495,-0.32879797461071464,-0.3287979746107146,0.0,-0.5303300858899107,-0.5303300858899107,1.760681686165901,-0.5303300858899107,-0.6813851438692469,1.4675987714106855,0.0,-0.22645540682891913,-0.22645540682891913,-0.5303300858899107,4389.299287449941
-0.158113883008419,1.0987005311470714,-0.158113883008419,-0.158113883008419,0.0,-1.3492138793879889,0.0043202690201050425,1.2739776397554148,1.648344961390573,1.3674432707641972,1.1566175584812108,1.4691493231809327,1.3855257939477208,-1.2271359914409214,1.4527099008982034,1.941219847708528,0.5173457117038801,1.467304013929993,1.3773181407498596,1.3113086070752833,1.1487796376813693,0.513089153339408,1.1483199943003883,1.338325669063194,-2.112932022393348,1.4116154247491273,0.6815433019128765,-0.8544934259816735,0.47581582515114473,-0.03931131330634196,-0.37267799624996495,-0.32879797461071464,-0.3287979746107146,0.0,-0.5303300858899107,-0.5303300858899107,1.760681686165901,-0.5303300858899107,-0.6813851438692469,1.4675987714106855,0.0,-0.22645540682891913,-0.22645540682891913,-0.5303300858899107,4389.299287449941
-0.158113883008419,1.1832159566199232,-0.158113883008419,-0.158113883008419,0.0,-1.3777113586828804,0.2038125897927532,0.8765730638953951,1.2423524857825408,1.6193929864261072,1.3904973017546978,1.0656365040617148,1.3079340517013311,-2.701516706881673,-1.0958713243153677,1.8451075071049812,1.1872635688846924,1.4355267883513962,1.128631577263933,0.919042408700832,1.1400819355537524,0.5018308860295716,1.1483199943003883,1.338325669063194,-2.0329541556794752,-2.120694318350174,0.7404283149193309,-0.9560598768336415,-0.8584058116414629,-0.042376545099417,-0.37267799624996495,-0.32879797461071464,-0.3287979746107146,0.0,-0.5303300858899107,-0.5303300858899107,1.760681686165901,-0.5303300858899107,-0.6813851438692469,1.4675987714106855,0.0,-0.22645540682891913,-0.22645540682891913,-0.5303300858899107,4389.299287449941
6.32455532033676,1.267731382092775,-0.158113883008419,6.32455532033676,0.0,-1.387256917026302,0.40625700601910747,0.976578694974794,0.8513013576270884,1.2183093986653293,1.6427205543045365,0.9174818296856865,1.1952755524194738,-0.37981842109782804,-2.329868162610476,-0.03736868126794165,1.3254260653644276,1.4183116166998997,1.0546383450545254,0.9698307836292113,1.1343312337583467,0.4854947605079283,1.1483199943003883,1.338325669063194,0.5870104435680689,-2.040852554866246,-1.3581681208384737,0.20161461948577375,-0.9600651662938595,-0.35865145553549066,-0.37267799624996495,-0.32879797461071464,-0.3287979746107146,0.0,-0.5303300858899107,-0.5303300858899107,1.760681686165901,-0.5303300858899107,-0.6813851438692469,-0.6813851438692469,0.0,-0.22645540682891913,-0.22645540682891913,-0.5303300858899107,4389.299287449941
-0.158113883008419,1.3522468075656264,-0.158113883008419,-0.158113883008419,0.0,-1.3777113586828804,0.6087014222454618,1.0954335549487393,0.9497081632630454,0.8319865013170674,1.241201517922167,1.0265111499131157,1.0475502961021486,0.8502363472127421,-0.3867008964298522,0.08194318982611674,0.24802599122094307,1.4163480314324928,1.0774818401755657,1.0818907929117982,1.1317661085677801,0.4661067384527164,1.1483199943003883,1.338325669063194,0.6862933125921864,0.5746534902969156,-1.3107329714721632,0.23700026579460667,0.1986682659189071,-0.3827496281336866,-0.37267799624996495,-0.32879797461071464,-0.3287979746107146,0.0,-0.5303300858899107,-0.5303300858899107,1.760681686165901,-0.5303300858899107,-0.6813851438692469,-0.6813851438692469,0.0,-0.22645540682891913,-0.22645540682891913,-0.5303300858899107,4389.299287449941
-0.158113883008419,1.4367622330384782,-0.158113883008419,-0.158113883008419,0.0,-1.3492138793879889,0.80819374301811,1.150934062249348,1.0666628484953085,0.9292034623098447,0.8544591973457476,1.1133694361230055,1.0168014606419438,0.6022996717998483,0.6428050372334955,-0.3190772657955798,-0.02084843658577754,1.4208988105826097,1.1168465471630855,1.143052759521614,1.1306463753252547,0.4466809328715683,1.1483199943003883,1.338325669063194,0.352592558372236,0.673767403587309,0.2431770939759384,0.06754466689468575,0.23408627981561123,-0.10807389032046254,-0.37267799624996495,-0.32879797461071464,-0.3287979746107146,0.0,-0.5303300858899107,-0.5303300858899107,1.760681686165901,-0.5303300858899107,-0.6813851438692469,-0.6813851438692469,0.0,-0.22645540682891913,-0.22645540682891913,-0.5303300858899107,4389.299287449941
-0.158113883008419,1.52127765851133,-0.158113883008419,-0.158113883008419,0.0,-1.302180036560481,1.0018249210826056,1.1938684169535925,1.1212760495288763,1.0447440389871248,0.9517817048952812,1.1624065466559164,1.0960942022967701,0.3988953118737364,0.4352920995283589,-0.3986185131916188,-0.18066789501445613,1.4298820258086973,1.1581451522890527,1.187814137181536,1.1305769814011188,0.42778003807252457,1.1483199943003883,1.338325669063194,0.28640397902282433,0.3406345283612643,0.3020621069823928,0.03462624823638219,0.06447567826462125,-0.09967811193994379,-0.37267799624996495,-0.32879797461071464,-0.3287979746107146,0.0,-0.5303300858899107,-0.5303300858899107,1.760681686165901,-0.5303300858899107,-0.6813851438692469,-0.6813851438692469,0.0,-0.22645540682891913,-0.22645540682891913,-0.5303300858899107,4389.299287449941
-0.158113883008419,1.6057930839841814,-0.158113883008419,-0.158113883008419,0.0,-1.2372956895397726,1.1867713778433246,1.2142884149226845,1.16352399749824,1.0986969073914934,1.0674477217211669,1.1939676656691196,1.1554983354837194,0.26650194150762807,0.2650509030615235,-0.5411299147761887,-0.4129699401604387,1.4402914688493513,1.1890753550185735,1.2106703000567804,1.130973979199662,0.40958394371504137,1.1483199943003883,1.338325669063194,0.1678161076884618,0.27455858616766865,0.10414303548847666,-0.019378930934519614,0.031527148815088835,-0.13988400902275833,-0.37267799624996495,-0.32879797461071464,-0.3287979746107146,0.0,-0.5303300858899107,-0.5303300858899107,1.760681686165901,-0.5303300858899107,-0.6813851438692469,-0.6813851438692469,0.0,-0.22645540682891913,-0.22645540682891913,-0.5303300858899107,4389.299287449941
-0.158113883008419,1.6903085094570331,-0.158113883008419,-0.158113883008419,0.0,-1.1555069982122512,1.3603361774975467,1.0661125322238894,1.1836175337275716,1.1404340320061936,1.1214591657015365,1.1303237562540651,1.1481709534166067,-0.5603548352334303,0.1542430237044117,0.2675394337502078,-0.33980514158306585,1.4327920839341333,1.1299380269697408,1.07958291362845,1.128068407219358,0.39346648969426673,1.1483199943003883,1.338325669063194,-0.7202139985828111,0.15617252307080973,0.06488636015084041,-0.4067450582729985,-0.022527429407820043,-0.14769440042497106,-0.37267799624996495,-0.32879797461071464,-0.3287979746107146,0.0,-0.5303300858899107,-0.5303300858899107,1.760681686165901,-0.5303300858899107,-0.6813851438692469,-0.6813851438692469,0.0,-0.22645540682891913,-0.22645540682891913,-0.5303300858899107,4389.299287449941
-0.158113883008419,-1.6903085094570331,-0.158113883008419,-0.158113883008419,0.0,0.5303619368702434,1.8934028924643687,1.9185165500105978,1.872465173179271,1.81586286570994,-0.5737868165879855,1.903701589924706,1.274437447965959,0.15216221255507997,4.862570552023871,-0.6438706926627391,6.274376897831157,0.2498512955263132,1.6084390550658656,1.9143601797106027,1.2142900748823517,3.079480856419598,1.0542583184028174,1.068658506824486,0.0823225260288051,0.1837041656514746,7.677409986040803,-0.05926006092880121,-0.024105457686909644,5.7523293534336215,2.6832815729997477,-0.32879797461071464,-0.3287979746107146,0.0,-0.5303300858899107,-0.5303300858899107,-0.5679618342470648,1.885618083164127,-0.6813851438692469,-0.6813851438692469,0.0,-0.22645540682891913,-0.22645540682891913,-0.5303300858899107,3945.6182189074
-0.158113883008419,-1.6057930839841814,-0.158113883008419,-0.158113883008419,0.0,0.6656569576593118,1.7884793133004748,1.7687698982372573,1.8765869242006723,1.8408033426138464,1.8394037371009762,1.831189266902636,1.8641608582601878,-0.6048871507202122,0.0585453097141788,0.2774820896747127,-0.3130911601938177,0.4413842666738745,1.6933882878521918,1.7824132784301472,1.3091211426089353,2.5926374979424414,1.0542583184028174,1.068658506824486,-0.7284875710014875,0.07082443107074866,0.010908431561590564,-0.3308002340819679,-0.06244503905173772,-0.16088201270282523,2.6832815729997477,-0.32879797461071464,-0.3287979746107146,0.0,-0.5303300858899107,-0.5303300858899107,-0.5679618342470648,1.885618083164127,-0.6813851438692469,-0.6813851438692469,0.0,-0.22645540682891913,-0.22645540682891913,-0.5303300858899107,3945.6182189074
-0.158113883008419,-1.52127765851133,-0.158113883008419,-0.158113883008419,0.0,0.7901069880828537,1.663399820402848,1.4101109595493608,1.7292343251855744,1.8448752572104026,1.8643712913937884,1.5779178077140381,1.7445675152362419,-1.9191922456273967,-0.5750742913369422,1.599855327633861,0.6284179218023254,0.5729353177332253,1.5552881192689905,1.446389942152418,1.314040578719684,2.2037138475456377,1.0542583184028174,1.068658506824486,-1.828872702685456,-0.7386058608007982,-0.05615505547353803,-0.7320539716010744,-0.33423359258881447,-0.16997034355276364,2.6832815729997477,-0.32879797461071464,-0.3287979746107146,0.0,-0.5303300858899107,-0.5303300858899107,-0.5679618342470648,1.885618083164127,-0.6813851438692469,-0.6813851438692469,0.0,-0.22645540682891913,-0.22645540682891913,-0.5303300858899107,3945.6182189074
-0.158113883008419,-1.4367622330384782,-0.158113883008419,-0.158113883008419,0.0,0.9018972664602313,1.519988354432424,1.2038166210923809,1.3763093939780844,1.6993043103835213,1.8684476267885335,1.2964760935384492,1.5670093462171006,-1.6989378203819618,-1.6750943300457248,0.635417702956888,1.119905462137978,0.6678473549982599,1.382374582012882,1.227102226651688,1.2888111424127042,1.9250801026953557,1.0542583184028174,1.068658506824486,-1.0263361780738398,-1.8371183997693261,-0.5370493283595821,-0.5035489187343681,-0.735854360725207,-0.23439734582663746,2.6832815729997477,-0.32879797461071464,-0.3287979746107146,0.0,-0.5303300858899107,-0.5303300858899107,-0.5679618342470648,1.885618083164127,-0.6813851438692469,-0.6813851438692469,0.0,-0.22645540682891913,-0.22645540682891913,-0.5303300858899107,3945.6182189074
-0.158113883008419,-1.3522468075656264,-0.158113883008419,-0.158113883008419,0.0,0.9993976388029182,1.3603361774975484,0.9661069011444905,1.1733131561740682,1.3506466230534033,1.7227186364264044,1.0752874247517026,1.3290002751442802,-1.4931263082673754,-1.4907503125698025,0.8342708214469855,1.194069712745541,0.7262080500989102,1.1762375909333398,0.9912111115221164,1.2409086500317765,1.739412782388779,1.0542583184028174,1.068658506824486,-1.191807626447369,-1.0359476006719788,-1.1896915558477847,-0.6146931155292698,-0.5071402921092015,-0.3296008479801175,2.6832815729997477,-0.32879797461071464,-0.3287979746107146,0.0,-0.5303300858899107,-0.5303300858899107,-0.5679618342470648,1.885618083164127,-0.6813851438692469,-0.6813851438692469,0.0,-0.22645540682891913,-0.22645540682891913,-0.5303300858899107,3945.6182189074
-0.158113883008419,-1.267731382092775,-0.158113883008419,-0.158113883008419,0.0,1.0811863301304405,1.1867713778433255,1.0174186909129779,0.939403785709542,1.1501048291730143,1.3736824182513752,0.9824299175723609,1.1412361096745178,-0.23659286588358358,-1.318494427387383,-0.34559101492759275,0.41995649895540893,0.7845738509470116,1.0990031522223038,1.013807704129844,1.209211764248995,1.5763719095171302,1.0542583184028174,1.068658506824486,0.33052969858909875,-1.2011374561559678,-0.7137043673789453,0.06509308226960175,-0.6183861535600129,-0.27538457718054477,-0.37267799624996495,-0.32879797461071464,-0.3287979746107146,0.0,1.885618083164127,-0.5303300858899107,-0.5679618342470648,1.885618083164127,-0.6813851438692469,-0.6813851438692469,0.0,-0.22645540682891913,-0.22645540682891913,-0.5303300858899107,3945.6182189074
-0.158113883008419,-1.1832159566199232,-0.158113883008419,-0.158113883008419,0.0,1.1460706771511489,1.0018249210826056,0.9184602392166094,0.9898952357217085,0.9190236758184545,1.1729229000601904,0.9586938693888775,1.0183716139420393,-0.26307153995680527,-0.2668269178526131,-0.04399711855094495,-0.008453043859548343,0.825837947999379,1.0105631089827962,0.9269949340150104,1.1742026283743452,1.4520662800601576,1.0542583184028174,1.068658506824486,-0.4609753961309488,0.3186092142967324,-0.8118460557230358,-0.31466347741507433,0.062021851151719355,-0.301755214484344,-0.37267799624996495,-0.32879797461071464,-0.3287979746107146,0.0,1.885618083164127,-0.5303300858899107,-0.5679618342470648,1.885618083164127,-0.6813851438692469,-0.6813851438692469,0.0,-0.22645540682891913,-0.22645540682891913,-0.5303300858899107,3945.6182189074
-0.158113883008419,-1.0987005311470714,-0.158113883008419,-0.158113883008419,0.0,1.1931045199786567,0.8081937430181111,0.8875684474172139,0.8925188678411018,0.968904629626267,0.941590866408419,0.8940066171965271,0.9393405645038954,-0.29556809450121363,-0.28898849372403546,-0.4748455419461562,-0.38950625326099825,0.8594590094261684,0.9507899307008446,0.8905079779920945,1.1428197518955818,1.3475964552906823,1.0542583184028174,1.068658506824486,-0.10245392465496907,-0.47154892776834906,0.09105747704259791,-0.14782916545085215,-0.3180820754768293,-0.1404656844573018,-0.37267799624996495,-0.32879797461071464,-0.3287979746107146,0.0,1.885618083164127,-0.5303300858899107,-0.5679618342470648,1.885618083164127,-0.6813851438692469,-0.6813851438692469,0.0,-0.22645540682891913,4.415880433163923,-0.5303300858899107,3945.6182189074
-0.158113883008419,-1.01418510567422,-0.158113883008419,-0.158113883008419,0.0,1.2216019992735485,0.6087014222454614,0.6875571852584161,0.8621209540582668,0.8727056472826286,0.9915259749940437,0.7789780759996459,0.869730434866325,-0.9166133591276855,-0.31618679138441746,0.5956470792588687,0.06647128818424013,0.8669493019717978,0.8202032424927574,0.706829292858154,1.1004110867131103,1.287752561488811,1.0542583184028174,1.068658506824486,-0.9932418883991341,-0.11363757421970588,-0.3783869322033023,-0.600272979331668,-0.15109515857767666,-0.23056865688386186,-0.37267799624996495,-0.32879797461071464,-0.3287979746107146,0.0,1.885618083164127,-0.5303300858899107,-0.5679618342470648,1.885618083164127,-0.6813851438692469,-0.6813851438692469,0.0,-0.22645540682891913,4.415880433163923,-0.5303300858899107,3945.6182189074
-0.158113883008419,-0.9296696802013682,-0.158113883008419,-0.158113883008419,0.0,1.2311475576169701,0.4062570060191075,0.7069300038444777,0.6653073427863527,0.8426752771330273,0.8952225512931963,0.688989761457868,0.7921386926199354,-0.296771670595451,-0.835976480005051,-0.5477583520591919,-0.03766610529222811,0.8758959069417219,0.7646635729056854,0.7058988840637941,1.0659802715594917,1.225677005420296,1.0542583184028174,1.068658506824486,0.1623003927426775,-1.002909629575181,-0.16574660745777256,-0.009267397977433783,-0.6039528271264207,-0.19098469966874962,-0.37267799624996495,-0.32879797461071464,-0.3287979746107146,0.0,1.885618083164127,-0.5303300858899107,-0.5679618342470648,-0.5303300858899107,1.4675987714106855,-0.6813851438692469,0.0,-0.22645540682891913,-0.22645540682891913,-0.5303300858899107,3945.6182189074
-0.158113883008419,-0.8451542547285166,-0.158113883008419,-0.158113883008419,0.0,1.2216019992735485,0.20381258979275438,0.8100771730729677,0.684370441260334,0.6482413551474724,0.8651595777569528,0.7500253139296826,0.7650535481932867,0.5926710630459495,-0.3171941357422094,-0.01748336941893201,-0.18486164483612874,0.8956898057588446,0.7888254645944032,0.7986485341208366,1.043653974095769,1.1529793180751204,1.0542583184028174,1.068658506824486,0.6035575884054218,0.15066619455467675,-0.694076029710127,0.23567862681383153,-0.012406647335184803,-0.2983338196431895,-0.37267799624996495,-0.32879797461071464,-0.3287979746107146,0.0,1.885618083164127,-0.5303300858899107,-0.5679618342470648,-0.5303300858899107,1.4675987714106855,-0.6813851438692469,0.0,-0.22645540682891913,-0.22645540682891913,-0.5303300858899107,3945.6182189074
-0.158113883008419,-0.760638829255665,-0.158113883008419,-0.158113883008419,0.0,1.193104519978657,0.004320269020105462,0.6619012903741724,0.785868560162342,0.6670739601565445,0.6705145626578854,0.7275934442178191,0.7086588754981875,-0.3701898123439292,0.4272333446660235,0.2675394337502078,-0.3436506212801676,0.8966364310424482,0.726303981025169,0.6745504964106859,1.014669911315731,1.1051320571224277,1.0542583184028174,1.068658506824486,-0.7202139985828111,0.5911724758453144,-0.008719906107227561,-0.47781884754936194,0.23276343191906637,-0.15810883012643182,-0.37267799624996495,-0.32879797461071464,-0.3287979746107146,0.0,1.885618083164127,-0.5303300858899107,-0.5679618342470648,-0.5303300858899107,1.4675987714106855,-0.6813851438692469,0.0,-0.22645540682891913,-0.22645540682891913,-0.5303300858899107,3945.6182189074
-0.158113883008419,-0.6761234037828132,-0.158113883008419,-0.158113883008419,0.0,1.1460706771511489,-0.18931090904438963,0.8859976783426683,0.6400616177802695,0.7673448570967389,0.6893676138585804,0.7654146198947982,0.7582495505595394,0.763578868427653,-0.3786421415675168,0.7481011367679433,-0.14174753941843496,0.9229988326774557,0.807869528247682,0.8638496861463347,1.0029692282824225,1.0366125033688078,1.0542583184028174,1.068658506824486,1.2406226646435088,-0.7303463680265988,0.25299126281034745,0.6067571249693409,-0.48138668538289864,-0.09999169072510429,-0.37267799624996495,-0.32879797461071464,-0.3287979746107146,0.0,1.885618083164127,-0.5303300858899107,-0.5679618342470648,-0.5303300858899107,1.4675987714106855,-0.6813851438692469,0.0,-0.22645540682891913,-0.22645540682891913,-0.5303300858899107,3945.6182189074
-0.158113883008419,-0.5916079783099616,6.32455532033676,-0.158113883008419,0.0,1.0811863301304405,-0.3742573658051099,0.9158422907590335,0.8605752974252413,0.6233008782435662,0.7897473729541727,0.8919199316419351,0.8104571477877172,0.7262680095062952,0.5702762434724769,-0.4814739792291594,-0.0726616647511799,0.9501224124109869,0.8636782328715703,0.9096427187411145,0.9943573363223147,0.9725473210441402,1.0542583184028174,1.068658506824486,0.21745754220052055,1.2271534194586726,-0.5321422439423775,0.013026459345450632,0.6041813591128736,-0.2692797296528522,-0.37267799624996495,-0.32879797461071464,-0.3287979746107146,0.0,1.885618083164127,-0.5303300858899107,-0.5679618342470648,-0.5303300858899107,1.4675987714106855,-0.6813851438692469,0.0,-0.22645540682891913,-0.22645540682891913,-0.5303300858899107,3945.6182189074
-0.158113883008419,-0.50709255283711,-0.158113883008419,-0.158113883008419,0.0,0.9993976388029183,-0.5478221654593324,1.1614058560796516,0.8899427734527259,0.8411483091593187,0.6455470083650731,1.0291195068563557,0.898254886484728,1.271487980195814,0.5390485683809272,0.88398410106951,0.4354018308907639,1.002487830046421,1.015217000006748,1.1352536060067262,1.0000080625150671,0.91253421229187,1.0542583184028174,1.068658506824486,1.3536948210320872,0.20572947971600647,0.6308367629350964,0.5794047311932313,0.009907602391432712,-0.011947719305209542,-0.37267799624996495,-0.32879797461071464,3.0413812651491097,0.0,-0.5303300858899107,-0.5303300858899107,-0.5679618342470648,-0.5303300858899107,1.4675987714106855,-0.6813851438692469,0.0,4.415880433163923,-0.22645540682891913,-0.5303300858899107,3945.6182189074
-0.158113883008419,-0.4225771273642583,-0.158113883008419,-0.158113883008419,0.0,0.9018972664602316,-0.7074743423942076,0.9776258743578243,1.1315804270823797,0.870160700659781,0.8636309519839235,1.059898118786587,0.9771550898145305,-0.20650346352764987,0.9953755624606694,0.49290630137231817,-0.016596268037077453,1.0286957618837385,0.9984582820754989,0.9923944687500187,0.9956300540537316,0.85710326899847,1.0542583184028174,1.068658506824486,-0.9077483067394774,1.3400331540393986,0.023993990007469313,-0.4982218271283126,0.5768039458415342,-0.1528192761729374,-0.37267799624996495,-0.32879797461071464,3.0413812651491097,0.0,-0.5303300858899107,-0.5303300858899107,-0.5679618342470648,-0.5303300858899107,1.4675987714106855,-0.6813851438692469,0.0,4.415880433163923,-0.22645540682891913,-0.5303300858899107,3945.6182189074
-0.158113883008419,-0.3380617018914066,-0.158113883008419,-0.158113883008419,0.0,0.7901069880828537,-0.8508858083646323,0.8865212680341835,0.9507386010183957,1.1088766938828836,0.8926748416714807,0.9229593792664903,0.9772859359228717,-0.7673699234422542,-0.24164330890781496,-0.09371039817346932,-0.017378776388934536,1.041911834263775,0.9442102915976299,0.896105366075377,0.9872470338956039,0.8094085247005012,1.0542583184028174,1.068658506824486,-0.4196075340375665,-0.9175615375751198,0.6979002499702249,-0.2993035507389605,-0.5018083277616917,-0.018437487340436078,-0.37267799624996495,-0.32879797461071464,3.0413812651491097,0.0,-0.5303300858899107,-0.5303300858899107,-0.5679618342470648,-0.5303300858899107,1.4675987714106855,-0.6813851438692469,0.0,-0.22645540682891913,-0.22645540682891913,-0.5303300858899107,3945.6182189074
-0.158113883008419,-0.253546276418555,-0.158113883008419,-0.158113883008419,0.0,0.6656569576593118,-0.9759653012622592,-0.11929452936647196,0.8610905163029166,0.9302214409589838,1.1316500041883986,0.3765085996577238,0.7186031797321261,-4.759631828027539,-0.7110657796388522,5.696229568529868,2.5087695354339083,0.939307343592661,0.41068605995052554,-0.01885760149652953,0.9329484234571886,0.9476578437060127,1.0542583184028174,1.068658506824486,-5.237584539180156,-0.4302514638973518,-0.643369490732347,-2.751493101233698,-0.3027080989294189,-0.2741206443376395,-0.37267799624996495,-0.32879797461071464,3.0413812651491097,0.0,-0.5303300858899107,-0.5303300858899107,-0.5679618342470648,-0.5303300858899107,1.4675987714106855,-0.6813851438692469,0.0,-0.22645540682891913,-0.22645540682891913,-0.5303300858899107,3945.6182189074
-0.158113883008419,-0.1690308509457033,-0.158113883008419,-0.158113883008419,0.0,0.530361936870244,-1.0808888804261523,0.3142377352080948,-0.1286449477110809,0.8416572984838881,0.9528007887439675,0.09141518576159888,0.5068941764359063,-0.24501789854324502,-4.052427014434668,2.073788593368593,2.1695461004885708,0.8963152725317534,0.362195363047309,0.2798681732965548,0.9028057409559248,0.9564754608438638,1.0542583184028174,1.068658506824486,2.3437656538003697,-5.240029422739503,-0.3538515101172796,2.249011379686731,-2.7571406905730935,-0.2269242825749071,-0.37267799624996495,-0.32879797461071464,-0.3287979746107146,0.0,-0.5303300858899107,1.8856180831641272,-0.5679618342470648,-0.5303300858899107,1.4675987714106855,-0.6813851438692469,0.0,-0.22645540682891913,-0.22645540682891913,1.8856180831641272,3945.6182189074
-0.158113883008419,-0.08451542547285165,-0.158113883008419,-0.158113883008419,0.0,0.38619483177660796,-1.1641265238047793,0.639910523330535,0.2979562830039581,-0.13611119401415037,0.8641404939082666,0.46962694253138954,0.4224984365557693,2.567739433689438,-0.2738783283571566,1.3910595532192587,1.7240852224316385,0.8946959903134163,0.5019171916107353,0.6028785871336788,0.8890944031684125,0.9219614188779963,1.0542583184028174,1.068658506824486,1.7756470143845864,2.328419122685267,-3.2114103357360517,1.1485560365699545,2.247937799446219,-0.8087432447974094,-0.37267799624996495,-0.32879797461071464,-0.3287979746107146,0.0,-0.5303300858899107,1.8856180831641272,-0.5679618342470648,-0.5303300858899107,1.4675987714106855,-0.6813851438692469,0.0,-0.22645540682891913,-0.22645540682891913,1.8856180831641272,3945.6182189074
-0.158113883008419,0.0,-0.158113883008419,-0.158113883008419,0.0,0.23525792340671806,-1.2244644391228292,0.834685888574181,0.6184224249179124,0.28533196672940814,-0.11468954275484475,0.7288976226894391,0.4095446718299808,1.7180147111578703,2.080285435802573,0.5625048928438525,1.6251155060181866,0.9154112607638109,0.6698420767117298,0.8104967910979495,0.8844410325431179,0.8792005790194772,1.0542583184028174,1.068658506824486,1.0861826461615485,1.761267285523571,1.2851146852290338,0.5259434009172579,1.1464758593407713,0.3777018760910299,-0.37267799624996495,-0.32879797461071464,-0.3287979746107146,0.0,-0.5303300858899107,1.8856180831641272,-0.5679618342470648,-0.5303300858899107,1.4675987714106855,-0.6813851438692469,0.0,-0.22645540682891913,-0.22645540682891913,1.8856180831641272,3945.6182189074
-0.158113883008419,0.08451542547285165,-0.158113883008419,-0.158113883008419,0.0,0.07975221176492564,-1.2610227637058127,0.9252669052063066,0.8100838474130749,0.6019233266116466,0.3072111706012491,0.8710530760960156,0.6705826579708698,0.9380974020920685,1.3691003192014737,-0.09702461681497097,0.8047621746322356,0.9443664666135566,0.7994095379496884,0.912790517748238,0.8836937548778517,0.8377025866345044,1.0542583184028174,1.068658506824486,0.5373690090560101,1.0729762210069496,0.9481615552476561,0.1815285877363431,0.5232937139773202,0.11660224552811742,-0.37267799624996495,-0.32879797461071464,-0.3287979746107146,0.0,-0.5303300858899107,1.8856180831641272,-0.5679618342470648,-0.5303300858899107,1.4675987714106855,-0.6813851438692469,0.0,-0.22645540682891913,-0.22645540682891913,1.8856180831641272,3945.6182189074
-0.158113883008419,0.1690308509457033,-0.158113883008419,-0.158113883008419,0.0,-0.07805467970466644,-1.2732683948591323,0.9624417733038843,0.8992167132508789,0.7912673553515062,0.6241462475426626,0.93469698551107,0.8325701400973964,0.4530562361144171,0.716341175352306,-0.43507491824813666,0.09872206440559218,0.9746580237485689,0.8829097791282617,0.956480961766008,0.8843984768674192,0.7987194034078087,1.0542583184028174,1.068658506824486,0.2560675468210107,0.5250965336517188,0.5392378538139452,0.030696319000832587,0.1785638612848339,-0.031121994414502117,-0.37267799624996495,-0.32879797461071464,-0.3287979746107146,0.0,-0.5303300858899107,1.8856180831641272,-0.5679618342470648,-0.5303300858899107,-0.6813851438692469,1.4675987714106855,0.0,-0.22645540682891913,-0.22645540682891913,1.8856180831641272,3945.6182189074
-0.158113883008419,0.253546276418555,-0.158113883008419,-0.158113883008419,0.0,-0.23586157117425735,-1.2610227637058127,1.0467397136378278,0.9357972535658159,0.8793225085020323,0.8136958433982989,0.9952108665942365,0.9342375662785848,0.5469351714649303,0.3103813991621601,-0.13679524051299047,-0.21550250662369502,1.011516641664571,0.9671015645076136,1.0367265200803384,0.8880960922447797,0.7631355967327224,1.0542583184028174,1.068658506824486,0.5042747193813043,0.2442737793289373,0.2137345874727112,0.1501709448726963,0.027593624835818877,-0.11283960435152682,-0.37267799624996495,-0.32879797461071464,-0.3287979746107146,0.0,-0.5303300858899107,1.8856180831641272,-0.5679618342470648,-0.5303300858899107,-0.6813851438692469,1.4675987714106855,0.0,-0.22645540682891913,-0.22645540682891913,1.8856180831641272,3945.6182189074
-0.158113883008419,0.3380617018914066,-0.158113883008419,-0.158113883008419,0.0,-0.39136728281604977,-1.2244644391228294,0.8713371669802433,1.018747492871518,0.9154607505464679,0.9018465963096567,0.9498254557818616,0.9433967938624757,-0.538690465537158,0.3889542590699303,0.4398788031082923,-0.29479399734176,1.0247221150209327,0.9208871608949799,0.8868713730502472,0.8854198130841837,0.7290699867142805,1.0542583184028174,1.068658506824486,-0.863622587173203,0.492058562554921,0.046893717287757125,-0.5003063244518149,0.14717753528645033,-0.14862683541922916,-0.37267799624996495,-0.32879797461071464,-0.3287979746107146,0.0,-0.5303300858899107,1.8856180831641272,-0.5679618342470648,-0.5303300858899107,-0.6813851438692469,1.4675987714106855,0.0,-0.22645540682891913,-0.22645540682891913,1.8856180831641272,3945.6182189074
-0.158113883008419,0.4225771273642583,-0.158113883008419,-0.158113883008419,0.0,-0.5423041911859398,-1.1641265238047793,0.9017053690881237,0.8461491688503366,0.9974080318021598,0.9380240729380174,0.8775739684541154,0.9375087189871172,-0.189653398208327,-0.5196703516583864,-0.47815976058765786,-0.2744491814516209,1.0400640631328415,0.9130695029260778,0.8992202546635617,0.8839494411169453,0.696429214258679,1.0542583184028174,1.068658506824486,0.22021539967341272,-0.873510909446056,0.19410624980389307,0.01502017781366858,-0.5038947317947592,-0.12027967815209821,-0.37267799624996495,-0.32879797461071464,-0.3287979746107146,0.0,-0.5303300858899107,1.8856180831641272,-0.5679618342470648,-0.5303300858899107,-0.6813851438692469,1.4675987714106855,0.0,-0.22645540682891913,-0.22645540682891913,1.8856180831641272,3945.6182189074
-0.158113883008419,0.50709255283711,-0.158113883008419,-0.158113883008419,0.0,-0.6864712962795747,-1.0808888804261532,1.0127063836893413,0.8760318637554964,0.8268966080713722,1.0200603227572578,0.9479996059215937,0.9500699453878818,0.6540534438520543,-0.22754048789872802,0.032229910203592366,-0.23316755802682543,1.0665078282151248,0.9650465927956258,1.000367074188007,0.8861858152467571,0.6657936486606887,1.0542583184028174,1.068658506824486,0.6449254504988041,0.20848264397407296,-0.6171983738405894,0.22741643254619348,0.011903144532931832,-0.27461522277235756,-0.37267799624996495,-0.32879797461071464,-0.3287979746107146,0.0,-0.5303300858899107,1.8856180831641272,-0.5679618342470648,-0.5303300858899107,-0.6813851438692469,1.4675987714106855,0.0,-0.22645540682891913,-0.22645540682891913,1.8856180831641272,3945.6182189074
-0.158113883008419,0.5916079783099616,-0.158113883008419,-0.158113883008419,0.0,-0.8217663170686434,-0.9759653012622596,0.9954279238693404,0.985258265822632,0.8564179888964041,0.8493637781023164,0.9946891952055885,0.9372470267704346,0.2496518761883052,0.47860790691341165,-0.5610152266251984,-0.3192358099347446,1.088340290426955,0.9823359145125603,0.9949294272018538,0.8877342927366904,0.6364714680237075,1.0542583184028174,1.068658506824486,-0.030749630359773125,0.6324699397163117,0.025629684813204157,-0.11005671534336628,0.22449368014360063,-0.15234623639103784,-0.37267799624996495,3.04138126514911,-0.3287979746107146,0.0,-0.5303300858899107,-0.5303300858899107,-0.5679618342470648,-0.5303300858899107,-0.6813851438692469,1.4675987714106855,0.0,-0.22645540682891913,-0.22645540682891913,-0.5303300858899107,3945.6182189074
-0.158113883008419,0.6761234037828132,-0.158113883008419,-0.158113883008419,0.0,-0.9462163474921855,-0.8508858083646326,1.145174575642681,0.9682560428593514,0.9643237257051414,0.8789172097142167,1.060680625869559,1.0056795414329334,0.7226572812235831,0.14014020269532473,0.2774820896747127,-0.14641569852358904,1.125036201556884,1.0663738432589696,1.1291725133044204,0.8937500866021691,0.612322674539936,1.0542583184028174,1.068658506824486,0.8490069034928233,-0.04205530350997726,0.2775266848963701,0.31252244931224776,-0.11328815765014096,-0.10195202095059931,-0.37267799624996495,3.04138126514911,-0.3287979746107146,0.0,-0.5303300858899107,-0.5303300858899107,-0.5679618342470648,-0.5303300858899107,-0.6813851438692469,1.4675987714106855,0.0,-0.22645540682891913,-0.22645540682891913,-0.5303300858899107,3945.6182189074
-0.158113883008419,0.760638829255665,-0.158113883008419,-0.158113883008419,0.0,-1.0580066258695633,-0.7074743423942079,1.0367915094990394,1.1156086418744495,0.9475270779943473,0.9869400976749557,1.0812866457211545,1.0394378373849882,-0.08012797363272828,0.5360265353075514,0.015658816996084242,-0.33083032568600274,1.1457245289380462,1.0538249529020902,1.0450413040271083,0.8961980051292817,0.5861444455234154,1.0542583184028174,1.068658506824486,-0.5106168306430076,0.8362040948132317,-0.12321854250866662,-0.32299079232874706,0.3096775441941725,-0.18202261608197925,-0.37267799624996495,3.04138126514911,-0.3287979746107146,0.0,-0.5303300858899107,-0.5303300858899107,-0.5679618342470648,-0.5303300858899107,-0.6813851438692469,1.4675987714106855,0.0,-0.22645540682891913,-0.22645540682891913,-0.5303300858899107,3945.6182189074
-0.158113883008419,0.8451542547285166,-0.158113883008419,-0.158113883008419,0.0,-1.1555069982122503,-0.5478221654593328,1.272406870680869,1.0089583341956896,1.0930980248212288,0.9701252141716332,1.144669719441885,1.1043375071222719,0.9080079997361348,-0.1358721513396628,0.8210139468809792,-0.014202019898652739,1.1911657467023395,1.1661762788760068,1.2487053958984398,0.9052607710598588,0.5703693448575535,1.0542583184028174,1.068658506824486,1.3012955290471362,-0.5211058844135458,0.39856810052074854,0.5185345414867654,-0.32641700746480523,-0.08175933464552695,-0.37267799624996495,3.04138126514911,-0.3287979746107146,0.0,-0.5303300858899107,-0.5303300858899107,-0.5679618342470648,-0.5303300858899107,-0.6813851438692469,1.4675987714106855,0.0,-0.22645540682891913,-0.22645540682891913,-0.5303300858899107,3945.6182189074
-0.158113883008419,0.9296696802013682,-0.158113883008419,-0.158113883008419,0.0,-1.237295689539772,-0.37425736580511093,1.5949381206542184,1.2408068291495151,0.987737234635339,1.1158542045337623,1.422720569591262,1.2541563011730579,2.0983447569368723,0.6911575664075079,1.3711742413702488,0.6442256123053298,1.2687788014517338,1.384737441929302,1.559381945272734,0.9227934233590732,0.5837700734147975,1.0542583184028174,1.068658506824486,1.7590998695472333,1.2877230331361353,-0.40782943870652943,0.6556470517422701,0.5158780775925069,-0.2325444379649759,-0.37267799624996495,-0.32879797461071464,-0.3287979746107146,0.0,-0.5303300858899107,-0.5303300858899107,1.760681686165901,-0.5303300858899107,-0.6813851438692469,1.4675987714106855,0.0,-0.22645540682891913,-0.22645540682891913,-0.5303300858899107,3945.6182189074
-0.158113883008419,1.01418510567422,-0.158113883008419,-0.158113883008419,0.0,-1.3021800365604808,-0.18931090904439038,1.877676554072414,1.5581816577974186,1.2167824306916208,1.0103790261947387,1.7242466322297985,1.4372100067425333,2.1151948222561954,1.6874211362637221,1.1192936246161254,1.3494070427943898,1.3708166184716848,1.636368948838777,1.8449422555690387,0.9470120610451762,0.6329273442929245,1.0542583184028174,1.068658506824486,1.5495027016074299,1.744748299975172,0.6668220486612629,0.49142159670291075,0.6531160059676979,-0.03287985807729764,-0.37267799624996495,-0.32879797461071464,-0.3287979746107146,0.0,-0.5303300858899107,-0.5303300858899107,1.760681686165901,-0.5303300858899107,-0.6813851438692469,1.4675987714106855,0.0,-0.22645540682891913,-0.22645540682891913,-0.5303300858899107,3945.6182189074
-0.158113883008419,1.0987005311470714,-0.158113883008419,-0.158113883008419,0.0,-1.3492138793879889,0.0043202690201050425,1.0017110001675225,1.8363998517420093,1.530319854626442,1.2396728921491376,1.4287197905607139,1.4284433174836664,-3.3033047540003473,1.7015239572728091,4.874303345437466,1.4230116716229864,1.3629334476077593,1.321160446431532,1.0850423376812652,0.9468311035773409,0.6087810352405109,1.0542583184028174,1.068658506824486,-4.553635885902902,1.5355078163621192,0.938347386413247,-1.632815989458781,0.48874033233969727,-0.0003478466720271078,-0.37267799624996495,-0.32879797461071464,-0.3287979746107146,0.0,-0.5303300858899107,-0.5303300858899107,1.760681686165901,-0.5303300858899107,-0.6813851438692469,1.4675987714106855,0.0,-0.22645540682891913,-0.22645540682891913,-0.5303300858899107,3945.6182189074
-0.158113883008419,1.1832159566199232,-0.158113883008419,-0.158113883008419,0.0,-1.3777113586828804,0.2038125897927532,0.5095366901432559,0.9744386693914534,1.8051740898939803,1.5535507175444925,0.7471561212921186,1.2378005376303955,-4.202376096395647,-2.833540341506439,2.4449810812167754,2.7122072813059743,1.2998109944213978,0.9157601399318764,0.5660466124900017,0.9340273538215151,0.6072382736901176,1.0542583184028174,1.068658506824486,-2.5321263582729547,-4.557244686739014,0.8140345811773989,-1.3092353993985753,-1.6374403141840776,-0.03931281322701503,-0.37267799624996495,-0.32879797461071464,-0.3287979746107146,0.0,-0.5303300858899107,-0.5303300858899107,1.760681686165901,-0.5303300858899107,-0.6813851438692469,1.4675987714106855,0.0,-0.22645540682891913,-0.22645540682891913,-0.5303300858899107,3945.6182189074
6.32455532033676,1.267731382092775,-0.158113883008419,6.32455532033676,0.0,-1.387256917026302,0.40625700601910747,0.719496156440842,0.4901329243767957,0.9536349498891815,1.828703356689771,0.6065656820514862,1.0190258444837457,-0.09216373457510177,-3.586026576777007,0.6586172334473995,2.6566237593615805,1.2669019220461624,0.8187687294200372,0.7031314007095955,0.9271309222957647,0.5911781468455122,1.0542583184028174,1.068658506824486,1.1661605128754207,-2.53917528557628,-2.8057580239138105,0.6231220159060595,-1.31356374187472,-0.5433202247443171,-0.37267799624996495,-0.32879797461071464,-0.3287979746107146,0.0,-0.5303300858899107,-0.5303300858899107,1.760681686165901,-0.5303300858899107,-0.6813851438692469,-0.6813851438692469,0.0,-0.22645540682891913,-0.22645540682891913,-0.5303300858899107,3945.6182189074
-0.158113883008419,1.3522468075656264,-0.158113883008419,-0.158113883008419,0.0,-1.3777113586828804,0.6087014222454618,0.8859976783426683,0.696735694324538,0.4751849847938373,0.9762397172637505,0.7941065462704375,0.7712033152853278,1.3220381761537827,-0.14594559491758205,0.3835370862027646,0.48834717064236316,1.2562377745807982,0.8541019024451161,0.8667077765762257,0.9246391238079406,0.5703120539829272,1.0542583184028174,1.068658506824486,0.9372583426253722,1.1528179844908775,-1.60679373131017,0.41805169499648204,0.6205612191712744,-0.4665458485276862,-0.37267799624996495,-0.32879797461071464,-0.3287979746107146,0.0,-0.5303300858899107,-0.5303300858899107,1.760681686165901,-0.5303300858899107,-0.6813851438692469,-0.6813851438692469,0.0,-0.22645540682891913,-0.22645540682891913,-0.5303300858899107,3945.6182189074
-0.158113883008419,1.4367622330384782,-0.158113883008419,-0.158113883008419,0.0,-1.3492138793879889,0.80819374301811,0.8561530659263032,0.8605752974252413,0.6792897039462128,0.49727030838122854,0.8621846624889998,0.734828097166447,0.3194592896540714,1.0376840254879303,-0.4814739792291594,0.25204539319338864,1.2432426235999459,0.8567425579450237,0.8562023005416741,0.9215589232420154,0.5507678707855771,1.0542583184028174,1.068658506824486,-0.09693820970918476,0.9243053510713592,0.5866730031802556,-0.1463440950964065,0.4153033184850303,-0.008064902065504271,-0.37267799624996495,-0.32879797461071464,-0.3287979746107146,0.0,-0.5303300858899107,-0.5303300858899107,1.760681686165901,-0.5303300858899107,-0.6813851438692469,-0.6813851438692469,0.0,-0.22645540682891913,-0.22645540682891913,-0.5303300858899107,3945.6182189074
-0.158113883008419,1.52127765851133,-0.158113883008419,-0.158113883008419,0.0,-1.302180036560481,1.0018249210826056,1.0582586868511616,0.8312078213977567,0.8411483091593187,0.701596620042815,0.9479996059215937,0.8719548187081271,0.9344866738093565,0.1985661754472564,0.608903953824875,0.0712221783695292,1.2545540657722936,0.9598174360612209,1.0370668732503039,0.9233186819848378,0.5310586697185936,1.0542583184028174,1.068658506824486,1.1247926507820385,-0.10813124570357291,0.4509103343042636,0.4810971582206253,-0.1496087298152265,-0.056720929194473135,-0.37267799624996495,-0.32879797461071464,-0.3287979746107146,0.0,-0.5303300858899107,-0.5303300858899107,1.760681686165901,-0.5303300858899107,-0.6813851438692469,-0.6813851438692469,0.0,-0.22645540682891913,-0.22645540682891913,-0.5303300858899107,3945.6182189074
-0.158113883008419,1.6057930839841814,-0.158113883008419,-0.158113883008419,0.0,-1.2372956895397726,1.1867713778433246,0.9299792124299432,1.0300823081803716,0.8121359176588563,0.8636309519839235,0.9847774388212768,0.9245549542613287,-0.051242147371031915,0.7133191422789302,0.14159912537314606,-0.20888662464342395,1.250131425583616,0.9467697330474811,0.939689070219455,0.9220869708662813,0.5118375860457506,1.0542583184028174,1.068658506824486,-0.6154154146129093,1.1115205206198804,-0.16247521784630287,-0.382130018318832,0.4784064499951497,-0.19063234432481765,-0.37267799624996495,-0.32879797461071464,-0.3287979746107146,0.0,-0.5303300858899107,-0.5303300858899107,1.760681686165901,-0.5303300858899107,-0.6813851438692469,-0.6813851438692469,0.0,-0.22645540682891913,-0.22645540682891913,-0.5303300858899107,3945.6182189074
-0.158113883008419,1.6903085094570331,-0.158113883008419,-0.158113883008419,0.0,-1.1555069982122512,1.3603361774975467,0.8310207607335748,0.9038536831499554,1.0086057969426891,0.8345870622963664,0.8715747474846636,0.9108161128854925,-0.6758981402802158,-0.11169588675265658,-0.04399711855094495,-0.13683401026921108,1.234885925702882,0.8904230576566217,0.8408788605407638,0.9187176949693808,0.49490368937281065,1.0542583184028174,1.068658506824486,-0.4609753961309488,-0.6257261262200723,0.562137581094233,-0.3252209023814554,-0.3856103286684454,-0.04176244200146334,-0.37267799624996495,-0.32879797461071464,-0.3287979746107146,0.0,-0.5303300858899107,-0.5303300858899107,1.760681686165901,-0.5303300858899107,-0.6813851438692469,-0.6813851438692469,0.0,-0.22645540682891913,-0.22645540682891913,-0.5303300858899107,3945.6182189074
-0.158113883008419,-1.6903085094570331,-0.158113883008419,-0.158113883008419,0.0,0.5303619368702434,1.8934028924643687,-0.9680334193125743,-0.954540808624375,-0.9576199638693478,-1.0665138574277713,-0.965491047639223,-1.0043783749060828,0.043840364073718614,0.271094969208275,-0.6107285062477228,-0.33259567324307987,-1.0563320502575235,-0.9909152037070439,-0.9686006943618054,-1.009158869013958,-0.8700576510435734,-1.0298905084405365,-0.9846339804576443,0.010618231733609153,0.07908392384494813,0.34622586673723355,-0.37236679181066473,0.12388585253069694,6.170164391558353,2.6832815729997477,-0.32879797461071464,-0.3287979746107146,0.0,-0.5303300858899107,-0.5303300858899107,-0.5679618342470648,1.885618083164127,-0.6813851438692469,-0.6813851438692469,0.0,-0.22645540682891913,-0.22645540682891913,-0.5303300858899107,262.29826786112363
-0.158113883008419,-1.6057930839841814,-0.158113883008419,-0.158113883008419,0.0,0.6656569576593118,1.7884793133004748,-0.949707780109543,-0.9638147484225279,-0.9520210812990831,-0.9370902086446218,-0.9610568408357151,-0.9674797723538368,0.13651572332999445,-0.03211568248709448,-0.5543867893421952,-0.6621604695810194,-1.0436438255216154,-0.9749666278076715,-0.9527825619831662,-0.9999157762522394,-0.8874957221388302,-1.0234427322701385,-0.9846339804576443,0.1567846777968932,-0.0007578396389799702,-0.051247971056333504,0.5636786526172826,-0.3758381716439566,-0.1258009308992731,2.6832815729997477,-0.32879797461071464,-0.3287979746107146,0.0,-0.5303300858899107,-0.5303300858899107,-0.5679618342470648,1.885618083164127,-0.6813851438692469,-0.6813851438692469,0.0,-0.22645540682891913,-0.22645540682891913,-0.5303300858899107,262.29826786112363
-0.158113883008419,-1.52127765851133,-0.158113883008419,-0.158113883008419,0.0,0.7901069880828537,1.663399820402848,-0.9685570090040895,-0.945782087703897,-0.9611828891413344,-0.9314852474768476,-0.9613176765300391,-0.9685265412205671,0.02939745094287043,0.04544983306288377,-0.5510725707006935,-0.6568493172510944,-1.034370161108998,-0.9764824015501739,-0.9681669257692271,-0.9968177230613869,-0.9074479869448684,-1.0234427322701385,-0.9846339804576443,-0.039023202778449576,0.14515986603854378,-0.09868312042264397,-0.6468613389776947,0.5610634824716569,-0.24425963868079012,2.6832815729997477,-0.32879797461071464,-0.3287979746107146,0.0,-0.5303300858899107,-0.5303300858899107,-0.5679618342470648,1.885618083164127,-0.6813851438692469,-0.6813851438692469,0.0,-0.22645540682891913,-0.22645540682891913,-0.5303300858899107,262.29826786112363
-0.158113883008419,-1.4367622330384782,-0.158113883008419,-0.158113883008419,0.0,0.9018972664602313,1.519988354432424,-0.9842646997495448,-0.9643299673002032,-0.9433682627814014,-0.9406570021150236,-0.9785328323554227,-0.9749380005292908,-0.04161353861713313,-0.04420381478059759,-0.5709578825497033,-0.6278290328210555,-1.027811978012392,-0.9851486731649155,-0.9838438430011041,-0.9967934055324164,-0.9236799220065122,-1.0234427322701385,-0.9846339804576443,-0.022476057941096667,-0.05031479628417672,-0.01199129571869725,-0.608767234056842,-0.6505838015889596,-0.022168736711041238,2.6832815729997477,-0.32879797461071464,-0.3287979746107146,0.0,-0.5303300858899107,-0.5303300858899107,-0.5679618342470648,1.885618083164127,-0.6813851438692469,-0.6813851438692469,0.0,-0.22645540682891913,-0.22645540682891913,-0.5303300858899107,262.29826786112363
-0.158113883008419,-1.3522468075656264,-0.158113883008419,-0.158113883008419,0.0,0.9993976388029182,1.3603361774975484,-0.991071365739242,-0.9797865336304581,-0.9616918784659039,-0.9228230347630147,-0.9897487672113544,-0.9806952292963078,0.00652950515236081,-0.10363713189032119,-0.627299599455231,-0.6039933649473263,-1.0226844630045049,-0.9929087756944655,-0.9915382097607092,-0.9976050030618097,-0.9360992856264164,-1.0234427322701385,-0.9846339804576443,0.024407519098069912,-0.0337958107357778,-0.12812562692587115,-0.32796725668649507,-0.6124548516273342,-0.30938761075629134,2.6832815729997477,-0.32879797461071464,-0.3287979746107146,0.0,-0.5303300858899107,-0.5303300858899107,-0.5679618342470648,1.885618083164127,-0.6813851438692469,-0.6813851438692469,0.0,-0.22645540682891913,-0.22645540682891913,-0.5303300858899107,262.29826786112363
-0.158113883008419,-1.267731382092775,-0.158113883008419,-0.158113883008419,0.0,1.0811863301304405,1.1867713778433255,-1.005731877101667,-0.9864843790402353,-0.9769615582029894,-0.9411665440393667,-1.000443030678638,-0.9946957628888268,-0.009116984072724718,-0.06334335757864416,-0.5775863198327065,-0.6205516072910401,-1.0197386067138396,-1.0041699860531648,-1.0055035618997226,-0.9998249908107492,-0.9445270175258362,-1.0234427322701385,-0.9846339804576443,-0.016960342995312364,0.013007981651352458,-0.11831145809146208,-0.6582826484482108,-0.33139802384192235,-0.3003492097128752,-0.37267799624996495,-0.32879797461071464,-0.3287979746107146,0.0,1.885618083164127,-0.5303300858899107,-0.5679618342470648,1.885618083164127,-0.6813851438692469,-0.6813851438692469,0.0,-0.22645540682891913,-0.22645540682891913,-0.5303300858899107,262.29826786112363
-0.158113883008419,-1.1832159566199232,-0.158113883008419,-0.158113883008419,0.0,1.1460706771511489,1.0018249210826056,-0.9785052131428779,-1.00091050761514,-0.9835784194223931,-0.95645280176966,-0.9941829740148623,-0.9971818389473114,0.16540154959169082,-0.07643883422993919,-0.49804507243666757,-0.6411730955731216,-1.0139879369360079,-0.9960927243437978,-0.9823933969679544,-0.998945506846313,-0.9527388996003733,-1.0234427322701385,-0.9846339804576443,0.2036682548360598,-0.028289482219644828,-0.09050464639396975,1.1681969903110978,-0.662015558240083,-0.23372517920399555,-0.37267799624996495,-0.32879797461071464,-0.3287979746107146,0.0,1.885618083164127,-0.5303300858899107,-0.5679618342470648,1.885618083164127,-0.6813851438692469,-0.6813851438692469,0.0,-0.22645540682891913,-0.22645540682891913,-0.5303300858899107,262.29826786112363
-0.158113883008419,-1.0987005311470714,-0.158113883008419,-0.158113883008419,0.0,1.1931045199786567,0.8081937430181111,-0.9952600832713635,-0.9741191259760313,-0.9978301205103395,-0.9630768467861204,-0.9889662601283824,-0.9999296072224786,0.05948685329880414,0.06962609764988999,-0.5643294452667,-0.6438537737773985,-1.0107196566690257,-1.0004897038821707,-0.9951634267182665,-0.9997115090088864,-0.9596922346164938,-1.0234427322701385,-0.9846339804576443,-0.02799177288688097,0.19196365842567406,-0.1150400684799924,-0.6844284086893487,1.1661347788494616,-0.3120974887190357,-0.37267799624996495,-0.32879797461071464,-0.3287979746107146,0.0,1.885618083164127,-0.5303300858899107,-0.5679618342470648,1.885618083164127,-0.6813851438692469,-0.6813851438692469,0.0,-0.22645540682891913,4.415880433163923,-0.5303300858899107,262.29826786112363
-0.158113883008419,-1.01418510567422,-0.158113883008419,-0.158113883008419,0.0,1.2216019992735485,0.6087014222454614,-1.0125385430913643,-0.9906061300616367,-0.9713626756327247,-0.9773440206677274,-1.005920580259442,-1.0052942976644719,-0.044020690805607825,-0.019020205835799456,-0.5610152266251984,-0.6239830281286176,-1.0097451307909668,-1.0113874168691965,-1.0119927586318955,-1.0017541814424153,-0.963653043742418,-1.0234427322701385,-0.9846339804576443,-0.030749630359773125,-0.03930213925191077,0.015815515978795096,-0.7866052388773139,-0.6881852342572584,0.12126235808769772,-0.37267799624996495,-0.32879797461071464,-0.3287979746107146,0.0,1.885618083164127,-0.5303300858899107,-0.5679618342470648,1.885618083164127,-0.6813851438692469,-0.6813851438692469,0.0,-0.22645540682891913,4.415880433163923,-0.5303300858899107,262.29826786112363
-0.158113883008419,-0.9296696802013682,-0.158113883008419,-0.158113883008419,0.0,1.2311475576169701,0.4062570060191075,-1.0125385430913643,-1.0076083530249171,-0.9876503340189492,-0.9508478406018858,-1.0145281581721337,-1.0069952970729088,0.03421175531981983,-0.10565182060590503,-0.670384441794752,-0.6156131078187099,-1.0088680575007136,-1.0168362733627097,-1.0136756918232586,-1.0034825965784784,-0.9673756346943105,-1.0234427322701385,-0.9846339804576443,0.060259666245667885,-0.04205530350997726,-0.12158284770293178,-0.06665881787547794,-0.7904555265654473,-0.3183009647459799,-0.37267799624996495,-0.32879797461071464,-0.3287979746107146,0.0,1.885618083164127,-0.5303300858899107,-0.5679618342470648,-0.5303300858899107,1.4675987714106855,-0.6813851438692469,0.0,-0.22645540682891913,-0.22645540682891913,-0.5303300858899107,262.29826786112363
-0.158113883008419,-0.8451542547285166,-0.158113883008419,-0.158113883008419,0.0,1.2216019992735485,0.20381258979275438,-0.9942129038883332,-1.0076083530249171,-1.0044469817297432,-0.9671531821808652,-1.005398908870794,-1.0109206803231476,0.1581800930262667,-0.04017443734942988,-0.5543867893421952,-0.6493045918759733,-1.0059925575189443,-1.0103342527420607,-0.9973490908135788,-1.0036874249955767,-0.97230495110112,-1.0234427322701385,-0.9846339804576443,0.1567846777968932,0.04879911700621677,-0.12321854250866662,0.8152217746449096,-0.06985056371189689,-0.3425439590492355,-0.37267799624996495,-0.32879797461071464,-0.3287979746107146,0.0,1.885618083164127,-0.5303300858899107,-0.5679618342470648,-0.5303300858899107,1.4675987714106855,-0.6813851438692469,0.0,-0.22645540682891913,-0.22645540682891913,-0.5303300858899107,262.29826786112363
-0.158113883008419,-0.760638829255665,-0.158113883008419,-0.158113883008419,0.0,1.193104519978657,0.004320269020105462,-1.0099205946337884,-0.9895756923062863,-1.0044469817297432,-0.9839680656841878,-1.004094730399174,-1.014584371356704,0.043840364073718614,0.06358203150313843,-0.5709578825497033,-0.6575398301460474,-1.0051927224101018,-1.0149916271752264,-1.0098549115658817,-1.0048862791738264,-0.9756467404459112,-1.0234427322701385,-0.9846339804576443,-0.022476057941096667,0.14515986603854378,-0.06924061391941679,-0.7158773646733212,0.8128366933899761,-0.17172581024887754,-0.37267799624996495,-0.32879797461071464,-0.3287979746107146,0.0,1.885618083164127,-0.5303300858899107,-0.5679618342470648,-0.5303300858899107,1.4675987714106855,-0.6813851438692469,0.0,-0.22645540682891913,-0.22645540682891913,-0.5303300858899107,262.29826786112363
-0.158113883008419,-0.6761234037828132,-0.158113883008419,-0.158113883008419,0.0,1.1460706771511489,-0.18931090904438963,-0.9947364935798483,-1.0050322586365414,-0.9866323553698102,-0.9839680656841878,-1.004355566093498,-1.0101356036731,0.10762989706829808,-0.03211568248709448,-0.574272101191205,-0.652390989839613,-1.002744359766552,-1.009675542473102,-0.99743829548295,-1.0050096906333523,-0.9796387879513831,-1.0234427322701385,-0.9846339804576443,0.14023753295954028,-0.0337958107357778,-0.01199129571869725,0.6472830458202542,-0.719662956900949,0.03751366352706236,-0.37267799624996495,-0.32879797461071464,-0.3287979746107146,0.0,1.885618083164127,-0.5303300858899107,-0.5679618342470648,-0.5303300858899107,1.4675987714106855,-0.6813851438692469,0.0,-0.22645540682891913,-0.22645540682891913,-0.5303300858899107,262.29826786112363
-0.158113883008419,-0.5916079783099616,6.32455532033676,-0.158113883008419,0.0,1.0811863301304405,-0.3742573658051099,-1.0010195698780304,-0.9900909111839615,-1.0019020351068957,-0.966134098332179,-0.9999213592899902,-1.0072569892895913,0.07994764690083907,0.02127356847587756,-0.6306138180967324,-0.6658978594410581,-1.0012560793372571,-1.010180854019436,-1.0018520262159654,-1.0054790547035566,-0.9830635300515925,-1.0234427322701385,-0.9846339804576443,0.027165376570962064,0.12864088049014488,-0.11831145809146208,-0.32739760266230417,0.6447443494097639,-0.32576270396181034,-0.37267799624996495,-0.32879797461071464,-0.3287979746107146,0.0,1.885618083164127,-0.5303300858899107,-0.5679618342470648,-0.5303300858899107,1.4675987714106855,-0.6813851438692469,0.0,-0.22645540682891913,-0.22645540682891913,-0.5303300858899107,262.29826786112363
-0.158113883008419,-0.50709255283711,-0.158113883008419,-0.158113883008419,0.0,0.9993976388029183,-0.5478221654593324,-0.9973544420374242,-0.9962735377160635,-0.9871413446943796,-0.9814203560624722,-1.0012255377616102,-1.0080420659396392,0.07633691861812703,-0.0018953517533367233,-0.6471849113042406,-0.6697424790529084,-0.9994994001467834,-1.0085882200191219,-0.9989944204235036,-1.005697674057145,-0.9863212780020466,-1.0234427322701385,-0.9846339804576443,0.07956466855591295,0.015761145909418944,-0.02180546455310631,0.09320549378991969,-0.33082784874976723,-0.0023323332483557654,-0.37267799624996495,-0.32879797461071464,3.0413812651491097,0.0,-0.5303300858899107,-0.5303300858899107,-0.5679618342470648,-0.5303300858899107,1.4675987714106855,-0.6813851438692469,0.0,4.415880433163923,-0.22645540682891913,-0.5303300858899107,262.29826786112363
-0.158113883008419,-0.4225771273642583,-0.158113883008419,-0.158113883008419,0.0,0.9018972664602316,-0.7074743423942076,-1.0052082874101518,-0.9926670055723373,-0.9932492165892138,-0.966643640256522,-1.003312223316202,-1.0068644509645674,0.04624751626219331,-0.004917384826712499,-0.6206711621722276,-0.6813545874410679,-0.9988124463127321,-1.01174609539071,-1.0057779002708929,-1.006296439880131,-0.9889658976820795,-1.0234427322701385,-0.9846339804576443,0.01889180415228561,0.06807126681268218,-0.0888689515882349,-0.3993162550776787,0.09015997736274023,-0.2335900201935048,-0.37267799624996495,-0.32879797461071464,3.0413812651491097,0.0,-0.5303300858899107,-0.5303300858899107,-0.5679618342470648,-0.5303300858899107,1.4675987714106855,-0.6813851438692469,0.0,4.415880433163923,-0.22645540682891913,-0.5303300858899107,262.29826786112363
-0.158113883008419,-0.3380617018914066,-0.158113883008419,-0.158113883008419,0.0,0.7901069880828537,-0.8508858083646323,-1.0167272606234858,-1.0003952887374647,-0.9896862913172272,-0.9727581433486394,-1.01296314400619,-1.0123599875149019,0.002918776869648765,-0.030100993771510633,-0.5974716316817162,-0.6598313016887283,-0.999505472103569,-1.0191245152217303,-1.0168244675480305,-1.0073970640400391,-0.9903763773929077,-1.0234427322701385,-0.9846339804576443,-0.00041319815795945344,0.007501653135219487,-0.05779075027927288,-0.58679632027328,-0.40281228584182444,-0.1337955907473668,-0.37267799624996495,-0.32879797461071464,3.0413812651491097,0.0,-0.5303300858899107,-0.5303300858899107,-0.5679618342470648,-0.5303300858899107,1.4675987714106855,-0.6813851438692469,0.0,-0.22645540682891913,-0.22645540682891913,-0.5303300858899107,262.29826786112363
-0.158113883008419,-0.253546276418555,-0.158113883008419,-0.158113883008419,0.0,0.6656569576593118,-0.9759653012622592,-1.059138025636215,-1.0117301040463185,-0.9973211311857699,-0.9691913498782376,-1.0398292205215611,-1.026883905540786,-0.1475282349100198,-0.06636539065201995,-0.4019327318331204,-0.5529468506249802,-1.0049571054771467,-1.0441663639446648,-1.0561030225795756,-1.010362586698002,-0.9827604474926079,-1.0234427322701385,-0.9846339804576443,-0.1631267890585964,-0.011770496671245913,-0.09377603600543943,-2.1872282760990673,-0.5904638408395718,-0.25065380537451254,-0.37267799624996495,-0.32879797461071464,3.0413812651491097,0.0,-0.5303300858899107,-0.5303300858899107,-0.5679618342470648,-0.5303300858899107,1.4675987714106855,-0.6813851438692469,0.0,-0.22645540682891913,-0.22645540682891913,-0.5303300858899107,262.29826786112363
-0.158113883008419,-0.1690308509457033,-0.158113883008419,-0.158113883008419,0.0,0.530361936870244,-1.0808888804261523,-1.049713411188942,-1.0534628331380071,-1.0085188963262992,-0.9768344787433842,-1.0562618692639727,-1.0399685163749157,0.019768842188971642,-0.19228343537601064,-0.6107285062477228,-0.5625204476618398,-1.0087907065885169,-1.0519422574600377,-1.0515477895707674,-1.0126406970256552,-0.9794184107111232,-1.0234427322701385,-0.9846339804576443,0.10990110075772662,-0.17420718789716857,-0.10522589964558333,0.7124034382819344,-2.1923597270259907,-0.2951362789857,-0.37267799624996495,-0.32879797461071464,-0.3287979746107146,0.0,-0.5303300858899107,1.8856180831641272,-0.5679618342470648,-0.5303300858899107,1.4675987714106855,-0.6813851438692469,0.0,-0.22645540682891913,-0.22645540682891913,1.8856180831641272,262.29826786112363
-0.158113883008419,-0.08451542547285165,-0.158113883008419,-0.158113883008419,0.0,0.38619483177660796,-1.1641265238047793,-1.0093970049422734,-1.0441888933398542,-1.0497470316164301,-0.9880444010789327,-1.0314824783031933,-1.041015285241646,0.28094485463847624,-0.052262569642932986,-0.41518960639912694,-0.570579387555148,-1.0076514527435587,-1.035532016709432,-1.0148034987464916,-1.013011082788059,-0.9818814220108728,-1.0234427322701385,-0.9846339804576443,0.2726146916583636,0.09835607365141354,-0.2017318931839391,2.843547137441802,0.7099243081149659,-0.6748629030790229,-0.37267799624996495,-0.32879797461071464,-0.3287979746107146,0.0,-0.5303300858899107,1.8856180831641272,-0.5679618342470648,-0.5303300858899107,1.4675987714106855,-0.6813851438692469,0.0,-0.22645540682891913,-0.22645540682891913,1.8856180831641272,262.29826786112363
-0.158113883008419,0.0,-0.158113883008419,-0.158113883008419,0.0,0.23525792340671806,-1.2244644391228292,-0.9858354688240902,-1.0045170397588663,-1.0405852237741788,-1.0293172969507245,-0.9996605235956662,-1.0332953648495096,0.2749269741672895,0.16633115599791481,-0.5212446029271789,-0.5145671676294639,-1.0039439519709716,-1.0154643192188935,-0.9899213483841577,-1.0123931003670454,-0.9838499504927525,-1.0234427322701385,-0.9846339804576443,0.18436325252581473,0.2607927648773362,-0.039798107416189596,1.0361233712057896,2.843017384724285,0.013118462206641916,-0.37267799624996495,-0.32879797461071464,-0.3287979746107146,0.0,-0.5303300858899107,1.8856180831641272,-0.5679618342470648,-0.5303300858899107,1.4675987714106855,-0.6813851438692469,0.0,-0.22645540682891913,-0.22645540682891913,1.8856180831641272,262.29826786112363
-0.158113883008419,0.08451542547285165,-0.158113883008419,-0.158113883008419,0.0,0.07975221176492564,-1.2610227637058127,-1.0052082874101518,-0.9813321902634836,-1.0013930457823261,-1.0201455423125485,-0.9975738380410742,-1.019818215690356,0.03902605969676922,0.16129443420895517,-0.5477583520591919,-0.5568837511163853,-1.0028125429545014,-1.0151841449905958,-1.0048705930669584,-1.0125803453401192,-0.9861160515098336,-1.0234427322701385,-0.9846339804576443,-0.04178106025134173,0.17269150861920865,0.05670788612216619,-0.8188342453271206,1.0339403507462184,0.5187644532117243,-0.37267799624996495,-0.32879797461071464,-0.3287979746107146,0.0,-0.5303300858899107,1.8856180831641272,-0.5679618342470648,-0.5303300858899107,1.4675987714106855,-0.6813851438692469,0.0,-0.22645540682891913,-0.22645540682891913,1.8856180831641272,262.29826786112363
-0.158113883008419,0.1690308509457033,-0.158113883008419,-0.158113883008419,0.0,-0.07805467970466644,-1.2732683948591323,-0.991071365739242,-1.0003952887374647,-0.9784885261766979,-0.9809108141381292,-1.0001821949843142,-1.0051634515561305,0.09439056003168725,-0.03614505991826218,-0.5809005384742082,-0.6440809136001293,-1.0001849714524034,-1.0079265116073057,-0.9936408847672946,-1.0122228776642515,-0.9881059870221853,-1.0234427322701385,-0.9846339804576443,0.134721818013756,-0.0530679605422432,0.004365652338651189,0.5716917532490976,-0.8227140131945662,0.08992589961966573,-0.37267799624996495,-0.32879797461071464,-0.3287979746107146,0.0,-0.5303300858899107,1.8856180831641272,-0.5679618342470648,-0.5303300858899107,-0.6813851438692469,1.4675987714106855,0.0,-0.22645540682891913,-0.22645540682891913,1.8856180831641272,262.29826786112363
-0.158113883008419,0.253546276418555,-0.158113883008419,-0.158113883008419,0.0,-0.23586157117425735,-1.2610227637058127,-0.9874062378986358,-0.9864843790402353,-0.9973211311857699,-0.9579814275426892,-0.9913137813772983,-0.999667915005796,0.12327638629338361,0.01019278054016638,-0.6471849113042406,-0.6574529875575224,-0.9974029302964069,-1.0024524051421795,-0.9892189350715651,-1.0117594936399787,-0.9898296663073486,-1.0234427322701385,-0.9846339804576443,0.07956466855591295,0.12313455197401191,-0.12976132173160598,0.08124713976770498,0.5690839127629773,-0.35019077700517437,-0.37267799624996495,-0.32879797461071464,-0.3287979746107146,0.0,-0.5303300858899107,1.8856180831641272,-0.5679618342470648,-0.5303300858899107,-0.6813851438692469,1.4675987714106855,0.0,-0.22645540682891913,-0.22645540682891913,1.8856180831641272,262.29826786112363
-0.158113883008419,0.3380617018914066,-0.158113883008419,-0.158113883008419,0.0,-0.39136728281604977,-1.2244644391228294,-0.9785052131428779,-0.9828778468965091,-0.9835784194223931,-0.9768344787433842,-0.9850537247135225,-0.9978360694890178,0.12327638629338361,0.03436904512717259,-0.6140427248892244,-0.6447213267316212,-0.9938858281603185,-0.9952339338883051,-0.9807649342851387,-1.0110191599802076,-0.9908931578978099,-1.0234427322701385,-0.9846339804576443,0.10714324328483446,0.06807126681268218,-0.025076854164576,0.2829076435931953,0.07819068492014933,-0.02026750770823169,-0.37267799624996495,-0.32879797461071464,-0.3287979746107146,0.0,-0.5303300858899107,1.8856180831641272,-0.5679618342470648,-0.5303300858899107,-0.6813851438692469,1.4675987714106855,0.0,-0.22645540682891913,-0.22645540682891913,1.8856180831641272,262.29826786112363
-0.158113883008419,0.4225771273642583,-0.158113883008419,-0.158113883008419,0.0,-0.5423041911859398,-1.1641265238047793,-1.0015431595695456,-0.9741191259760313,-0.9800154941504065,-0.9630768467861204,-0.9920962884602703,-0.9969201467306288,-0.011524136261199415,0.03436904512717259,-0.5245588215686806,-0.6535107724498503,-0.9933430047208052,-1.0032236625518205,-1.0006559727912931,-1.0111046905993455,-0.9927342144151273,-1.0234427322701385,-0.9846339804576443,-0.061086062561586794,0.09560290939334705,-0.05779075027927288,-0.9160920052445507,0.2800356495301271,-0.13663289063133804,-0.37267799624996495,-0.32879797461071464,-0.3287979746107146,0.0,-0.5303300858899107,1.8856180831641272,-0.5679618342470648,-0.5303300858899107,-0.6813851438692469,1.4675987714106855,0.0,-0.22645540682891913,-0.22645540682891913,1.8856180831641272,262.29826786112363
-0.158113883008419,0.50709255283711,-0.158113883008419,-0.158113883008419,0.0,-0.6864712962795747,-1.0808888804261532,-0.9821703409834841,-0.9967887565937387,-0.9713626756327247,-0.9595100533157186,-0.9939221383205383,-0.9946957628888268,0.11003704925677278,-0.07845352294552305,-0.5477583520591919,-0.6503062264173981,-0.9906491219463852,-0.9974648523666068,-0.9852076169228746,-1.0105546951768696,-0.9939561841935594,-1.0234427322701385,-0.9846339804576443,0.1623003927426775,-0.0723401103487086,-0.041433802221924436,0.7819493566853501,-0.9200607357117694,-0.0887858940427823,-0.37267799624996495,-0.32879797461071464,-0.3287979746107146,0.0,-0.5303300858899107,1.8856180831641272,-0.5679618342470648,-0.5303300858899107,-0.6813851438692469,1.4675987714106855,0.0,-0.22645540682891913,-0.22645540682891913,1.8856180831641272,262.29826786112363
-0.158113883008419,0.5916079783099616,-0.158113883008419,-0.158113883008419,0.0,-0.8217663170686434,-0.9759653012622596,-0.9696041883871198,-0.9777256581197574,-0.9937582059137834,-0.9508478406018858,-0.9780111609667747,-0.9902469952052226,0.17623373443982693,0.023288257191461412,-0.590843194398713,-0.6315254001870947,-0.9867941355496075,-0.9882587394792075,-0.9723519966534161,-1.0096448273751606,-0.9941108129538176,-1.0234427322701385,-0.9846339804576443,0.12644824559507953,0.15066619455467675,-0.1412111853717499,0.4086362363115773,0.7795338408326536,-0.3732666476823934,-0.37267799624996495,3.04138126514911,-0.3287979746107146,0.0,-0.5303300858899107,-0.5303300858899107,-0.5679618342470648,-0.5303300858899107,-0.6813851438692469,1.4675987714106855,0.0,-0.22645540682891913,-0.22645540682891913,-0.5303300858899107,262.29826786112363
-0.158113883008419,0.6761234037828132,-0.158113883008419,-0.158113883008419,0.0,-0.9462163474921855,-0.8508858083646326,-0.9847882894410599,-0.9653604050555534,-0.9749256009047113,-0.9732676852729825,-0.9793153394383947,-0.9918171485053182,0.033008179225582475,0.07869219687001731,-0.574272101191205,-0.6333680526402055,-0.9850531588380989,-0.9913004549542153,-0.984733632784632,-1.0092546192842797,-0.995439839934552,-1.0234427322701385,-0.9846339804576443,-0.019718200468204515,0.11487505919981245,-0.008719906107227561,-0.59424975443707,0.40587924739034587,0.029619280450534444,-0.37267799624996495,3.04138126514911,-0.3287979746107146,0.0,-0.5303300858899107,-0.5303300858899107,-0.5679618342470648,-0.5303300858899107,-0.6813851438692469,1.4675987714106855,0.0,-0.22645540682891913,-0.22645540682891913,-0.5303300858899107,262.29826786112363
-0.158113883008419,0.760638829255665,-0.158113883008419,-0.158113883008419,0.0,-1.0580066258695633,-0.7074743423942079,-0.9764108543768171,-0.9803017525081333,-0.962709857115043,-0.9544146340722875,-0.9827062034646066,-0.9855365353049359,0.07754049471236436,-0.04118178170722181,-0.617356943530726,-0.6691312784876084,-0.9825326185312079,-0.988603507495191,-0.9784312732760092,-1.0086404635099941,-0.9962363503082121,-1.0234427322701385,-0.9846339804576443,0.10438538581194232,-0.031042646477711315,-0.02998393858178053,0.25616062995583055,-0.5979240927306158,-0.05895488879999992,-0.37267799624996495,3.04138126514911,-0.3287979746107146,0.0,-0.5303300858899107,-0.5303300858899107,-0.5679618342470648,-0.5303300858899107,-0.6813851438692469,1.4675987714106855,0.0,-0.22645540682891913,-0.22645540682891913,-0.5303300858899107,262.29826786112363
-0.158113883008419,0.8451542547285166,-0.158113883008419,-0.158113883008419,0.0,-1.1555069982122503,-0.5478221654593328,-0.9669862399295439,-0.9720582504653307,-0.9774705475275589,-0.9421856278880529,-0.9738377898575907,-0.9817419981630382,0.13651572332999445,-0.003910040468920574,-0.6107285062477228,-0.6623286417802234,-0.979191263330156,-0.9825100029195846,-0.9693179488131844,-1.007792080841523,-0.9962415486281226,-1.0234427322701385,-0.9846339804576443,0.10990110075772662,0.09284974513528056,-0.11667576328572724,0.2759075642646605,0.2532641701445139,-0.29690471867638174,-0.37267799624996495,3.04138126514911,-0.3287979746107146,0.0,-0.5303300858899107,-0.5303300858899107,-0.5679618342470648,-0.5303300858899107,-0.6813851438692469,1.4675987714106855,0.0,-0.22645540682891913,-0.22645540682891913,-0.5303300858899107,262.29826786112363
-0.158113883008419,0.9296696802013682,-0.158113883008419,-0.158113883008419,0.0,-1.237295689539772,-0.37425736580511093,-0.9528493182586342,-0.9627843106671776,-0.9693267183344466,-0.956962343694003,-0.9621001836130111,-0.9775549226961168,0.1605872452147414,0.04544983306288377,-0.5809005384742082,-0.6302516814634406,-0.9745747402619347,-0.97234570436264,-0.9556819835989582,-1.0065982332133556,-0.9946865857933181,-1.0234427322701385,-0.9846339804576443,0.134721818013756,0.09835607365141354,-0.04306949702765928,0.41635978094211784,0.27302916716232617,-0.09513202650791046,-0.37267799624996495,-0.32879797461071464,-0.3287979746107146,0.0,-0.5303300858899107,-0.5303300858899107,1.760681686165901,-0.5303300858899107,-0.6813851438692469,1.4675987714106855,0.0,-0.22645540682891913,-0.22645540682891913,-0.5303300858899107,262.29826786112363
-0.158113883008419,1.01418510567422,-0.158113883008419,-0.158113883008419,0.0,-1.3021800365604808,-0.18931090904439038,-0.9319057305980271,-0.9488734009699481,-0.9601649104921953,-0.9488096729045133,-0.9446241920933035,-0.9643394657536456,0.20271240851304861,0.06559672021872227,-0.537815696134687,-0.5986457286471603,-0.9680357163342023,-0.9567190420928471,-0.9354670792731745,-1.004903301444106,-0.9900840990534566,-1.0105471799293424,-0.9846339804576443,0.17057396516135395,0.12313455197401191,-0.039798107416189596,0.5898394475918625,0.41360985682075824,-0.09044676845992579,-0.37267799624996495,-0.32879797461071464,-0.3287979746107146,0.0,-0.5303300858899107,-0.5303300858899107,1.760681686165901,-0.5303300858899107,-0.6813851438692469,1.4675987714106855,0.0,-0.22645540682891913,-0.22645540682891913,-0.5303300858899107,262.29826786112363
-0.158113883008419,1.0987005311470714,-0.158113883008419,-0.158113883008419,0.0,-1.3492138793879889,0.0043202690201050425,-0.9774580337598474,-0.9282646458629413,-0.9464221987288185,-0.9396379182663374,-0.9568834697265312,-0.9646011579703282,-0.08734943019815236,0.10085377274143967,-0.3820474199841107,-0.5966712694221291,-0.9673361279360176,-0.9718400267140729,-0.9744471833150815,-1.0045007477550658,-0.9911904604744166,-1.0105471799293424,-0.9846339804576443,-0.1796739338959493,0.15892568732887621,-0.025076854164576,-1.3389148910553383,0.5872482069746883,-0.05712236132645544,-0.37267799624996495,-0.32879797461071464,-0.3287979746107146,0.0,-0.5303300858899107,-0.5303300858899107,1.760681686165901,-0.5303300858899107,-0.6813851438692469,1.4675987714106855,0.0,-0.22645540682891913,-0.22645540682891913,-0.5303300858899107,262.29826786112363
-0.158113883008419,1.1832159566199232,-0.158113883008419,-0.158113883008419,0.0,-1.3777113586828804,0.2038125897927532,-0.9936893141968179,-0.973088688220681,-0.9260626257460378,-0.9258802863090734,-0.9876620816567624,-0.9712743094957345,-0.1054030716117126,-0.14191621748641436,-0.5676436639082016,-0.554872014002171,-0.9685542170815596,-0.9875725165929592,-0.992954957267652,-1.0045359787696555,-0.9925831202082467,-1.0105471799293424,-0.9846339804576443,-0.025233915413988818,-0.19072617344556747,-0.0038128216900230306,-0.6608483640399805,-1.3432703816453193,-0.015961693466788423,-0.37267799624996495,-0.32879797461071464,-0.3287979746107146,0.0,-0.5303300858899107,-0.5303300858899107,1.760681686165901,-0.5303300858899107,-0.6813851438692469,1.4675987714106855,0.0,-0.22645540682891913,-0.22645540682891913,-0.5303300858899107,262.29826786112363
6.32455532033676,1.267731382092775,-0.158113883008419,6.32455532033676,0.0,-1.387256917026302,0.40625700601910747,-0.9743164956107564,-0.9890604734286111,-0.9703446969835856,-0.9054986093353491,-0.9860970674908185,-0.9766389999377276,0.12568353848185831,-0.15702638285329323,-0.5477583520591919,-0.5594667004521892,-0.9674451556336894,-0.9856850870154309,-0.9773682749438751,-1.0040849230652882,-0.9934578926325401,-1.0105471799293424,-0.9846339804576443,0.1623003927426775,-0.03654897499384429,-0.2115460620183482,0.7308283823142159,-0.6645836207163532,-0.4735877556394531,-0.37267799624996495,-0.32879797461071464,-0.3287979746107146,0.0,-0.5303300858899107,-0.5303300858899107,1.760681686165901,-0.5303300858899107,-0.6813851438692469,-0.6813851438692469,0.0,-0.22645540682891913,-0.22645540682891913,-0.5303300858899107,262.29826786112363
-0.158113883008419,1.3522468075656264,-0.158113883008419,-0.158113883008419,0.0,-1.3777113586828804,0.6087014222454618,-0.9544200873331796,-0.9699973749546299,-0.9861233660452406,-0.9498287567531996,-0.966534390416519,-0.9822653825964034,0.2099338650784727,0.03638373384275644,-0.5444441334176903,-0.6167192784293131,-0.9641820548225896,-0.9747240848849121,-0.9579008642973543,-1.0031712854431762,-0.9927927694004577,-1.0105471799293424,-0.9846339804576443,0.16505825021556966,0.15066619455467675,-0.11994715289719693,0.6464222526400089,0.7283661056191263,-0.3127062434470951,-0.37267799624996495,-0.32879797461071464,-0.3287979746107146,0.0,-0.5303300858899107,-0.5303300858899107,1.760681686165901,-0.5303300858899107,-0.6813851438692469,-0.6813851438692469,0.0,-0.22645540682891913,-0.22645540682891913,-0.5303300858899107,262.29826786112363
-0.158113883008419,1.4367622330384782,-0.158113883008419,-0.158113883008419,0.0,-1.3492138793879889,0.80819374301811,-0.9444718831943912,-0.9504190576029736,-0.9672907610361686,-0.9656245564078358,-0.9516667558400513,-0.9740220777709017,0.16540154959169082,0.10689783888819122,-0.6074142876062212,-0.5847235746840496,-0.9601127913385915,-0.9642349401487755,-0.9469997520256307,-1.0020655644353313,-0.9911551307169715,-1.0105471799293424,-0.9846339804576443,0.11265895823061876,0.15341935881274324,-0.008719906107227561,0.24806523485203638,0.643882768853794,0.017490058119244534,-0.37267799624996495,-0.32879797461071464,-0.3287979746107146,0.0,-0.5303300858899107,-0.5303300858899107,1.760681686165901,-0.5303300858899107,-0.6813851438692469,-0.6813851438692469,0.0,-0.22645540682891913,-0.22645540682891913,-0.5303300858899107,262.29826786112363
-0.158113883008419,1.52127765851133,-0.158113883008419,-0.158113883008419,0.0,-1.302180036560481,1.0018249210826056,-0.95546726671621,-0.9406298989271454,-0.947949166702527,-0.9467715052071409,-0.9521884272286993,-0.964470311861987,0.04624751626219331,0.06962609764988999,-0.6007858503232179,-0.6371636929640444,-0.9577021346153182,-0.9645262371011505,-0.9558065773957479,-1.0012678308630036,-0.9908782869913704,-1.0105471799293424,-0.9846339804576443,0.002344659314932698,0.10110923790948001,-0.007084211301492718,-0.3952428987037739,0.24516137010567668,-0.002536569415465055,-0.37267799624996495,-0.32879797461071464,-0.3287979746107146,0.0,-0.5303300858899107,-0.5303300858899107,1.760681686165901,-0.5303300858899107,-0.6813851438692469,-0.6813851438692469,0.0,-0.22645540682891913,-0.22645540682891913,-0.5303300858899107,262.29826786112363
-0.158113883008419,1.6057930839841814,-0.158113883008419,-0.158113883008419,0.0,-1.2372956895397726,1.1867713778433246,-0.9659390605465136,-0.9514494953583239,-0.9382783695357062,-0.9274089120821027,-0.9628826906959831,-0.9623767741285262,0.0005116246811740683,-0.030100993771510633,-0.6041000689647196,-0.6577503345819323,-0.9567246201475388,-0.9699441420729983,-0.9661129138349401,-1.0007447212281715,-0.9914333899890733,-1.0105471799293424,-0.9846339804576443,0.00510251678782485,-0.009017332413179428,-0.03816241261045475,-0.4000049868317205,-0.39873520353002906,-0.09705278111561212,-0.37267799624996495,-0.32879797461071464,-0.3287979746107146,0.0,-0.5303300858899107,-0.5303300858899107,1.760681686165901,-0.5303300858899107,-0.6813851438692469,-0.6813851438692469,0.0,-0.22645540682891913,-0.22645540682891913,-0.5303300858899107,262.29826786112363
-0.158113883008419,1.6903085094570331,-0.158113883008419,-0.158113883008419,0.0,-1.1555069982122512,1.3603361774975467,-0.9737929059192412,-0.9617538729118272,-0.948967145351666,-0.9177276155195837,-0.9720119399973228,-0.9672180801371542,0.013750961717784902,-0.06838007936760379,-0.6206711621722276,-0.6355780468727078,-0.9567389145639122,-0.9766072869306673,-0.9742127879054949,-1.000419480704598,-0.9923604172496383,-1.0105471799293424,-0.9846339804576443,0.01889180415228561,-0.006264168155112942,-0.1035902048398485,-0.3332253735143277,-0.4035016475853646,-0.24968734012807609,-0.37267799624996495,-0.32879797461071464,-0.3287979746107146,0.0,-0.5303300858899107,-0.5303300858899107,1.760681686165901,-0.5303300858899107,-0.6813851438692469,-0.6813851438692469,0.0,-0.22645540682891913,-0.22645540682891913,-0.5303300858899107,262.29826786112363
-0.158113883008419,-1.6903085094570331,-0.158113883008419,-0.158113883008419,0.0,0.5303619368702434,1.8934028924643687,-0.48266577527800497,-0.5026938529032527,-0.5356678138012197,-1.0109737876743725,-0.4949434550787386,-0.6455983458342444,0.2219696260208462,1.0930879651664862,-0.5643294452667,0.7954410007202071,-0.866648824344062,-0.5691346840542215,-0.48642613252136896,-0.6590958807179267,-0.19573605613428807,-0.6851241237998433,-0.7531873608984383,0.14851110537821674,0.21123580823213944,1.5239261268663211,0.07729754947259884,0.20963370839692713,7.579924137698277,2.6832815729997477,-0.32879797461071464,-0.3287979746107146,0.0,-0.5303300858899107,-0.5303300858899107,-0.5679618342470648,1.885618083164127,-0.6813851438692469,-0.6813851438692469,0.0,-0.22645540682891913,-0.22645540682891913,-0.5303300858899107,826.3565064518731
-0.158113883008419,-1.6057930839841814,-0.158113883008419,-0.158113883008419,0.0,0.6656569576593118,1.7884793133004748,-0.544972948568311,-0.48620684881764736,-0.5056374436516183,-0.5146799533641849,-0.5176361604849261,-0.5218179273433766,-0.17400690898324145,0.11697128246611048,-0.2759924234560587,-0.548088864893078,-0.8268551622601128,-0.5603036544239905,-0.5402635824798439,-0.6409160960595187,-0.30367973364108325,-0.6851241237998433,-0.7531873608984383,-0.26792537302849817,0.13690037326434434,0.027265379618939,-0.5880122261230415,0.07423748189716431,-0.10547455131861214,2.6832815729997477,-0.32879797461071464,-0.3287979746107146,0.0,-0.5303300858899107,-0.5303300858899107,-0.5679618342470648,1.885618083164127,-0.6813851438692469,-0.6813851438692469,0.0,-0.22645540682891913,-0.22645540682891913,-0.5303300858899107,826.3565064518731
-0.158113883008419,-1.52127765851133,-0.158113883008419,-0.158113883008419,0.0,0.7901069880828537,1.663399820402848,-0.5962847383367984,-0.5475178952609924,-0.48934978526539386,-0.4846169798279415,-0.5742375061532327,-0.5383045369943802,-0.30519670325511244,-0.21444501124743298,-0.34559101492759275,-0.4220002899497251,-0.7968820416420745,-0.5817221964376105,-0.5918330315963761,-0.63713715205749,-0.3863784352888539,-0.6851241237998433,-0.7531873608984383,-0.21001036609776297,-0.278827429703695,-0.01689838013590178,-0.5422045551079911,-0.5916808588900007,-0.13756999050856372,2.6832815729997477,-0.32879797461071464,-0.3287979746107146,0.0,-0.5303300858899107,-0.5303300858899107,-0.5679618342470648,1.885618083164127,-0.6813851438692469,-0.6813851438692469,0.0,-0.22645540682891913,-0.22645540682891913,-0.5303300858899107,826.3565064518731
-0.158113883008419,-1.4367622330384782,-0.158113883008419,-0.158113883008419,0.0,0.9018972664602313,1.519988354432424,-0.6753467817555902,-0.5980093452731587,-0.5499195148891661,-0.46831163824896205,-0.639185594039907,-0.5822688293970562,-0.40750067126528705,-0.32424554624675284,-0.1699374269280067,-0.25106167573702504,-0.7789064112887477,-0.6322370039866555,-0.6681536634694926,-0.6454537469654295,-0.4436272175531071,-0.6851241237998433,-0.7531873608984383,-0.356176812161047,-0.22101098028429883,-0.2638882958018632,-0.8706249600873046,-0.545831287161768,-0.29542477099053943,2.6832815729997477,-0.32879797461071464,-0.3287979746107146,0.0,-0.5303300858899107,-0.5303300858899107,-0.5679618342470648,1.885618083164127,-0.6813851438692469,-0.6813851438692469,0.0,-0.22645540682891913,-0.22645540682891913,-0.5303300858899107,826.3565064518731
-0.158113883008419,-1.3522468075656264,-0.158113883008419,-0.158113883008419,0.0,0.9993976388029182,1.3603361774975484,-0.6921016518840759,-0.6758073958021091,-0.5998004686969787,-0.528947127245792,-0.6869185261011979,-0.6346072727335753,-0.1848390938313776,-0.4098698166590665,-0.5643294452667,-0.32166164789254503,-0.76463566650382,-0.6659300181542345,-0.6908667729002931,-0.6537338655799131,-0.4865307959082821,-0.6851241237998433,-0.7531873608984383,-0.02799177288688097,-0.3669286859618226,-0.22953870488143147,-0.26705548794112094,-0.874552101415059,-0.2845562100318528,2.6832815729997477,-0.32879797461071464,-0.3287979746107146,0.0,-0.5303300858899107,-0.5303300858899107,-0.5679618342470648,1.885618083164127,-0.6813851438692469,-0.6813851438692469,0.0,-0.22645540682891913,-0.22645540682891913,-0.5303300858899107,826.3565064518731
-0.158113883008419,-1.267731382092775,-0.158113883008419,-0.158113883008419,0.0,1.0811863301304405,1.1867713778433255,-0.7324180581307445,-0.6922943998877145,-0.6766578567069754,-0.5788822358314165,-0.7153496167825132,-0.68145017951976,-0.1499353870984945,-0.2235111104675603,-0.41518960639912694,-0.3876753770798765,-0.7563814910425762,-0.703074712746316,-0.7294268513667683,-0.6645430072073373,-0.5149897440893844,-0.6851241237998433,-0.7531873608984383,-0.1520953591670278,-0.03930213925191077,-0.3162305295853782,-0.5675669944270586,-0.270430538521244,-0.3624789053468242,-0.37267799624996495,-0.32879797461071464,-0.3287979746107146,0.0,1.885618083164127,-0.5303300858899107,-0.5679618342470648,1.885618083164127,-0.6813851438692469,-0.6813851438692469,0.0,-0.22645540682891913,-0.22645540682891913,-0.5303300858899107,826.3565064518731
-0.158113883008419,-1.1832159566199232,-0.158113883008419,-0.158113883008419,0.0,1.1460706771511489,1.0018249210826056,-0.5381662825786138,-0.7319662534687024,-0.6929455150931999,-0.655823066407226,-0.638663922651259,-0.6669262614938758,0.874307869097489,-0.19429812409159447,0.5591906742023508,-0.23530559877906465,-0.7268397125097175,-0.6238467020478586,-0.5584369793279664,-0.6542445336882954,-0.5368038014892441,-0.6851241237998433,-0.7531873608984383,1.0834247886886563,-0.16319453086490263,-0.12158284770293178,2.5952529492268384,-0.5712169257457612,-0.21927294321293173,-0.37267799624996495,-0.32879797461071464,-0.3287979746107146,0.0,1.885618083164127,-0.5303300858899107,-0.5679618342470648,1.885618083164127,-0.6813851438692469,-0.6813851438692469,0.0,-0.22645540682891913,-0.22645540682891913,-0.5303300858899107,826.3565064518731
-0.158113883008419,-1.0987005311470714,-0.158113883008419,-0.158113883008419,0.0,1.1931045199786567,0.8081937430181111,-0.6507380662543768,-0.5408200498512151,-0.7321376930850526,-0.6721284079862054,-0.5979735543367161,-0.6607764944018348,0.002918776869648765,0.662951924389334,0.04217256612809732,-0.23891129677436504,-0.713066935099185,-0.640909454026978,-0.6426637715725273,-0.6557997502001867,-0.5650889824433122,-0.6851241237998433,-0.7531873608984383,-0.5326796904261447,1.070223056748883,-0.19518911396099975,-1.0978275076360082,2.5944960794493466,-0.2905738313536115,-0.37267799624996495,-0.32879797461071464,-0.3287979746107146,0.0,1.885618083164127,-0.5303300858899107,-0.5679618342470648,1.885618083164127,-0.6813851438692469,-0.6813851438692469,0.0,-0.22645540682891913,4.415880433163923,-0.5303300858899107,826.3565064518731
-0.158113883008419,-1.01418510567422,-0.158113883008419,-0.158113883008419,0.0,1.2216019992735485,0.6087014222454614,-0.8156688190816577,-0.6515921085513763,-0.5433026536697625,-0.7113631361606247,-0.7362164723284327,-0.6916561759703811,-0.9430920332009071,-0.06636539065201995,0.3735944302782598,-0.0451122433351792,-0.7194466416145787,-0.732478869823187,-0.7995404997563272,-0.6705008018051303,-0.5603612955993683,-0.6851241237998433,-0.7531873608984383,-0.80846543771536,-0.5431311984780777,0.5376021590082103,-1.9367529504657253,-1.1019624732990356,0.4598529115309585,-0.37267799624996495,-0.32879797461071464,-0.3287979746107146,0.0,1.885618083164127,-0.5303300858899107,-0.5679618342470648,1.885618083164127,-0.6813851438692469,-0.6813851438692469,0.0,-0.22645540682891913,4.415880433163923,-0.5303300858899107,826.3565064518731
-0.158113883008419,-0.9296696802013682,-0.158113883008419,-0.158113883008419,0.0,1.2311475576169701,0.4062570060191075,-0.7800647200586256,-0.8138860550190541,-0.6527353584522082,-0.5223230822293315,-0.8006428888264591,-0.7035631718294392,-0.14151035443883306,-0.8581380558764733,-0.4450175741726416,0.0026689066912106026,-0.7211353170956668,-0.7603379056360465,-0.7831809493072932,-0.6802689661346984,-0.5690132996377901,-0.6851241237998433,-0.7531873608984383,0.24779397440233422,-0.8184476242847263,-0.4209149971524082,0.5529462513491302,-1.9416552892254932,-0.41638613711136113,-0.37267799624996495,-0.32879797461071464,-0.3287979746107146,0.0,1.885618083164127,-0.5303300858899107,-0.5679618342470648,-0.5303300858899107,1.4675987714106855,-0.6813851438692469,0.0,-0.22645540682891913,-0.22645540682891913,-0.5303300858899107,826.3565064518731
-0.158113883008419,-0.8451542547285166,-0.158113883008419,-0.158113883008419,0.0,1.2216019992735485,0.20381258979275438,-0.6821534477452875,-0.7788511713371427,-0.8130669956916055,-0.6318745959630998,-0.7341297867738407,-0.7395458516232961,0.6059104000825604,-0.187246713587051,-0.05062555583394825,-0.2691338834532352,-0.7115092089760391,-0.7249718253080527,-0.6934151302770016,-0.6818206115409368,-0.5892071138889585,-0.6851241237998433,-0.7531873608984383,0.5759790136765003,0.23601428655473783,-0.5844844777258925,1.460898732925982,0.5503212641737947,-0.6154338536432103,-0.37267799624996495,-0.32879797461071464,-0.3287979746107146,0.0,1.885618083164127,-0.5303300858899107,-0.5679618342470648,-0.5303300858899107,1.4675987714106855,-0.6813851438692469,0.0,-0.22645540682891913,-0.22645540682891913,-0.5303300858899107,826.3565064518731
-0.158113883008419,-0.760638829255665,-0.158113883008419,-0.158113883008419,0.0,1.193104519978657,0.004320269020105462,-0.6664457569998322,-0.6825052412118863,-0.7784557216208785,-0.792380302131179,-0.6775284411055341,-0.7434712348735351,0.3712130617062774,0.43831413260173463,-0.5709578825497033,-0.2983282741931466,-0.7010575967936242,-0.6993804004005654,-0.6703000675207017,-0.6821440346762454,-0.6075412762056415,-0.6851241237998433,-0.7531873608984383,0.14299539043243245,0.5636408332646496,0.0419866328705526,0.12410682146796463,1.4591042585374927,-0.024715160810569785,-0.37267799624996495,-0.32879797461071464,-0.3287979746107146,0.0,1.885618083164127,-0.5303300858899107,-0.5679618342470648,-0.5303300858899107,1.4675987714106855,-0.6813851438692469,0.0,-0.22645540682891913,-0.22645540682891913,-0.5303300858899107,826.3565064518731
-0.158113883008419,-0.6761234037828132,-0.158113883008419,-0.158113883008419,0.0,1.1460706771511489,-0.18931090904438963,-0.5502088454834628,-0.6670486748816312,-0.6832747179263792,-0.7577314512758476,-0.6117978461358877,-0.677132257944497,0.6444248350981555,0.24188198283230922,0.06537209661860861,-0.1803154061884968,-0.678419095756302,-0.6280626408449926,-0.5633638029308675,-0.675341509915837,-0.6148701409202129,-0.6851241237998433,-0.7531873608984383,0.6725040252277256,0.13139404474821137,0.236634314752999,1.2965515678034714,0.12108957077967336,0.19071026193940094,-0.37267799624996495,-0.32879797461071464,-0.3287979746107146,0.0,1.885618083164127,-0.5303300858899107,-0.5679618342470648,-0.5303300858899107,1.4675987714106855,-0.6813851438692469,0.0,-0.22645540682891913,-0.22645540682891913,-0.5303300858899107,826.3565064518731
-0.158113883008419,-0.5916079783099616,6.32455532033676,-0.158113883008419,0.0,1.0811863301304405,-0.3742573658051099,-0.6208934538380118,-0.552670084037744,-0.6680050381892937,-0.6624471114236864,-0.5891051407297003,-0.6373550410087425,0.016158113906259597,0.4705491520510763,-0.22296492519203268,-0.3762023201338682,-0.6660909617590864,-0.6279914924129131,-0.6162933403116029,-0.6733945877526296,-0.6292619199498283,-0.6851241237998433,-0.7531873608984383,-0.3120510925947726,0.6600015822969766,-0.020169769747371467,-0.7277244184470046,1.294606763496968,-0.12646378460811045,-0.37267799624996495,-0.32879797461071464,-0.3287979746107146,0.0,1.885618083164127,-0.5303300858899107,-0.5679618342470648,-0.5303300858899107,1.4675987714106855,-0.6813851438692469,0.0,-0.22645540682891913,-0.22645540682891913,-0.5303300858899107,826.3565064518731
-0.158113883008419,-0.50709255283711,-0.158113883008419,-0.158113883008419,0.0,0.9993976388029183,-0.5478221654593324,-0.651261655945892,-0.6222246325238917,-0.5550094081348613,-0.647160853693393,-0.639446429734231,-0.629635120616606,-0.22816783322392215,-0.055284602716308764,-0.47815976058765786,-0.4184398255711528,-0.6584526632527752,-0.6432454620342882,-0.648920690366,-0.6733094764012327,-0.6431285918162317,-0.6851241237998433,-0.7531873608984383,-0.09969606718207692,-0.3228780578327588,0.29388363295371855,-0.3905700068154771,-0.7315208472876106,0.15171641783118445,-0.37267799624996495,-0.32879797461071464,3.0413812651491097,0.0,-0.5303300858899107,-0.5303300858899107,-0.5679618342470648,-0.5303300858899107,1.4675987714106855,-0.6813851438692469,0.0,4.415880433163923,-0.22645540682891913,-0.5303300858899107,826.3565064518731
-0.158113883008419,-0.4225771273642583,-0.158113883008419,-0.158113883008419,0.0,0.9018972664602316,-0.7074743423942076,-0.7481257488761999,-0.6521073274290514,-0.6237229669517459,-0.534042546489223,-0.7028295034549615,-0.6500471135178484,-0.4412008019039328,-0.25977550734806965,-0.057253993116951424,-0.24800635503049018,-0.6626049029913857,-0.6996408194298332,-0.7393707239666099,-0.6782056188789677,-0.649765100313939,-0.6851241237998433,-0.7531873608984383,-0.44994396623938016,-0.1108844099616394,-0.2900594126936207,-1.1661843596652548,-0.39405803730299366,-0.32857359618284926,-0.37267799624996495,-0.32879797461071464,3.0413812651491097,0.0,-0.5303300858899107,-0.5303300858899107,-0.5679618342470648,-0.5303300858899107,1.4675987714106855,-0.6813851438692469,0.0,4.415880433163923,-0.22645540682891913,-0.5303300858899107,826.3565064518731
-0.158113883008419,-0.3380617018914066,-0.158113883008419,-0.158113883008419,0.0,0.7901069880828537,-0.8508858083646323,-0.8544144562537808,-0.7474228197989574,-0.6532443477767778,-0.6028307062755427,-0.804033752852671,-0.7260687024641425,-0.6373837052646206,-0.4380754586772404,0.002401942430077768,-0.11712950584041361,-0.6784414960752759,-0.7813519015585577,-0.8440861144338034,-0.6877954284090091,-0.6373206137914518,-0.6851241237998433,-0.7531873608984383,-0.4995854007514389,-0.4605362707360831,-0.1641109126520377,-1.5840338652288026,-1.1703818519922111,-0.24857862603683537,-0.37267799624996495,-0.32879797461071464,3.0413812651491097,0.0,-0.5303300858899107,-0.5303300858899107,-0.5679618342470648,-0.5303300858899107,1.4675987714106855,-0.6813851438692469,0.0,-0.22645540682891913,-0.22645540682891913,-0.5303300858899107,826.3565064518731
-0.158113883008419,-0.253546276418555,-0.158113883008419,-0.158113883008419,0.0,0.6656569576593118,-0.9759653012622592,-0.9837411100580296,-0.8520122519670166,-0.747407372822138,-0.632384137887443,-0.9214098152984681,-0.8167450555446618,-0.7649627712537795,-0.6022725889973243,0.14822756265614923,0.09130973283922719,-0.707416575652884,-0.8873198103443244,-0.9709644791724528,-0.7024783524014472,-0.5927211058045343,-0.6851241237998433,-0.7531873608984383,-0.6209311295586936,-0.5100932273812799,-0.3718441529803629,-2.6406737889207,-1.5886135684802174,-0.432604831420873,-0.37267799624996495,-0.32879797461071464,3.0413812651491097,0.0,-0.5303300858899107,-0.5303300858899107,-0.5679618342470648,-0.5303300858899107,1.4675987714106855,-0.6813851438692469,0.0,-0.22645540682891913,-0.22645540682891913,-0.5303300858899107,826.3565064518731
-0.158113883008419,-0.1690308509457033,-0.158113883008419,-0.158113883008419,0.0,0.530361936870244,-1.0808888804261523,-0.9659390605465136,-0.979271314752783,-0.8507322057097496,-0.726649393890918,-0.9769678181894788,-0.8953835666577817,-0.14151035443883306,-0.7090510909232683,-0.5577010079836968,-0.09515781864574653,-0.7314676170813478,-0.9313409286945852,-0.9676287040126107,-0.7150372507725276,-0.5647994969578085,-0.6851241237998433,-0.7531873608984383,0.15402682032400106,-0.6312324547362053,-0.40128665948359005,0.614213170507534,-2.6462200107791176,-0.531745929890655,-0.37267799624996495,-0.32879797461071464,-0.3287979746107146,0.0,-0.5303300858899107,1.8856180831641272,-0.5679618342470648,-0.5303300858899107,1.4675987714106855,-0.6813851438692469,0.0,-0.22645540682891913,-0.22645540682891913,1.8856180831641272,826.3565064518731
-0.158113883008419,-0.08451542547285165,-0.158113883008419,-0.158113883008419,0.0,0.38619483177660796,-1.1641265238047793,-0.92614624399136,-0.9617538729118272,-0.9764525688784198,-0.830086404532569,-0.9482758918138394,-0.939871243493823,0.2977949199577991,-0.187246713587051,-0.4185038250406285,-0.38605287407429995,-0.7485836633509325,-0.9333169131862066,-0.9314776416683404,-0.7248166459705987,-0.5525670818890271,-0.6851241237998433,-0.7531873608984383,0.26985683418547146,0.1424067017804773,-0.4732572309359232,1.283945064028026,0.6116442247669698,-0.782449691237836,-0.37267799624996495,-0.32879797461071464,-0.3287979746107146,0.0,-0.5303300858899107,1.8856180831641272,-0.5679618342470648,-0.5303300858899107,1.4675987714106855,-0.6813851438692469,0.0,-0.22645540682891913,-0.22645540682891913,1.8856180831641272,826.3565064518731
-0.158113883008419,0.0,-0.158113883008419,-0.158113883008419,0.0,0.23525792340671806,-1.2244644391228292,-0.8748344542228728,-0.9225972382085145,-0.9591469318430563,-0.9559432598453168,-0.9028904810014645,-0.9449742417191336,0.4013024640622111,0.18043397700700176,-0.34559101492759275,-0.43678509354462763,-0.7581469297360425,-0.9084708486032819,-0.8816768313132286,-0.7316958634596029,-0.5520204925531779,-0.6851241237998433,-0.7531873608984383,0.33052969858909875,0.2580396006192697,-0.013626990524432094,1.3247527836566901,1.281988728432391,-0.010178660026557942,-0.37267799624996495,-0.32879797461071464,-0.3287979746107146,0.0,-0.5303300858899107,1.8856180831641272,-0.5679618342470648,-0.5303300858899107,1.4675987714106855,-0.6813851438692469,0.0,-0.22645540682891913,-0.22645540682891913,1.8856180831641272,826.3565064518731
-0.158113883008419,0.08451542547285165,-0.158113883008419,-0.158113883008419,0.0,0.07975221176492564,-1.2610227637058127,-0.8612211222434781,-0.8721057881963481,-0.9204637431757732,-0.9386188344176511,-0.8705468549052894,-0.9143562523672699,0.2544661805652546,0.2670655917771073,-0.5842147571157098,-0.4374041684950727,-0.7652041699245252,-0.8891938828674611,-0.8644434002048828,-0.7374936487167695,-0.5542106538710306,-0.6851241237998433,-0.7531873608984383,0.13196396054086384,0.3186092142967324,0.055072191316431346,0.22648972482427662,1.322833775271059,0.1487253346408969,-0.37267799624996495,-0.32879797461071464,-0.3287979746107146,0.0,-0.5303300858899107,1.8856180831641272,-0.5679618342470648,-0.5303300858899107,1.4675987714106855,-0.6813851438692469,0.0,-0.22645540682891913,-0.22645540682891913,1.8856180831641272,826.3565064518731
-0.158113883008419,0.1690308509457033,-0.158113883008419,-0.158113883008419,0.0,-0.07805467970466644,-1.2732683948591323,-0.8868770171277218,-0.8587100973767937,-0.8705827893679607,-0.8998936481675749,-0.8765460758747412,-0.894598490007734,-0.012727712355436764,0.14416958012649245,-0.5079877283611725,-0.5505560577682262,-0.7744762737229176,-0.8924724284139185,-0.8858129091543905,-0.743807863466105,-0.5537306627050044,-0.6851241237998433,-0.7531873608984383,-0.07487534992604755,0.12038138771594542,0.09105747704259791,-0.5905169706435651,0.22356612475329984,0.15840758170871672,-0.37267799624996495,-0.32879797461071464,-0.3287979746107146,0.0,-0.5303300858899107,1.8856180831641272,-0.5679618342470648,-0.5303300858899107,-0.6813851438692469,1.4675987714106855,0.0,-0.22645540682891913,-0.22645540682891913,1.8856180831641272,826.3565064518731
-0.158113883008419,0.253546276418555,-0.158113883008419,-0.158113883008419,0.0,-0.23586157117425735,-1.2610227637058127,-0.7010026766398338,-0.883955822382877,-0.8573490669291534,-0.8499585395819502,-0.7967303534115991,-0.838334663420976,0.8694935647205396,-0.07946086730331497,0.5061631759383248,-0.21898960362862882,-0.7616618077902645,-0.8005291483891772,-0.7206445032856363,-0.7429400186608344,-0.563992185088897,-0.6851241237998433,-0.7531873608984383,1.0392990691223818,-0.08610593163904103,-0.026712548970310845,4.139169059981926,-0.5941878945242051,-0.10217189633704342,-0.37267799624996495,-0.32879797461071464,-0.3287979746107146,0.0,-0.5303300858899107,1.8856180831641272,-0.5679618342470648,-0.5303300858899107,-0.6813851438692469,1.4675987714106855,0.0,-0.22645540682891913,-0.22645540682891913,1.8856180831641272,826.3565064518731
-0.158113883008419,0.3380617018914066,-0.158113883008419,-0.158113883008419,0.0,-0.39136728281604977,-1.2244644391228294,-0.7172339570768044,-0.7010531208081924,-0.8822895438330596,-0.8367104495490294,-0.7122195884506253,-0.7989499848102453,0.4265775620411954,0.6589225469581663,-0.5676436639082016,-0.1701427525666136,-0.7519765071547847,-0.7627295059450799,-0.7187374262471408,-0.742699545318792,-0.5738767498273772,-0.6851241237998433,-0.7531873608984383,-0.025233915413988818,1.0261724286198193,-0.14938965940042412,-0.27256608634832546,4.139824424983036,-0.29601905941219486,-0.37267799624996495,-0.32879797461071464,-0.3287979746107146,0.0,-0.5303300858899107,1.8856180831641272,-0.5679618342470648,-0.5303300858899107,-0.6813851438692469,1.4675987714106855,0.0,-0.22645540682891913,-0.22645540682891913,1.8856180831641272,826.3565064518731
-0.158113883008419,0.4225771273642583,-0.158113883008419,-0.158113883008419,0.0,-0.5423041911859398,-1.1641265238047793,-0.6842478065113482,-0.7170249060161226,-0.7015983336108816,-0.8616780038418418,-0.7038728462322574,-0.7547240001908866,0.18826949538220042,0.28821982329073775,-0.4615886673801497,-0.18149785395634002,-0.7395046953458785,-0.7272220767617015,-0.6888559087514226,-0.7413662739028186,-0.5826525081035882,-0.6851241237998433,-0.7531873608984383,0.23400468703787347,-0.03654897499384429,0.5114310421164527,0.3684930729511849,-0.27594617752532247,0.8261702988377009,-0.37267799624996495,-0.32879797461071464,-0.3287979746107146,0.0,-0.5303300858899107,1.8856180831641272,-0.5679618342470648,-0.5303300858899107,-0.6813851438692469,1.4675987714106855,0.0,-0.22645540682891913,-0.22645540682891913,1.8856180831641272,826.3565064518731
-0.158113883008419,0.50709255283711,-0.158113883008419,-0.158113883008419,0.0,-0.6864712962795747,-1.0808888804261532,-0.7256113921410472,-0.6845661167225869,-0.7173770026725367,-0.6807906207000383,-0.7080462173414414,-0.714423398821767,-0.040409962522895776,0.08876564044793657,-0.40856116911612367,-0.6045187401873167,-0.7329887672213706,-0.7302937753278703,-0.7230990899154639,-0.7414666465999833,-0.5915382591329807,-0.6851241237998433,-0.7531873608984383,-0.1576110741128121,0.2222484652644054,-0.11994715289719693,-0.5714004753700551,0.3656993646959004,-0.2205804158126163,-0.37267799624996495,-0.32879797461071464,-0.3287979746107146,0.0,-0.5303300858899107,1.8856180831641272,-0.5679618342470648,-0.5303300858899107,-0.6813851438692469,1.4675987714106855,0.0,-0.22645540682891913,-0.22645540682891913,1.8856180831641272,826.3565064518731
-0.158113883008419,0.5916079783099616,-0.158113883008419,-0.158113883008419,0.0,-0.8217663170686434,-0.9759653012622596,-0.6455021693392251,-0.7252684080589252,-0.6853106752246572,-0.6965864203546747,-0.6887443759614659,-0.7005537113375894,0.3471415398215304,-0.10262978753252926,-0.1633089896450034,-0.5031524296745398,-0.7180050460480895,-0.6914968624191536,-0.6544171556801867,-0.7390401494269283,-0.5978155488277982,-0.6851241237998433,-0.7531873608984383,0.48221185959816715,-0.1687008593810356,0.03380815884187838,1.0123577629259837,-0.5750539132103059,-0.0684794598683171,-0.37267799624996495,3.04138126514911,-0.3287979746107146,0.0,-0.5303300858899107,-0.5303300858899107,-0.5679618342470648,-0.5303300858899107,-0.6813851438692469,1.4675987714106855,0.0,-0.22645540682891913,-0.22645540682891913,-0.5303300858899107,826.3565064518731
-0.158113883008419,0.6761234037828132,-0.158113883008419,-0.158113883008419,0.0,-0.9462163474921855,-0.8508858083646326,-0.5643457671543726,-0.6464399197746246,-0.7255208318656489,-0.6644852791210588,-0.6084069821096758,-0.6623466477019304,0.6311854980615447,0.2217350956764707,-0.15668055236200018,-0.32298301338552976,-0.6952811034725956,-0.6312384181234281,-0.5745001445147597,-0.7342917596772128,-0.5972800080787073,-0.6851241237998433,-0.7531873608984383,0.48772757454395144,0.4700332484903891,-0.19846050357246944,0.8434783425515501,1.0101530038380546,-0.2914833825355354,-0.37267799624996495,3.04138126514911,-0.3287979746107146,0.0,-0.5303300858899107,-0.5303300858899107,-0.5679618342470648,-0.5303300858899107,-0.6813851438692469,1.4675987714106855,0.0,-0.22645540682891913,-0.22645540682891913,-0.5303300858899107,826.3565064518731
-0.158113883008419,0.760638829255665,-0.158113883008419,-0.158113883008419,0.0,-1.0580066258695633,-0.7074743423942079,-0.6318888373598305,-0.5665809937349735,-0.6476454652065131,-0.7047390911441643,-0.601625254057252,-0.6492620368678006,-0.05003857127679456,0.45946836411536507,-0.24285023704104244,-0.3369957452073092,-0.6825184491160755,-0.6351152503725742,-0.6273039110672816,-0.7318273991844894,-0.6026987766696801,-0.6851241237998433,-0.7531873608984383,-0.29550394775741967,0.47553957700652205,0.18102069135801432,-0.7142983485632423,0.8411191078485397,0.08428715055022552,-0.37267799624996495,3.04138126514911,-0.3287979746107146,0.0,-0.5303300858899107,-0.5303300858899107,-0.5679618342470648,-0.5303300858899107,-0.6813851438692469,1.4675987714106855,0.0,-0.22645540682891913,-0.22645540682891913,-0.5303300858899107,826.3565064518731
-0.158113883008419,0.8451542547285166,-0.158113883008419,-0.158113883008419,0.0,-1.1555069982122503,-0.5478221654593328,-0.5376426928870985,-0.6330442289550702,-0.5687521198982383,-0.6267791767196688,-0.5883226336467283,-0.6022882839732747,0.3519558441984798,-0.11068854239486466,-0.07382508632445955,-0.4156730395477484,-0.6603033709467083,-0.5896033580362047,-0.5477534026029087,-0.7268044640293142,-0.5998989003435963,-0.6851241237998433,-0.7531873608984383,0.5566740113662553,-0.3063590722843599,0.18429208096948402,0.9610403285449375,-0.7180824964497875,0.04421796051425666,-0.37267799624996495,3.04138126514911,-0.3287979746107146,0.0,-0.5303300858899107,-0.5303300858899107,-0.5679618342470648,-0.5303300858899107,-0.6813851438692469,1.4675987714106855,0.0,-0.22645540682891913,-0.22645540682891913,-0.5303300858899107,826.3565064518731
-0.158113883008419,0.9296696802013682,-0.158113883008419,-0.158113883008419,0.0,-1.237295689539772,-0.37425736580511093,-0.5051801320131576,-0.54030483097354,-0.6344117427677057,-0.547800178446487,-0.5252003956203218,-0.5672215269378069,0.43981689907780624,0.2257644731076384,-0.4649028860216513,-0.4059815506605483,-0.6366143631864617,-0.5505034167314731,-0.5105788246597117,-0.7211639416624434,-0.5939693463685964,-0.6851241237998433,-0.7531873608984383,0.23124682956498133,0.5443686834581842,-0.2802452438592116,0.2304359552067733,0.9587886289107722,-0.3253880585701792,-0.37267799624996495,-0.32879797461071464,-0.3287979746107146,0.0,-0.5303300858899107,-0.5303300858899107,1.760681686165901,-0.5303300858899107,-0.6813851438692469,1.4675987714106855,0.0,-0.22645540682891913,-0.22645540682891913,-0.5303300858899107,826.3565064518731
-0.158113883008419,1.01418510567422,-0.158113883008419,-0.158113883008419,0.0,-1.3021800365604808,-0.18931090904439038,-0.4706232123731559,-0.5083612605576796,-0.5427936643451929,-0.6135310866867479,-0.4918134267468507,-0.5438000735447147,0.3074235287116979,0.29930061122644896,-0.45164601145564476,-0.3193232706466941,-0.61136040347779,-0.5135549996434283,-0.4757567089881963,-0.7149005567839202,-0.5846192433530273,-0.6764006619222461,-0.7531873608984383,0.24227825945654993,0.2194953010063389,0.22518445111285512,0.23301431167858602,0.22751596479033134,0.07211131511797768,-0.37267799624996495,-0.32879797461071464,-0.3287979746107146,0.0,-0.5303300858899107,-0.5303300858899107,1.760681686165901,-0.5303300858899107,-0.6813851438692469,1.4675987714106855,0.0,-0.22645540682891913,-0.22645540682891913,-0.5303300858899107,826.3565064518731
-0.158113883008419,1.0987005311470714,-0.158113883008419,-0.158113883008419,0.0,-1.3492138793879889,0.0043202690201050425,-0.6915780621925607,-0.4743568146311185,-0.511236326221883,-0.5218135403049884,-0.5846709339261924,-0.5587165298956226,-0.8624524348870047,0.18849273186933715,0.7282158249189337,-0.16208219999887608,-0.6137846556447998,-0.6063254031578379,-0.6711557947570543,-0.714800110053893,-0.5917359024109934,-0.6764006619222461,-0.7531873608984383,-1.10355618731482,0.23050795803860485,0.03217246403614353,-1.8814188668518423,0.2300966797093782,-0.10123559364976874,-0.37267799624996495,-0.32879797461071464,-0.3287979746107146,0.0,-0.5303300858899107,-0.5303300858899107,1.760681686165901,-0.5303300858899107,-0.6813851438692469,1.4675987714106855,0.0,-0.22645540682891913,-0.22645540682891913,-0.5303300858899107,826.3565064518731
-0.158113883008419,1.1832159566199232,-0.158113883008419,-0.158113883008419,0.0,-1.3777113586828804,0.2038125897927532,-0.7654042086962006,-0.6917791810100393,-0.477643030800295,-0.4902219409957157,-0.7315214298306008,-0.6156345870240871,-0.773387803913441,-0.7906459839044143,-0.20307961334302296,0.09145410425808699,-0.6243706225064326,-0.6898800132094476,-0.7571465633443132,-0.716599797448654,-0.5971103624509796,-0.6764006619222461,-0.7531873608984383,-0.3285982374321255,-1.1130361998978402,0.03871524325908291,-0.9827957889984393,-1.886270590998046,-0.10062383968223099,-0.37267799624996495,-0.32879797461071464,-0.3287979746107146,0.0,-0.5303300858899107,-0.5303300858899107,1.760681686165901,-0.5303300858899107,-0.6813851438692469,1.4675987714106855,0.0,-0.22645540682891913,-0.22645540682891913,-0.5303300858899107,826.3565064518731
6.32455532033676,1.267731382092775,-0.158113883008419,6.32455532033676,0.0,-1.387256917026302,0.40625700601910747,-0.7407954931949874,-0.764425042762238,-0.6924365257686304,-0.45659217398907054,-0.7560399850970562,-0.6745153357776711,0.017361690000496945,-0.7161025014278118,-0.5146161656441757,0.045055071681561365,-0.6310966127114608,-0.7192675154704509,-0.7435953535329148,-0.7176917726412745,-0.6031322533223641,-0.6764006619222461,-0.7531873608984383,0.18987896747159905,-0.3393970433811577,-0.7595038219395208,0.30157920555399403,-0.9868255340522831,-0.6023050075891738,-0.37267799624996495,-0.32879797461071464,-0.3287979746107146,0.0,-0.5303300858899107,-0.5303300858899107,1.760681686165901,-0.5303300858899107,-0.6813851438692469,-0.6813851438692469,0.0,-0.22645540682891913,-0.22645540682891913,-0.5303300858899107,826.3565064518731
-0.158113883008419,1.3522468075656264,-0.158113883008419,-0.158113883008419,0.0,-1.3777113586828804,0.6087014222454618,-0.6182755053804359,-0.7402097555115051,-0.764204020532932,-0.6716188660618623,-0.6827451549920139,-0.7114139383299171,0.6937714549618867,-0.054277258358516836,0.10514272031662816,-0.3442179233357203,-0.6232027078729375,-0.6722758656017271,-0.6319600818962624,-0.7157417406402276,-0.6076240067655273,-0.6764006619222461,-0.7531873608984383,0.7055983149024314,0.17819783713534162,-0.29987358152802973,1.6489810139902983,0.29872429054657407,-0.3890931266069822,-0.37267799624996495,-0.32879797461071464,-0.3287979746107146,0.0,-0.5303300858899107,-0.5303300858899107,1.760681686165901,-0.5303300858899107,-0.6813851438692469,-0.6813851438692469,0.0,-0.22645540682891913,-0.22645540682891913,-0.5303300858899107,826.3565064518731
-0.158113883008419,1.4367622330384782,-0.158113883008419,-0.158113883008419,0.0,-1.3492138793879889,0.80819374301811,-0.5983790971028591,-0.6196485381355158,-0.7402815222781648,-0.7434642773942406,-0.6117978461358877,-0.6881233310451661,0.44703835564323036,0.5118502707205452,-0.5444441334176903,-0.23412666807818608,-0.6138332480102502,-0.6387627533256108,-0.6028878123184541,-0.7134135300021947,-0.6110305313651064,-0.6764006619222461,-0.7531873608984383,0.16505825021556966,0.6930395533937744,0.007637041950120876,0.14446042246347504,1.647358580256549,-0.08435578430639862,-0.37267799624996495,-0.32879797461071464,-0.3287979746107146,0.0,-0.5303300858899107,-0.5303300858899107,1.760681686165901,-0.5303300858899107,-0.6813851438692469,-0.6813851438692469,0.0,-0.22645540682891913,-0.22645540682891913,-0.5303300858899107,826.3565064518731
-0.158113883008419,1.52127765851133,-0.158113883008419,-0.158113883008419,0.0,-1.302180036560481,1.0018249210826056,-0.6104216600077083,-0.6000702207838594,-0.6211780203288982,-0.7195158069501145,-0.6078853107210278,-0.649392882976142,0.06430115767575353,0.3053446773732005,-0.5941574130402146,-0.33576004218529587,-0.6067716222044732,-0.6280692921575619,-0.6108200873481809,-0.7114758381205629,-0.6150173438408222,-0.6764006619222461,-0.7531873608984383,-0.003171055630851605,0.15341935881274324,0.31351197062253666,-0.18960511903533503,0.1414617894079654,0.23533562034988909,-0.37267799624996495,-0.32879797461071464,-0.3287979746107146,0.0,-0.5303300858899107,-0.5303300858899107,1.760681686165901,-0.5303300858899107,-0.6813851438692469,-0.6813851438692469,0.0,-0.22645540682891913,-0.22645540682891913,-0.5303300858899107,826.3565064518731
-0.158113883008419,1.6057930839841814,-0.158113883008419,-0.158113883008419,0.0,-1.2372956895397726,1.1867713778433246,-0.624558581678618,-0.6119202549703883,-0.6018364259952567,-0.6002829966538271,-0.6209270954372275,-0.6203450469243739,-0.018745592826623508,-0.014990828404631753,-0.5809005384742082,-0.6437461690241592,-0.6020254623665487,-0.6298401078426789,-0.6243379476190973,-0.7099489235107823,-0.6195090779053227,-0.6764006619222461,-0.7531873608984383,-0.014202485522420212,-0.0145236609293124,-0.007084211301492718,-0.21437092760562917,-0.19290932502498948,-0.12163458573712202,-0.37267799624996495,-0.32879797461071464,-0.3287979746107146,0.0,-0.5303300858899107,-0.5303300858899107,1.760681686165901,-0.5303300858899107,-0.6813851438692469,-0.6813851438692469,0.0,-0.22645540682891913,-0.22645540682891913,-0.5303300858899107,826.3565064518731
-0.158113883008419,1.6903085094570331,-0.158113883008419,-0.158113883008419,0.0,-1.1555069982122512,1.3603361774975467,-0.6025678146349805,-0.6258311646676178,-0.6135431804603556,-0.580920403528789,-0.6170145600223677,-0.6164196636741349,0.14253360380118119,-0.0844975890922746,-0.5311872588516838,-0.6424024305347654,-0.5952505576877669,-0.6196537770443508,-0.6058958604516098,-0.7080039581888993,-0.6229771920330395,-0.6764006619222461,-0.7531873608984383,0.17608968010713827,-0.025536317961578344,-0.10686159445131818,0.16961862389413537,-0.21769778711637813,-0.20089667484843157,-0.37267799624996495,-0.32879797461071464,-0.3287979746107146,0.0,-0.5303300858899107,-0.5303300858899107,1.760681686165901,-0.5303300858899107,-0.6813851438692469,-0.6813851438692469,0.0,-0.22645540682891913,-0.22645540682891913,-0.5303300858899107,826.3565064518731
