job_title_unified,month,quarter,is_month_start,week_of_year,is_month_end,is_quarter_start,is_quarter_end,week_sin,week_cos,lag_1,lag_2,lag_3,lag_4,rolling_mean_2,rolling_mean_4,residual_lag1,residual_lag2,rolling_std_2,rolling_std_4,ewm_0.1,ewm_0.5,ewm_0.9,expanding_mean,expanding_std,expanding_max,expanding_min,diff_1,diff_2,diff_3,pct_change_1,pct_change_2,pct_change_3,is_main_hiring_peak,is_summer_hiring_peak,is_may_slowdown,is_december_slowdown,is_post_peak_spring,is_early_summer_recovery,is_stable_plateau,is_q1_peak,is_q2_low,is_q3_second,is_new_year_holidays,is_may_holidays,is_nauryz_week,is_graduation_season
Business Analyst,1,1,0,4,0,0,0,0.4647231720437685,0.8854560256532099,1156.0,1119.0,1060.0,182.0,1137.5,879.25,66.5,498.0,26.16295090390226,466.51143251443114,434.84800000000007,1013.0,1150.8319999999999,879.25,466.51143251443114,1156.0,182.0,37.0,59.0,878.0,0.03306523681858797,0.0556603773584905,4.824175824175824,1,0,0,0,0,0,0,1,0,0,0,0,0,0
Business Analyst,2,1,0,5,0,0,0,0.5680647467311558,0.8229838658936564,1047.0,1156.0,1119.0,1060.0,1101.5,1095.5,-90.5,66.5,77.07463914933368,51.07184482014843,496.06320000000005,1030.0,1057.3832,912.8,410.91690157500216,1156.0,182.0,-109.0,37.0,59.0,-0.09429065743944631,0.03306523681858797,0.0556603773584905,1,0,0,0,0,0,0,1,0,0,0,0,0,0
Business Analyst,2,1,0,6,0,0,0,0.6631226582407952,0.7485107481711011,982.0,1047.0,1156.0,1119.0,1014.5,1076.0,-119.5,-90.5,45.96194077712559,77.30028029272158,544.6568800000001,1006.0,989.53832,924.3333333333334,368.619406253478,1156.0,182.0,-65.0,-109.0,37.0,-0.062082139446036244,-0.09429065743944631,0.03306523681858797,1,0,0,0,0,0,0,1,0,0,0,0,0,0
Business Analyst,2,1,0,7,0,0,0,0.7485107481711011,0.6631226582407953,880.0,982.0,1047.0,1156.0,931.0,1016.25,-134.5,-119.5,72.12489168102785,115.77672477661471,578.1911920000001,943.0,890.9538319999999,918.0,336.91888242325234,1156.0,182.0,-102.0,-65.0,-109.0,-0.10386965376782076,-0.062082139446036244,-0.09429065743944631,1,0,0,0,0,0,0,1,0,0,0,0,0,0
Business Analyst,2,1,0,8,0,0,0,0.8229838658936564,0.5680647467311559,869.0,880.0,982.0,1047.0,874.5,944.5,-62.0,-134.5,7.7781745930520225,85.19194015085381,607.2720728,906.0,871.1953831999999,911.875,312.40698615748016,1156.0,182.0,-11.0,-102.0,-65.0,-0.012499999999999956,-0.10386965376782076,-0.062082139446036244,1,0,0,0,0,0,0,1,0,0,0,0,0,0
Business Analyst,3,1,0,9,0,0,0,0.8854560256532099,0.4647231720437686,766.0,869.0,880.0,982.0,817.5,874.25,-108.5,-62.0,72.8319984622144,88.29637591656858,623.14486552,836.0,776.51953832,895.6666666666666,296.24778480184455,1156.0,182.0,-103.0,-11.0,-102.0,-0.11852704257767543,-0.012499999999999956,-0.10386965376782076,0,0,0,0,1,0,0,1,0,0,0,0,0,0
Business Analyst,3,1,0,10,0,0,0,0.9350162426854148,0.35460488704253557,911.0,766.0,869.0,880.0,838.5,856.5,93.5,-108.5,102.5304832720494,62.899390564085174,651.9303789680001,873.5,897.551953832,897.2,279.34717547246555,1156.0,182.0,145.0,-103.0,-11.0,0.18929503916449075,-0.11852704257767543,-0.012499999999999956,0,0,0,0,1,0,0,1,0,0,0,0,0,0
Business Analyst,3,1,0,11,0,0,0,0.970941817426052,0.23931566428755804,806.0,911.0,766.0,869.0,858.5,838.0,-32.5,93.5,74.24621202458749,64.54455825241965,667.3373410712002,839.75,815.1551953832001,888.9090909090909,266.4347779646848,1156.0,182.0,-105.0,145.0,-103.0,-0.115257958287596,0.18929503916449075,-0.11852704257767543,0,0,0,0,1,0,0,1,0,0,0,0,1,0
Business Analyst,3,1,0,12,0,0,0,0.992708874098054,0.120536680255323,682.0,806.0,911.0,766.0,744.0,791.25,-176.5,-32.5,87.68124086713189,95.09775672082557,668.8036069640802,760.875,695.31551953832,871.6666666666666,260.9630183947468,1156.0,182.0,-124.0,-105.0,145.0,-0.15384615384615385,-0.115257958287596,0.18929503916449075,0,0,0,0,1,0,0,1,0,0,0,0,1,0
Business Analyst,4,2,0,13,0,0,0,1.0,-1.6081226496766366e-16,661.0,682.0,806.0,911.0,671.5,765.0,-83.0,-176.5,14.849242404917497,116.47889651491948,668.0232462676722,710.9375,664.431551953832,855.4615384615385,256.5939124325359,1156.0,182.0,-21.0,-124.0,-105.0,-0.030791788856304958,-0.15384615384615385,-0.115257958287596,0,0,0,0,1,0,0,0,1,0,0,0,0,0
Business Analyst,4,2,0,14,0,0,0,0.992708874098054,-0.12053668025532288,785.0,661.0,682.0,806.0,723.0,733.5,113.5,-83.0,87.68124086713189,72.61083482052334,679.720921640905,747.96875,772.9431551953832,850.4285714285714,247.24566241375715,1156.0,182.0,124.0,-21.0,-124.0,0.18759455370650535,-0.030791788856304958,-0.15384615384615385,0,0,0,0,1,0,0,0,1,0,0,0,0,0
Business Analyst,4,2,0,15,0,0,0,0.9709418174260521,-0.2393156642875575,959.0,785.0,661.0,682.0,872.0,771.75,236.0,113.5,123.03657992645927,136.08667581116575,707.6488294768145,853.484375,940.3943155195383,857.6666666666666,239.8954137198323,1156.0,182.0,174.0,124.0,-21.0,0.22165605095541396,0.18759455370650535,-0.030791788856304958,0,0,0,0,1,0,0,0,1,0,0,0,0,0
Business Analyst,4,2,0,16,0,0,0,0.9350162426854148,-0.35460488704253545,1011.0,959.0,785.0,661.0,985.0,854.0,139.0,236.0,36.76955262170047,160.91819868077897,737.983946529133,932.2421875,1003.9394315519538,867.25,234.90976991176842,1156.0,182.0,52.0,174.0,124.0,0.054223149113659996,0.22165605095541396,0.18759455370650535,0,0,0,0,1,0,0,0,1,0,0,0,0,0
Business Analyst,4,2,0,17,1,0,0,0.8854560256532099,-0.4647231720437685,1112.0,1011.0,959.0,785.0,1061.5,966.75,127.0,139.0,71.4177848998413,136.80734629397642,775.3855518762198,1022.12109375,1101.1939431551955,881.6470588235294,235.068857246252,1156.0,182.0,101.0,52.0,174.0,0.09990108803165176,0.054223149113659996,0.22165605095541396,0,0,0,0,1,0,0,0,1,0,0,0,0,0
Business Analyst,5,2,0,18,0,0,0,0.8229838658936565,-0.5680647467311557,979.0,1112.0,1011.0,959.0,1045.5,1015.25,-82.5,127.0,94.04520189781083,67.96261227076734,795.7469966885978,1000.560546875,991.2193943155196,887.0555555555555,229.20180479276647,1156.0,182.0,-133.0,101.0,52.0,-0.11960431654676262,0.09990108803165176,0.054223149113659996,0,0,1,0,0,0,0,0,1,0,0,1,0,0
Business Analyst,5,2,0,19,0,0,0,0.7485107481711013,-0.663122658240795,686.0,979.0,1112.0,1011.0,832.5,947.0,-359.5,-82.5,207.18228688765842,182.9990892509213,784.7722970197381,843.2802734375,716.521939431552,876.4736842105264,227.469746076521,1156.0,182.0,-293.0,-133.0,101.0,-0.29928498467824316,-0.11960431654676262,0.09990108803165176,0,0,1,0,0,0,0,0,1,0,0,1,0,0
Business Analyst,5,2,0,20,0,0,0,0.6631226582407952,-0.7485107481711012,714.0,686.0,979.0,1112.0,700.0,872.75,-118.5,-359.5,19.79898987322333,207.04810230153439,777.6950673177643,778.64013671875,714.2521939431551,868.35,224.36372607653706,1156.0,182.0,28.0,-293.0,-133.0,0.04081632653061229,-0.29928498467824316,-0.11960431654676262,0,0,1,0,0,0,0,0,1,0,0,0,0,0
Business Analyst,5,2,0,21,0,0,0,0.5680647467311558,-0.8229838658936564,343.0,714.0,686.0,979.0,528.5,680.5,-357.0,-118.5,262.33661582020915,260.8709770493196,734.2255605859878,560.820068359375,380.12521939431554,843.3333333333334,246.91017259994234,1156.0,182.0,-371.0,28.0,-293.0,-0.5196078431372548,0.04081632653061229,-0.29928498467824316,0,0,1,0,0,0,0,0,1,0,0,0,0,0
Business Analyst,6,2,0,22,0,0,0,0.46472317204376906,-0.8854560256532096,411.0,343.0,714.0,686.0,377.0,538.5,-117.5,-357.0,48.08326112068523,188.88532676379774,701.903004527389,485.9100341796875,407.91252193943154,823.6818181818181,257.9875202525514,1156.0,182.0,68.0,-371.0,28.0,0.1982507288629738,-0.5196078431372548,0.04081632653061229,0,0,0,0,0,1,0,0,1,0,0,0,0,1
Business Analyst,6,2,0,23,0,0,0,0.35460488704253584,-0.9350162426854147,610.0,411.0,343.0,714.0,510.5,519.5,233.0,-117.5,140.71424945612296,172.1869139433462,692.7127040746501,547.9550170898438,589.7912521939431,814.3913043478261,255.96372952049188,1156.0,182.0,199.0,68.0,-371.0,0.4841849148418491,0.1982507288629738,-0.5196078431372548,0,0,0,0,0,1,0,0,1,0,0,0,0,1
Business Analyst,6,2,0,24,0,0,0,0.23931566428755768,-0.970941817426052,731.0,610.0,411.0,343.0,670.5,523.75,220.5,233.0,85.55992052357225,178.67545065471822,696.5414336671852,639.4775085449219,716.8791252193944,810.9166666666666,250.9155265209297,1156.0,182.0,121.0,199.0,68.0,0.1983606557377049,0.4841849148418491,0.1982507288629738,0,0,0,0,0,1,0,0,1,0,0,0,0,1
Business Analyst,6,2,0,25,0,0,0,0.12053668025532308,-0.992708874098054,801.0,731.0,610.0,411.0,766.0,638.25,130.5,220.5,49.49747468305833,170.81251905720097,706.9872903004667,720.2387542724609,792.5879125219394,810.52,245.64050968844697,1156.0,182.0,70.0,121.0,199.0,0.09575923392612862,0.1983606557377049,0.4841849148418491,0,0,0,0,0,1,0,0,1,0,0,0,0,1
Business Analyst,7,3,0,26,0,0,0,-3.216245299353273e-16,-1.0,806.0,801.0,731.0,610.0,803.5,737.0,40.0,130.5,3.5355339059327378,91.32725040570666,716.88856127042,763.1193771362305,804.658791252194,810.3461538461538,240.67919599461726,1156.0,182.0,5.0,70.0,121.0,0.006242197253433224,0.09575923392612862,0.1983606557377049,0,0,0,0,0,1,0,0,0,1,0,0,0,1
Business Analyst,7,3,0,27,0,0,0,-0.12053668025532283,-0.992708874098054,945.0,806.0,801.0,731.0,875.5,820.75,141.5,40.0,98.2878425849301,89.63025902748083,739.6997051433781,854.0596885681152,930.9658791252193,815.3333333333334,237.4238339406491,1156.0,182.0,139.0,5.0,70.0,0.17245657568238215,0.006242197253433224,0.09575923392612862,0,0,0,0,0,1,0,0,0,1,0,0,0,1
Business Analyst,7,3,0,28,0,0,0,-0.23931566428755743,-0.9709418174260521,803.0,945.0,806.0,801.0,874.0,838.75,-72.5,141.5,100.40916292848975,70.86313098737108,746.0297346290404,828.5298442840576,815.796587912522,814.8928571428571,232.9972721642441,1156.0,182.0,-142.0,139.0,5.0,-0.1502645502645502,0.17245657568238215,0.006242197253433224,0,0,0,0,0,1,0,0,0,1,0,0,0,1
Business Analyst,7,3,0,29,0,0,0,-0.3546048870425356,-0.9350162426854148,905.0,803.0,945.0,806.0,854.0,864.75,31.0,-72.5,72.12489168102785,71.47202249831732,761.9267611661363,866.7649221420288,896.0796587912522,818.0,229.40980175846266,1156.0,182.0,102.0,-142.0,139.0,0.12702366127023668,-0.1502645502645502,0.17245657568238215,0,0,0,0,0,1,0,0,0,1,0,0,0,1
Business Analyst,7,3,0,30,0,0,0,-0.46472317204376806,-0.8854560256532101,794.0,905.0,803.0,945.0,849.5,861.75,-60.0,31.0,78.48885271170677,74.92829905983437,765.1340850495227,830.3824610710144,804.2079658791253,817.2,225.46234489492306,1156.0,182.0,-111.0,102.0,-142.0,-0.1226519337016575,0.12702366127023668,-0.1502645502645502,0,0,0,0,0,1,0,0,0,1,0,0,0,1
Business Analyst,8,3,0,31,0,0,0,-0.5680647467311556,-0.8229838658936566,993.0,794.0,905.0,803.0,893.5,873.75,143.5,-60.0,140.71424945612296,94.09702439503587,787.9206765445704,911.6912305355072,974.1207965879125,822.8709677419355,223.91021145918944,1156.0,182.0,199.0,-111.0,102.0,0.2506297229219143,-0.1226519337016575,0.12702366127023668,0,1,0,0,0,0,0,0,0,1,0,0,0,0
Business Analyst,8,3,0,32,0,0,0,-0.663122658240795,-0.7485107481711013,1018.0,993.0,794.0,905.0,1005.5,927.5,124.5,143.5,17.67766952966369,101.33936385564418,810.9286088901133,964.8456152677536,1013.6120796587912,828.96875,222.9537033346725,1156.0,182.0,25.0,199.0,-111.0,0.025176233635448186,0.2506297229219143,-0.1226519337016575,0,1,0,0,0,0,0,0,0,1,0,0,0,0
Business Analyst,8,3,0,33,0,0,0,-0.7485107481711011,-0.6631226582407952,1081.0,1018.0,993.0,794.0,1049.5,971.5,75.5,124.5,44.54772721475249,123.99059104087956,837.9357480011021,1022.9228076338768,1074.261207965879,836.6060606060606,223.78518429985755,1156.0,182.0,63.0,25.0,199.0,0.06188605108055012,0.025176233635448186,0.2506297229219143,0,1,0,0,0,0,0,0,0,1,0,0,0,0
Business Analyst,8,3,0,34,0,0,0,-0.8229838658936564,-0.5680647467311559,1148.0,1081.0,1018.0,993.0,1114.5,1060.0,98.5,75.5,47.37615433949868,69.37338586710781,868.9421732009919,1085.4614038169384,1140.6261207965879,845.7647058823529,226.74696333852896,1156.0,182.0,67.0,63.0,25.0,0.06197964847363546,0.06188605108055012,0.025176233635448186,0,1,0,0,0,0,0,0,0,1,0,0,0,0
Business Analyst,9,3,0,35,0,0,0,-0.8854560256532096,-0.4647231720437691,1290.0,1148.0,1081.0,1018.0,1219.0,1134.25,175.5,98.5,100.40916292848975,116.61439305105799,911.0479558808927,1187.7307019084692,1275.0626120796587,858.4571428571429,235.67017616315624,1290.0,182.0,142.0,67.0,63.0,0.12369337979094075,0.06197964847363546,0.06188605108055012,0,0,0,0,0,0,1,0,0,1,0,0,0,0
Business Analyst,9,3,0,36,0,0,0,-0.9350162426854147,-0.3546048870425359,1311.0,1290.0,1148.0,1081.0,1300.5,1207.5,92.0,175.5,14.849242404917497,111.14704974342162,951.0431602928035,1249.3653509542346,1307.4062612079658,871.0277777777778,244.217758347061,1311.0,182.0,21.0,142.0,67.0,0.016279069767441756,0.12369337979094075,0.06197964847363546,0,0,0,0,0,0,1,0,0,1,0,0,0,0
Business Analyst,9,3,0,37,0,0,0,-0.970941817426052,-0.23931566428755774,1086.0,1311.0,1290.0,1148.0,1198.5,1208.75,-214.5,92.0,159.0990257669732,109.26229907886788,964.5388442635232,1167.6826754771173,1108.1406261207965,876.8378378378378,243.38156069037785,1311.0,182.0,-225.0,21.0,142.0,-0.17162471395881007,0.016279069767441756,0.12369337979094075,0,0,0,0,0,0,1,0,0,1,0,0,0,0
Business Analyst,9,3,0,38,0,0,0,-0.992708874098054,-0.12053668025532357,885.0,1086.0,1311.0,1290.0,985.5,1143.0,-313.5,-214.5,142.12846301849606,199.70478211600235,956.5849598371709,1026.3413377385587,907.3140626120796,877.0526315789474,240.07374400474365,1311.0,182.0,-201.0,-225.0,21.0,-0.18508287292817682,-0.17162471395881007,0.016279069767441756,0,0,0,0,0,0,1,0,0,1,0,0,0,0
Business Analyst,10,4,1,39,0,1,0,-1.0,-1.8369701987210297e-16,933.0,885.0,1086.0,1311.0,909.0,1053.75,-52.5,-313.5,33.94112549695428,191.72441159122113,954.2264638534539,979.6706688692793,930.4314062612079,878.4871794871794,237.06315745130604,1311.0,182.0,48.0,-201.0,-225.0,0.05423728813559325,-0.18508287292817682,-0.17162471395881007,0,0,0,0,0,0,1,0,0,0,0,0,0,0
Business Analyst,10,4,0,40,0,0,0,-0.992708874098054,0.1205366802553232,1168.0,933.0,885.0,1086.0,1050.5,1018.0,259.0,-52.5,166.17009357883867,131.70421405558736,975.6038174681084,1073.8353344346397,1144.2431406261207,885.725,238.43947654354335,1311.0,182.0,235.0,48.0,-201.0,0.25187566988210075,0.05423728813559325,-0.18508287292817682,0,0,0,0,0,0,1,0,0,0,0,0,0,0
Business Analyst,10,4,0,41,0,0,0,-0.9709418174260521,0.23931566428755738,1218.0,1168.0,933.0,885.0,1193.0,1051.0,167.5,259.0,35.35533905932738,166.39110553151562,999.8434357212977,1145.9176672173198,1210.624314062612,893.829268292683,241.0910515177849,1311.0,182.0,50.0,235.0,48.0,0.042808219178082085,0.25187566988210075,0.05423728813559325,0,0,0,0,0,0,1,0,0,0,0,0,0,0
Business Analyst,10,4,0,42,0,0,0,-0.9350162426854148,0.35460488704253557,1214.0,1218.0,1168.0,933.0,1216.0,1133.25,21.0,167.5,2.8284271247461903,135.41387176602936,1021.2590921491679,1179.95883360866,1213.6624314062612,901.452380952381,243.20343811563595,1311.0,182.0,-4.0,50.0,235.0,-0.003284072249589487,0.042808219178082085,0.25187566988210075,0,0,0,0,0,0,1,0,0,0,0,0,0,0
Business Analyst,10,4,0,43,0,0,0,-0.8854560256532101,0.464723172043768,1027.0,1214.0,1218.0,1168.0,1120.5,1156.75,-189.0,21.0,132.22896808188437,89.42548108154992,1021.8331829342512,1103.47941680433,1045.6662431406262,904.3720930232558,241.05225903029861,1311.0,182.0,-187.0,-4.0,50.0,-0.1540362438220758,-0.003284072249589487,0.042808219178082085,0,0,0,0,0,0,1,0,0,0,0,0,0,0
Business Analyst,11,4,0,44,0,0,0,-0.822983865893657,0.5680647467311548,1127.0,1027.0,1214.0,1218.0,1077.0,1146.5,6.5,-189.0,70.71067811865476,90.05368769054736,1032.3498646408261,1115.239708402165,1118.8666243140626,909.4318181818181,240.5853711773106,1311.0,182.0,100.0,-187.0,-4.0,0.09737098344693274,-0.1540362438220758,-0.003284072249589487,0,0,0,0,0,0,1,0,0,0,0,0,0,0
Cloud Engineer,1,1,0,4,0,0,0,0.4647231720437685,0.8854560256532099,309.0,282.0,293.0,49.0,295.5,233.25,21.5,111.0,19.091883092036785,123.33254504252584,115.73400000000001,267.75,306.166,233.25,123.33254504252584,309.0,49.0,27.0,-11.0,244.0,0.0957446808510638,-0.03754266211604096,4.979591836734694,1,0,0,0,0,0,0,1,0,0,0,0,0,0
Cloud Engineer,2,1,0,5,0,0,0,0.5680647467311558,0.8229838658936564,287.0,309.0,282.0,293.0,298.0,292.75,-8.5,21.5,15.556349186104045,11.729592206608572,132.86060000000003,277.375,288.91659999999996,244.0,109.48059188732951,309.0,49.0,-22.0,27.0,-11.0,-0.07119741100323629,0.0957446808510638,-0.03754266211604096,1,0,0,0,0,0,0,1,0,0,0,0,0,0
Cloud Engineer,2,1,0,6,0,0,0,0.6631226582407952,0.7485107481711011,273.0,287.0,309.0,282.0,280.0,287.75,-25.0,-8.5,9.899494936611665,15.305227865013945,146.87454000000002,275.1875,274.59166,248.83333333333334,98.63552436453443,309.0,49.0,-14.0,-22.0,27.0,-0.04878048780487809,-0.07119741100323629,0.0957446808510638,1,0,0,0,0,0,0,1,0,0,0,0,0,0
Cloud Engineer,2,1,0,7,0,0,0,0.7485107481711011,0.6631226582407953,199.0,273.0,287.0,309.0,236.0,267.0,-81.0,-25.0,52.32590180780452,47.69346566005312,152.08708600000003,237.09375,206.559166,241.71428571428572,91.99042393226642,309.0,49.0,-74.0,-14.0,-22.0,-0.2710622710622711,-0.04878048780487809,-0.07119741100323629,1,0,0,0,0,0,0,1,0,0,0,0,0,0
Cloud Engineer,2,1,0,8,0,0,0,0.8229838658936564,0.5680647467311559,232.0,199.0,273.0,287.0,215.5,247.75,-4.0,-81.0,23.33452377915607,40.011456692635754,160.07837740000002,234.546875,229.4559166,240.5,85.23580736487956,309.0,49.0,33.0,-74.0,-14.0,0.16582914572864316,-0.2710622710622711,-0.04878048780487809,1,0,0,0,0,0,0,1,0,0,0,0,0,0
Cloud Engineer,3,1,0,9,0,0,0,0.8854560256532099,0.4647231720437686,162.0,232.0,199.0,273.0,197.0,216.5,-53.5,-4.0,49.49747468305833,47.28988616325199,160.27053966000003,198.2734375,168.74559166,231.77777777777777,83.91480467977296,309.0,49.0,-70.0,33.0,-74.0,-0.3017241379310345,0.16582914572864316,-0.2710622710622711,0,0,0,0,1,0,0,1,0,0,0,0,0,0
Cloud Engineer,3,1,0,10,0,0,0,0.9350162426854148,0.35460488704253557,282.0,162.0,232.0,199.0,222.0,218.75,85.0,-53.5,84.8528137423857,50.94686774801109,172.443485694,240.13671875,270.674559166,236.8,80.69393478515663,309.0,49.0,120.0,-70.0,33.0,0.7407407407407407,-0.3017241379310345,0.16582914572864316,0,0,0,0,1,0,0,1,0,0,0,0,0,0
Cloud Engineer,3,1,0,11,0,0,0,0.970941817426052,0.23931566428755804,210.0,282.0,162.0,232.0,246.0,221.5,-12.0,85.0,50.91168824543142,49.809637621649074,176.1991371246,225.068359375,216.0674559166,234.36363636363637,76.9782732039018,309.0,49.0,-72.0,120.0,-70.0,-0.25531914893617025,0.7407407407407407,-0.3017241379310345,0,0,0,0,1,0,0,1,0,0,0,0,1,0
Cloud Engineer,3,1,0,12,0,0,0,0.992708874098054,0.120536680255323,136.0,210.0,282.0,162.0,173.0,197.5,-110.0,-12.0,52.32590180780452,64.13267497929584,172.17922341214,180.5341796875,144.00674559166,226.16666666666666,78.69715639235274,309.0,49.0,-74.0,-72.0,120.0,-0.35238095238095235,-0.25531914893617025,0.7407407407407407,0,0,0,0,1,0,0,1,0,0,0,0,1,0
Cloud Engineer,4,2,0,13,0,0,0,1.0,-1.6081226496766366e-16,154.0,136.0,210.0,282.0,145.0,195.5,-19.0,-110.0,12.727922061357855,65.71402691460425,170.361301070926,167.26708984375,153.00067455916601,220.6153846153846,77.95996671533672,309.0,49.0,18.0,-74.0,-72.0,0.13235294117647056,-0.35238095238095235,-0.25531914893617025,0,0,0,0,1,0,0,0,1,0,0,0,0,0
Cloud Engineer,4,2,0,14,0,0,0,0.992708874098054,-0.12053668025532288,220.0,154.0,136.0,210.0,187.0,180.0,75.0,-19.0,46.66904755831214,41.279534881100574,175.32517096383341,193.633544921875,213.30006745591658,220.57142857142858,74.90169381438403,309.0,49.0,66.0,18.0,-74.0,0.4285714285714286,0.13235294117647056,-0.35238095238095235,0,0,0,0,1,0,0,0,1,0,0,0,0,0
Cloud Engineer,4,2,0,15,0,0,0,0.9709418174260521,-0.2393156642875575,217.0,220.0,154.0,136.0,218.5,181.75,30.0,75.0,2.1213203435596424,43.0842198490352,179.4926538674501,205.3167724609375,216.63000674559166,220.33333333333334,72.18296857556464,309.0,49.0,-3.0,66.0,18.0,-0.013636363636363669,0.4285714285714286,0.13235294117647056,0,0,0,0,1,0,0,0,1,0,0,0,0,0
Cloud Engineer,4,2,0,16,0,0,0,0.9350162426854148,-0.35460488704253545,261.0,217.0,220.0,154.0,239.0,213.0,42.5,30.0,31.11269837220809,44.158804331639224,187.64338848070508,233.15838623046875,256.56300067455913,222.875,70.47257149652859,309.0,49.0,44.0,-3.0,66.0,0.20276497695852536,-0.013636363636363669,0.4285714285714286,0,0,0,0,1,0,0,0,1,0,0,0,0,0
Cloud Engineer,4,2,0,17,1,0,0,0.8854560256532099,-0.4647231720437685,278.0,261.0,217.0,220.0,269.5,244.0,39.0,42.5,12.020815280171307,30.2765035409749,196.6790496326346,255.57919311523438,275.85630006745595,226.11764705882354,69.53226081552107,309.0,49.0,17.0,44.0,-3.0,0.06513409961685834,0.20276497695852536,-0.013636363636363669,0,0,0,0,1,0,0,0,1,0,0,0,0,0
Cloud Engineer,5,2,0,18,0,0,0,0.8229838658936565,-0.5680647467311557,228.0,278.0,261.0,217.0,253.0,246.0,-41.5,39.0,35.35533905932738,28.366647081857696,199.81114466937115,241.7895965576172,232.7856300067456,226.22222222222223,67.45766040793602,309.0,49.0,-50.0,17.0,44.0,-0.17985611510791366,0.06513409961685834,0.20276497695852536,0,0,1,0,0,0,0,0,1,0,0,1,0,0
Cloud Engineer,5,2,0,19,0,0,0,0.7485107481711013,-0.663122658240795,171.0,228.0,278.0,261.0,199.5,234.5,-82.0,-41.5,40.30508652763321,47.14870093650512,196.93003020243404,206.3947982788086,177.17856300067456,223.31578947368422,66.76996383236582,309.0,49.0,-57.0,-50.0,17.0,-0.25,-0.17985611510791366,0.06513409961685834,0,0,1,0,0,0,0,0,1,0,0,1,0,0
Cloud Engineer,5,2,0,20,0,0,0,0.6631226582407952,-0.7485107481711012,128.0,171.0,228.0,278.0,149.5,201.25,-71.5,-82.0,30.405591591021544,65.54069982334131,190.03702718219066,167.1973991394043,132.91785630006746,218.55,68.3947327919644,309.0,49.0,-43.0,-57.0,-50.0,-0.2514619883040936,-0.25,-0.17985611510791366,0,0,1,0,0,0,0,0,1,0,0,0,0,0
Cloud Engineer,5,2,0,21,0,0,0,0.5680647467311558,-0.8229838658936564,52.0,128.0,171.0,228.0,90.0,144.75,-97.5,-71.5,53.74011537017761,74.16816477887708,176.23332446397157,109.59869956970215,60.091785630006754,210.61904761904762,75.92659362204799,309.0,49.0,-76.0,-43.0,-57.0,-0.59375,-0.2514619883040936,-0.25,0,0,1,0,0,0,0,0,1,0,0,0,0,0
Cloud Engineer,6,2,0,22,0,0,0,0.46472317204376906,-0.8854560256532096,88.0,52.0,128.0,171.0,70.0,109.75,-2.0,-97.5,25.45584412271571,51.29246208427379,167.40999201757444,98.79934978485107,85.20917856300068,205.04545454545453,78.5732762474605,309.0,49.0,36.0,-76.0,-43.0,0.6923076923076923,-0.59375,-0.2514619883040936,0,0,0,0,0,1,0,0,1,0,0,0,0,1
Cloud Engineer,6,2,0,23,0,0,0,0.35460488704253584,-0.9350162426854147,112.0,88.0,52.0,128.0,100.0,95.0,42.0,-2.0,16.97056274847714,33.04542328371657,161.868992815817,105.39967489242554,109.32091785630006,201.0,79.18046131808941,309.0,49.0,24.0,36.0,-76.0,0.2727272727272727,0.6923076923076923,-0.59375,0,0,0,0,0,1,0,0,1,0,0,0,0,1
Cloud Engineer,6,2,0,24,0,0,0,0.23931566428755768,-0.970941817426052,141.0,112.0,88.0,52.0,126.5,98.25,41.0,42.0,20.506096654409877,37.68620437242251,159.7820935342353,123.19983744621277,137.83209178563,198.5,78.40252879683875,309.0,49.0,29.0,24.0,36.0,0.2589285714285714,0.2727272727272727,0.6923076923076923,0,0,0,0,0,1,0,0,1,0,0,0,0,1
Cloud Engineer,6,2,0,25,0,0,0,0.12053668025532308,-0.992708874098054,166.0,141.0,112.0,88.0,153.5,126.75,39.5,41.0,17.67766952966369,33.97425495871833,160.40388418081176,144.59991872310638,163.183209178563,197.2,77.02651058780563,309.0,49.0,25.0,29.0,24.0,0.17730496453900702,0.2589285714285714,0.2727272727272727,0,0,0,0,0,1,0,0,1,0,0,0,0,1
Cloud Engineer,7,3,0,26,0,0,0,-3.216245299353273e-16,-1.0,161.0,166.0,141.0,112.0,163.5,145.0,7.5,39.5,3.5355339059327378,24.50850192620235,160.4634957627306,152.7999593615532,161.2183209178563,195.80769230769232,75.80344014925403,309.0,49.0,-5.0,25.0,29.0,-0.030120481927710885,0.17730496453900702,0.2589285714285714,0,0,0,0,0,1,0,0,0,1,0,0,0,1
Cloud Engineer,7,3,0,27,0,0,0,-0.12053668025532283,-0.992708874098054,231.0,161.0,166.0,141.0,196.0,174.75,67.5,7.5,49.49747468305833,39.02456491322695,167.51714618645752,191.8999796807766,224.02183209178563,197.11111111111111,74.63930359418984,309.0,49.0,70.0,-5.0,25.0,0.4347826086956521,-0.030120481927710885,0.17730496453900702,0,0,0,0,0,1,0,0,0,1,0,0,0,1
Cloud Engineer,7,3,0,28,0,0,0,-0.23931566428755743,-0.9709418174260521,231.0,231.0,161.0,166.0,231.0,197.25,35.0,67.5,0.0,39.02456491322695,173.86543156781178,211.4499898403883,230.30218320917857,198.32142857142858,73.52351781544237,309.0,49.0,0.0,70.0,-5.0,0.0,0.4347826086956521,-0.030120481927710885,0,0,0,0,0,1,0,0,0,1,0,0,0,1
Cloud Engineer,7,3,0,29,0,0,0,-0.3546048870425356,-0.9350162426854148,219.0,231.0,231.0,161.0,225.0,210.5,-12.0,35.0,8.48528137423857,33.48133808556638,178.3788884110306,215.22499492019415,220.13021832091786,199.0344827586207,72.30070280167243,309.0,49.0,-12.0,0.0,70.0,-0.051948051948051965,0.0,0.4347826086956521,0,0,0,0,0,1,0,0,0,1,0,0,0,1
Cloud Engineer,7,3,0,30,0,0,0,-0.46472317204376806,-0.8854560256532101,218.0,219.0,231.0,231.0,218.5,224.75,-7.0,-12.0,0.7071067811865476,7.228416147400323,182.34099956992756,216.61249746009707,218.21302183209178,199.66666666666666,71.12753641721052,309.0,49.0,-1.0,-12.0,0.0,-0.004566210045662156,-0.051948051948051965,0.0,0,0,0,0,0,1,0,0,0,1,0,0,0,1
Cloud Engineer,8,3,0,31,0,0,0,-0.5680647467311556,-0.8229838658936566,290.0,218.0,219.0,231.0,254.0,239.5,71.5,-7.0,50.91168824543142,34.18089134784714,193.1068996129348,253.30624873004854,282.8213021832092,202.58064516129033,71.78940227895683,309.0,49.0,72.0,-1.0,-12.0,0.3302752293577982,-0.004566210045662156,-0.051948051948051965,0,1,0,0,0,0,0,0,0,1,0,0,0,0
Cloud Engineer,8,3,0,32,0,0,0,-0.663122658240795,-0.7485107481711013,312.0,290.0,218.0,219.0,301.0,259.75,58.0,71.5,15.556349186104045,48.47250079512435,204.99620965164132,282.65312436502427,309.0821302183209,206.0,73.22303533196235,312.0,49.0,22.0,72.0,-1.0,0.07586206896551717,0.3302752293577982,-0.004566210045662156,0,1,0,0,0,0,0,0,0,1,0,0,0,0
Cloud Engineer,8,3,0,33,0,0,0,-0.7485107481711011,-0.6631226582407952,283.0,312.0,290.0,218.0,297.5,275.75,-18.0,58.0,20.506096654409877,40.43410276816668,212.7965886864772,282.82656218251213,285.6082130218321,208.33333333333334,73.30572396932362,312.0,49.0,-29.0,22.0,72.0,-0.09294871794871795,0.07586206896551717,0.3302752293577982,0,1,0,0,0,0,0,0,0,1,0,0,0,0
Cloud Engineer,8,3,0,34,0,0,0,-0.8229838658936564,-0.5680647467311559,310.0,283.0,312.0,290.0,296.5,298.75,12.5,-18.0,19.091883092036785,14.45394986384914,222.5169298178295,296.41328109125607,307.56082130218323,211.3235294117647,74.26231989954762,312.0,49.0,27.0,-29.0,22.0,0.09540636042402828,-0.09294871794871795,0.07586206896551717,0,1,0,0,0,0,0,0,0,1,0,0,0,0
Cloud Engineer,9,3,0,35,0,0,0,-0.8854560256532096,-0.4647231720437691,298.0,310.0,283.0,312.0,304.0,300.75,1.5,12.5,8.48528137423857,13.351029922818608,230.06523683604655,297.20664054562803,298.95608213021836,213.8,74.61461771309017,312.0,49.0,-12.0,27.0,-29.0,-0.03870967741935483,0.09540636042402828,-0.09294871794871795,0,0,0,0,0,0,1,0,0,1,0,0,0,0
Cloud Engineer,9,3,0,36,0,0,0,-0.9350162426854147,-0.3546048870425359,327.0,298.0,310.0,283.0,312.5,304.5,23.0,1.5,20.506096654409877,18.6279360101971,239.75871315244189,312.103320272814,324.19560821302184,216.94444444444446,75.92249598653483,327.0,49.0,29.0,-12.0,27.0,0.09731543624161065,-0.03870967741935483,0.09540636042402828,0,0,0,0,0,0,1,0,0,1,0,0,0,0
Cloud Engineer,9,3,0,37,0,0,0,-0.970941817426052,-0.23931566428755774,261.0,327.0,298.0,310.0,294.0,299.0,-51.5,23.0,46.66904755831214,27.988092706244405,241.8828418371977,286.551660136407,267.31956082130216,218.13513513513513,75.21013604936881,327.0,49.0,-66.0,29.0,-12.0,-0.2018348623853211,0.09731543624161065,-0.03870967741935483,0,0,0,0,0,0,1,0,0,1,0,0,0,0
Cloud Engineer,9,3,0,38,0,0,0,-0.992708874098054,-0.12053668025532357,190.0,261.0,327.0,298.0,225.5,269.0,-104.0,-51.5,50.204581464244875,59.18896293510582,236.69455765347794,238.2758300682035,197.7319560821302,217.39473684210526,74.32708555584682,327.0,49.0,-71.0,-66.0,29.0,-0.27203065134099613,-0.2018348623853211,0.09731543624161065,0,0,0,0,0,0,1,0,0,1,0,0,0,0
Cloud Engineer,10,4,1,39,0,1,0,-1.0,-1.8369701987210297e-16,202.0,190.0,261.0,327.0,196.0,245.0,-23.5,-104.0,8.48528137423857,62.85963198534756,233.22510188813015,220.13791503410175,201.573195608213,217.0,73.38399366562022,327.0,49.0,12.0,-71.0,-66.0,0.06315789473684208,-0.27203065134099613,-0.2018348623853211,0,0,0,0,0,0,1,0,0,0,0,0,0,0
Cloud Engineer,10,4,0,40,0,0,0,-0.992708874098054,0.1205366802553232,310.0,202.0,190.0,261.0,256.0,240.75,114.0,-23.5,76.36753236814714,55.625983137379215,240.90259169931716,265.0689575170509,299.1573195608213,219.325,73.91449928889598,327.0,49.0,108.0,12.0,-71.0,0.5346534653465347,0.06315789473684208,-0.27203065134099613,0,0,0,0,0,0,1,0,0,0,0,0,0,0
Cloud Engineer,10,4,0,41,0,0,0,-0.9709418174260521,0.23931566428755738,249.0,310.0,202.0,190.0,279.5,237.75,-7.0,114.0,43.1335136523794,54.48164828637251,241.71233252938546,257.03447875852544,254.0157319560821,220.0487804878049,73.13171378393652,327.0,49.0,-61.0,108.0,12.0,-0.1967741935483871,0.5346534653465347,0.06315789473684208,0,0,0,0,0,0,1,0,0,0,0,0,0,0
Cloud Engineer,10,4,0,42,0,0,0,-0.9350162426854148,0.35460488704253557,302.0,249.0,310.0,202.0,275.5,265.75,22.5,-7.0,37.476659402887016,50.3876638341833,247.7410992764469,279.5172393792627,297.2015731956082,222.0,73.33285291786466,327.0,49.0,53.0,-61.0,108.0,0.21285140562248994,-0.1967741935483871,0.5346534653465347,0,0,0,0,0,0,1,0,0,0,0,0,0,0
Cloud Engineer,10,4,0,43,0,0,0,-0.8854560256532101,0.464723172043768,256.0,302.0,249.0,310.0,279.0,279.25,-19.5,22.5,32.526911934581186,31.19161212035479,248.56698934880222,267.75861968963136,260.1201573195608,222.7906976744186,72.63986775591555,327.0,49.0,-46.0,53.0,-61.0,-0.152317880794702,0.21285140562248994,-0.1967741935483871,0,0,0,0,0,0,1,0,0,0,0,0,0,0
Cloud Engineer,11,4,0,44,0,0,0,-0.822983865893657,0.5680647467311548,279.0,256.0,302.0,249.0,267.5,271.5,0.0,-19.5,16.263455967290593,24.034697141147085,251.610290413922,273.3793098448157,277.1120157319561,224.0681818181818,72.28863261896481,327.0,49.0,23.0,-46.0,53.0,0.08984375,-0.152317880794702,0.21285140562248994,0,0,0,0,0,0,1,0,0,0,0,0,0,0
Data Analyst,1,1,0,4,0,0,0,0.4647231720437685,0.8854560256532099,6203.0,6273.0,5931.0,998.0,6238.0,4851.25,101.0,2808.5,49.49747468305833,2573.06540595713,2392.8230000000003,5535.875,6201.647000000001,4851.25,2573.06540595713,6273.0,998.0,-70.0,342.0,4933.0,-0.01115893511876298,0.05766312594840661,4.942885771543086,1,0,0,0,0,0,0,1,0,0,0,0,0,0
Data Analyst,2,1,0,5,0,0,0,0.5680647467311558,0.8229838658936564,6114.0,6203.0,6273.0,5931.0,6158.5,6130.25,-124.0,101.0,62.932503525602726,147.91298117473644,2764.9407000000006,5824.9375,6122.7647,5103.8,2298.7837436348814,6273.0,998.0,-89.0,-70.0,342.0,-0.014347896179268127,-0.01115893511876298,0.05766312594840661,1,0,0,0,0,0,0,1,0,0,0,0,0,0
Data Analyst,2,1,0,6,0,0,0,0.6631226582407952,0.7485107481711011,5408.0,6114.0,6203.0,6273.0,5761.0,5999.5,-750.5,-124.0,499.21738751770255,399.66527661698524,3029.2466300000006,5616.46875,5479.4764700000005,5154.5,2059.8418143148756,6273.0,998.0,-706.0,-89.0,-70.0,-0.11547268563951585,-0.014347896179268127,-0.01115893511876298,1,0,0,0,0,0,0,1,0,0,0,0,0,0
Data Analyst,2,1,0,7,0,0,0,0.7485107481711011,0.6631226582407953,5100.0,5408.0,6114.0,6203.0,5254.0,5706.25,-661.0,-750.5,217.78888860545663,538.3656595041433,3236.3219670000008,5358.234375,5137.947647000001,5146.714285714285,1880.4825368581785,6273.0,998.0,-308.0,-706.0,-89.0,-0.05695266272189348,-0.11547268563951585,-0.014347896179268127,1,0,0,0,0,0,0,1,0,0,0,0,0,0
Data Analyst,2,1,0,8,0,0,0,0.8229838658936564,0.5680647467311559,4718.0,5100.0,5408.0,6114.0,4909.0,5335.0,-536.0,-661.0,270.1147904132612,591.0679599955756,3384.489770300001,5038.1171875,4759.994764700001,5093.125,1747.5741911493853,6273.0,998.0,-382.0,-308.0,-706.0,-0.07490196078431377,-0.05695266272189348,-0.11547268563951585,1,0,0,0,0,0,0,1,0,0,0,0,0,0
Data Analyst,3,1,0,9,0,0,0,0.8854560256532099,0.4647231720437686,4463.0,4718.0,5100.0,5408.0,4590.5,4922.25,-446.0,-536.0,180.31222920256963,416.40395050959575,3492.340793270001,4750.55859375,4492.69947647,5023.111111111111,1648.1447482278704,6273.0,998.0,-255.0,-382.0,-308.0,-0.05404832556167871,-0.07490196078431377,-0.05695266272189348,0,0,0,0,1,0,0,1,0,0,0,0,0,0
Data Analyst,3,1,0,10,0,0,0,0.9350162426854148,0.35460488704253557,4466.0,4463.0,4718.0,5100.0,4464.5,4686.75,-124.5,-446.0,2.1213203435596424,300.3035963820576,3589.706713943001,4608.279296875,4468.669947647,4967.4,1563.8408699949832,6273.0,998.0,3.0,-255.0,-382.0,0.0006721935917544108,-0.05404832556167871,-0.07490196078431377,0,0,0,0,1,0,0,1,0,0,0,0,0,0
Data Analyst,3,1,0,11,0,0,0,0.970941817426052,0.23931566428755804,4225.0,4466.0,4463.0,4718.0,4345.5,4468.0,-239.5,-124.5,170.41273426595797,201.31070513014893,3653.236042548701,4416.6396484375,4249.3669947647,4899.909090909091,1500.381181869824,6273.0,998.0,-241.0,3.0,-255.0,-0.053963278101209156,0.0006721935917544108,-0.05404832556167871,0,0,0,0,1,0,0,1,0,0,0,0,1,0
Data Analyst,3,1,0,12,0,0,0,0.992708874098054,0.120536680255323,4050.0,4225.0,4466.0,4463.0,4137.5,4301.0,-295.5,-239.5,123.74368670764582,201.86298983881244,3692.9124382938307,4233.31982421875,4069.93669947647,4829.083333333333,1451.4440119057192,6273.0,998.0,-175.0,-241.0,3.0,-0.041420118343195256,-0.053963278101209156,0.0006721935917544108,0,0,0,0,1,0,0,1,0,0,0,0,1,0
Data Analyst,4,2,0,13,0,0,0,1.0,-1.6081226496766366e-16,4162.0,4050.0,4225.0,4466.0,4106.0,4225.75,24.5,-295.5,79.19595949289332,175.75811977449146,3739.821194464448,4197.659912109375,4152.793669947647,4777.7692307692305,1401.9140578655401,6273.0,998.0,112.0,-175.0,-241.0,0.0276543209876543,-0.041420118343195256,-0.053963278101209156,0,0,0,0,1,0,0,0,1,0,0,0,0,0
Data Analyst,4,2,0,14,0,0,0,0.992708874098054,-0.12053668025532288,4085.0,4162.0,4050.0,4225.0,4123.5,4130.5,-21.0,24.5,54.44722215136416,78.47080136372075,3774.3390750180033,4141.3299560546875,4091.7793669947646,4728.285714285715,1359.5815209423492,6273.0,998.0,-77.0,112.0,-175.0,-0.01850072080730414,0.0276543209876543,-0.041420118343195256,0,0,0,0,1,0,0,0,1,0,0,0,0,0
Data Analyst,4,2,0,15,0,0,0,0.9709418174260521,-0.2393156642875575,3714.0,4085.0,4162.0,4050.0,3899.5,4002.75,-409.5,-21.0,262.33661582020915,198.10329797018656,3768.3051675162033,3927.6649780273438,3751.7779366994764,4660.666666666667,1336.0441431258744,6273.0,998.0,-371.0,-77.0,112.0,-0.09082007343941245,-0.01850072080730414,0.0276543209876543,0,0,0,0,1,0,0,0,1,0,0,0,0,0
Data Analyst,4,2,0,16,0,0,0,0.9350162426854148,-0.35460488704253545,4099.0,3714.0,4085.0,4162.0,3906.5,4015.0,199.5,-409.5,272.2361107568208,203.44204744020965,3801.3746507645833,4013.332489013672,4064.2777936699476,4625.5625,1298.3566006687067,6273.0,998.0,385.0,-371.0,-77.0,0.1036618201400108,-0.09082007343941245,-0.01850072080730414,0,0,0,0,1,0,0,0,1,0,0,0,0,0
Data Analyst,4,2,0,17,1,0,0,0.8854560256532099,-0.4647231720437685,4449.0,4099.0,3714.0,4085.0,4274.0,4086.75,542.5,199.5,247.48737341529164,300.17814155375225,3866.137185688125,4231.166244506836,4410.527779366995,4615.176470588235,1257.8575155444928,6273.0,998.0,350.0,385.0,-371.0,0.08538667967797031,0.1036618201400108,-0.09082007343941245,0,0,0,0,1,0,0,0,1,0,0,0,0,0
Data Analyst,5,2,0,18,0,0,0,0.8229838658936565,-0.5680647467311557,4656.0,4449.0,4099.0,3714.0,4552.5,4229.5,382.0,542.5,146.37110370561533,413.4622110906846,3945.1234671193124,4443.583122253418,4631.4527779367,4617.444444444444,1220.3389703743703,6273.0,998.0,207.0,350.0,385.0,0.04652730950775452,0.08538667967797031,0.1036618201400108,0,0,1,0,0,0,0,0,1,0,0,1,0,0
Data Analyst,5,2,0,19,0,0,0,0.7485107481711013,-0.663122658240795,4355.0,4656.0,4449.0,4099.0,4505.5,4389.75,-197.5,382.0,212.83914113715082,231.04310564625064,3986.1111204073813,4399.291561126709,4382.64527779367,4603.631578947368,1187.4836705556236,6273.0,998.0,-301.0,207.0,350.0,-0.06464776632302405,0.04652730950775452,0.08538667967797031,0,0,1,0,0,0,0,0,1,0,0,1,0,0
Data Analyst,5,2,0,20,0,0,0,0.6631226582407952,-0.7485107481711012,4139.0,4355.0,4656.0,4449.0,4247.0,4399.75,-366.5,-197.5,152.73506473629428,214.54040023578588,4001.4000083666433,4269.1457805633545,4163.364527779367,4580.4,1160.4718368881365,6273.0,998.0,-216.0,-301.0,207.0,-0.04959816303099884,-0.06464776632302405,0.04652730950775452,0,0,1,0,0,0,0,0,1,0,0,0,0,0
Data Analyst,5,2,0,21,0,0,0,0.5680647467311558,-0.8229838658936564,1992.0,4139.0,4355.0,4656.0,3065.5,3785.5,-2255.0,-366.5,1518.1582592075176,1214.3180527906727,3800.460007529979,3130.5728902816772,2209.136452777937,4457.142857142857,1264.2780266110092,6273.0,998.0,-2147.0,-216.0,-301.0,-0.5187243295482,-0.04959816303099884,-0.06464776632302405,0,0,1,0,0,0,0,0,1,0,0,0,0,0
Data Analyst,6,2,0,22,0,0,0,0.46472317204376906,-0.8854560256532096,3034.0,1992.0,4139.0,4355.0,2513.0,3380.0,-31.5,-2255.0,736.8052659963826,1091.324272004735,3723.8140067769814,3082.2864451408386,2951.513645277794,4392.454545454545,1270.5689287076877,6273.0,998.0,1042.0,-2147.0,-216.0,0.5230923694779117,-0.5187243295482,-0.04959816303099884,0,0,0,0,0,1,0,0,1,0,0,0,0,1
Data Analyst,6,2,0,23,0,0,0,0.35460488704253584,-0.9350162426854147,3944.0,3034.0,1992.0,4139.0,3489.0,3277.25,1431.0,-31.5,643.4671708797582,982.888048898075,3745.8326060992836,3513.1432225704193,3844.751364527779,4372.95652173913,1244.8735050109547,6273.0,998.0,910.0,1042.0,-2147.0,0.2999340804218853,0.5230923694779117,-0.5187243295482,0,0,0,0,0,1,0,0,1,0,0,0,0,1
Data Analyst,6,2,0,24,0,0,0,0.23931566428755768,-0.970941817426052,4154.0,3944.0,3034.0,1992.0,4049.0,3281.0,665.0,1431.0,148.49242404917499,987.2905685089191,3786.6493454893553,3833.5716112852097,4123.075136452778,4363.833333333333,1218.3303852142205,6273.0,998.0,210.0,910.0,1042.0,0.05324543610547661,0.2999340804218853,0.5230923694779117,0,0,0,0,0,1,0,0,1,0,0,0,0,1
Data Analyst,6,2,0,25,0,0,0,0.12053668025532308,-0.992708874098054,4234.0,4154.0,3944.0,3034.0,4194.0,3841.5,185.0,665.0,56.568542494923804,552.0492127820955,3831.38441094042,4033.785805642605,4222.9075136452775,4358.64,1192.9610876582126,6273.0,998.0,80.0,210.0,910.0,0.019258545979778496,0.05324543610547661,0.2999340804218853,0,0,0,0,0,1,0,0,1,0,0,0,0,1
Data Analyst,7,3,0,26,0,0,0,-3.216245299353273e-16,-1.0,4342.0,4234.0,4154.0,3944.0,4288.0,4168.5,148.0,185.0,76.36753236814714,168.32805272244826,3882.445969846378,4187.892902821302,4330.090751364528,4358.0,1168.862934650594,6273.0,998.0,108.0,80.0,210.0,0.025507794048181376,0.019258545979778496,0.05324543610547661,0,0,0,0,0,1,0,0,0,1,0,0,0,1
Data Analyst,7,3,0,27,0,0,0,-0.12053668025532283,-0.992708874098054,4387.0,4342.0,4234.0,4154.0,4364.5,4279.25,99.0,148.0,31.81980515339464,105.32924570126771,3932.90137286174,4287.446451410651,4381.3090751364525,4359.074074074074,1146.177994162335,6273.0,998.0,45.0,108.0,80.0,0.01036388760939655,0.025507794048181376,0.019258545979778496,0,0,0,0,0,1,0,0,0,1,0,0,0,1
Data Analyst,7,3,0,28,0,0,0,-0.23931566428755743,-0.9709418174260521,4012.0,4387.0,4342.0,4234.0,4199.5,4243.75,-352.5,99.0,265.1650429449553,167.3088461498615,3940.8112355755666,4149.723225705326,4048.9309075136453,4346.678571428572,1126.6630852530657,6273.0,998.0,-375.0,45.0,108.0,-0.08547982676088439,0.01036388760939655,0.025507794048181376,0,0,0,0,0,1,0,0,0,1,0,0,0,1
Data Analyst,7,3,0,29,0,0,0,-0.3546048870425356,-0.9350162426854148,4335.0,4012.0,4387.0,4342.0,4173.5,4269.0,135.5,-352.5,228.39549032325485,172.8756778728518,3980.23011201801,4242.361612852663,4306.393090751364,4346.275862068966,1106.363312083839,6273.0,998.0,323.0,-375.0,45.0,0.0805084745762712,-0.08547982676088439,0.01036388760939655,0,0,0,0,0,1,0,0,0,1,0,0,0,1
Data Analyst,7,3,0,30,0,0,0,-0.46472317204376806,-0.8854560256532101,4300.0,4335.0,4012.0,4387.0,4317.5,4258.5,126.5,135.5,24.748737341529164,168.17550356695241,4012.2071008162093,4271.180806426331,4300.639309075136,4344.733333333334,1087.1535733069281,6273.0,998.0,-35.0,323.0,-375.0,-0.008073817762399127,0.0805084745762712,-0.08547982676088439,0,0,0,0,0,1,0,0,0,1,0,0,0,1
Data Analyst,8,3,0,31,0,0,0,-0.5680647467311556,-0.8229838658936566,4427.0,4300.0,4335.0,4012.0,4363.5,4268.5,109.5,126.5,89.80256121069154,179.19170367699695,4053.6863907345887,4349.090403213166,4414.363930907513,4347.387096774193,1068.9829021837954,6273.0,998.0,127.0,-35.0,323.0,0.02953488372093016,-0.008073817762399127,0.0805084745762712,0,1,0,0,0,0,0,0,0,1,0,0,0,0
Data Analyst,8,3,0,32,0,0,0,-0.663122658240795,-0.7485107481711013,4389.0,4427.0,4300.0,4335.0,4408.0,4362.75,25.5,109.5,26.870057685088806,56.346398879295585,4087.21775166113,4369.045201606583,4391.5363930907515,4348.6875,1051.6256367351973,6273.0,998.0,-38.0,127.0,-35.0,-0.008583690987124415,0.02953488372093016,-0.008073817762399127,0,1,0,0,0,0,0,0,0,1,0,0,0,0
Data Analyst,8,3,0,33,0,0,0,-0.7485107481711011,-0.6631226582407952,4146.0,4389.0,4427.0,4300.0,4267.5,4315.5,-262.0,25.5,171.82694782833104,124.90663179617279,4093.095976495017,4257.522600803291,4170.553639309075,4342.545454545455,1035.66476510588,6273.0,998.0,-243.0,-38.0,127.0,-0.055365686944634285,-0.008583690987124415,0.02953488372093016,0,1,0,0,0,0,0,0,0,1,0,0,0,0
Data Analyst,8,3,0,34,0,0,0,-0.8229838658936564,-0.5680647467311559,4792.0,4146.0,4389.0,4427.0,4469.0,4438.5,524.5,-262.0,456.7909806465097,266.52141877654907,4162.986378845516,4524.761300401646,4729.8553639309075,4355.764705882353,1022.7609116274149,6273.0,998.0,646.0,-243.0,-38.0,0.15581283164495896,-0.055365686944634285,-0.008583690987124415,0,1,0,0,0,0,0,0,0,1,0,0,0,0
Data Analyst,9,3,0,35,0,0,0,-0.8854560256532096,-0.4647231720437691,5441.0,4792.0,4146.0,4389.0,5116.5,4692.0,972.0,524.5,458.91230099006935,565.9581845566549,4290.787740960965,4982.880650200823,5369.885536393091,4386.771428571428,1024.169709216842,6273.0,998.0,649.0,646.0,-243.0,0.13543405676126885,0.15581283164495896,-0.055365686944634285,0,0,0,0,0,0,1,0,0,1,0,0,0,0
Data Analyst,9,3,0,36,0,0,0,-0.9350162426854147,-0.3546048870425359,5569.0,5441.0,4792.0,4146.0,5505.0,4987.0,452.5,972.0,90.50966799187809,655.780959365751,4418.608966864868,5275.940325100411,5549.088553639309,4419.611111111111,1028.4835238010178,6273.0,998.0,128.0,649.0,646.0,0.0235250873001287,0.13543405676126885,0.15581283164495896,0,0,0,0,0,0,1,0,0,1,0,0,0,0
Data Analyst,9,3,0,37,0,0,0,-0.970941817426052,-0.23931566428755774,4133.0,5569.0,5441.0,4792.0,4851.0,4983.75,-1372.0,452.5,1015.4053377838823,661.3467950578814,4390.048070178382,4704.470162550206,4274.608855363931,4411.864864864865,1015.1924875543486,6273.0,998.0,-1436.0,128.0,649.0,-0.2578559885078111,0.0235250873001287,0.13543405676126885,0,0,0,0,0,0,1,0,0,1,0,0,0,0
Data Analyst,9,3,0,38,0,0,0,-0.992708874098054,-0.12053668025532357,3403.0,4133.0,5569.0,5441.0,3768.0,4636.5,-1448.0,-1372.0,516.1879502661797,1047.506722333242,4291.343263160544,4053.735081275103,3490.1608855363934,4385.315789473684,1014.6653317324042,6273.0,998.0,-730.0,-1436.0,128.0,-0.17662714735059282,-0.2578559885078111,0.0235250873001287,0,0,0,0,0,0,1,0,0,1,0,0,0,0
Data Analyst,10,4,1,39,0,1,0,-1.0,-1.8369701987210297e-16,3668.0,3403.0,4133.0,5569.0,3535.5,4193.25,-100.0,-1448.0,187.3832970144351,965.5224406161316,4229.00893684449,3860.8675406375514,3650.2160885536396,4366.923076923077,1007.7925429951339,6273.0,998.0,265.0,-730.0,-1436.0,0.07787246547164273,-0.17662714735059282,-0.2578559885078111,0,0,0,0,0,0,1,0,0,0,0,0,0,0
Data Analyst,10,4,0,40,0,0,0,-0.992708874098054,0.1205366802553232,4124.0,3668.0,3403.0,4133.0,3896.0,3832.0,588.5,-100.0,322.44069222106566,359.0738085686534,4218.508043160041,3992.4337703187757,4076.621608855364,4360.85,995.5294571231932,6273.0,998.0,456.0,265.0,-730.0,0.12431842966194107,0.07787246547164273,-0.17662714735059282,0,0,0,0,0,0,1,0,0,0,0,0,0,0
Data Analyst,10,4,0,41,0,0,0,-0.9709418174260521,0.23931566428755738,4355.0,4124.0,3668.0,3403.0,4239.5,3887.5,459.0,588.5,163.3416664540925,431.04872114413934,4232.157238844036,4173.716885159388,4327.162160885537,4360.707317073171,983.0070000743239,6273.0,998.0,231.0,456.0,265.0,0.056013579049466466,0.12431842966194107,0.07787246547164273,0,0,0,0,0,0,1,0,0,0,0,0,0,0
Data Analyst,10,4,0,42,0,0,0,-0.9350162426854148,0.35460488704253557,4338.0,4355.0,4124.0,3668.0,4346.5,4121.25,98.5,459.0,12.020815280171307,319.9285076388129,4242.741514959633,4255.858442579694,4336.9162160885535,4360.166666666667,970.9514297130358,6273.0,998.0,-17.0,231.0,456.0,-0.003903559127439671,0.056013579049466466,0.12431842966194107,0,0,0,0,0,0,1,0,0,0,0,0,0,0
Data Analyst,10,4,0,43,0,0,0,-0.8854560256532101,0.464723172043768,4226.0,4338.0,4355.0,4124.0,4282.0,4260.75,-120.5,98.5,79.19595949289332,107.63944444300158,4241.06736346367,4240.929221289847,4237.091621608855,4357.046511627907,959.5410101533507,6273.0,998.0,-112.0,-17.0,231.0,-0.02581834946980177,-0.003903559127439671,0.056013579049466466,0,0,0,0,0,0,1,0,0,0,0,0,0,0
Data Analyst,11,4,0,44,0,0,0,-0.822983865893657,0.5680647467311548,4168.0,4226.0,4338.0,4355.0,4197.0,4271.75,-114.0,-120.5,41.012193308819754,89.77146911276819,4233.760627117303,4204.464610644924,4174.909162160886,4352.75,948.7460788287997,6273.0,998.0,-58.0,-112.0,-17.0,-0.013724562233790816,-0.02581834946980177,-0.003903559127439671,0,0,0,0,0,0,1,0,0,0,0,0,0,0
Data Engineer,1,1,0,4,0,0,0,0.4647231720437685,0.8854560256532099,5776.0,6059.0,5764.0,1145.0,5917.5,4686.0,-135.5,2604.5,200.11121907579295,2364.5996137471843,2424.4990000000003,5266.375,5796.731,4686.0,2364.5996137471843,6059.0,1145.0,-283.0,295.0,4619.0,-0.04670737745502562,0.05117973629424011,4.034061135371179,1,0,0,0,0,0,0,1,0,0,0,0,0,0
Data Engineer,2,1,0,5,0,0,0,0.5680647467311558,0.8229838658936564,5850.0,5776.0,6059.0,5764.0,5813.0,5862.25,-67.5,-135.5,52.32590180780452,136.56835895135842,2767.0491,5558.1875,5844.6731,4918.8,2112.9310684449692,6059.0,1145.0,74.0,-283.0,295.0,0.012811634349030543,-0.04670737745502562,0.05117973629424011,1,0,0,0,0,0,0,1,0,0,0,0,0,0
Data Engineer,2,1,0,6,0,0,0,0.6631226582407952,0.7485107481711011,5617.0,5850.0,5776.0,6059.0,5733.5,5825.5,-196.0,-67.5,164.75588001646557,183.52565669864003,3052.0441900000005,5587.59375,5639.76731,5035.166666666667,1911.237653110326,6059.0,1145.0,-233.0,74.0,-283.0,-0.03982905982905982,0.012811634349030543,-0.04670737745502562,1,0,0,0,0,0,0,1,0,0,0,0,0,0
Data Engineer,2,1,0,7,0,0,0,0.7485107481711011,0.6631226582407953,4988.0,5617.0,5850.0,5776.0,5302.5,5557.75,-745.5,-196.0,444.7701653663384,392.07514160766067,3245.6397710000006,5287.796875,5053.1767310000005,5028.428571428572,1744.8043688947726,6059.0,1145.0,-629.0,-233.0,74.0,-0.11198148477835146,-0.03982905982905982,0.012811634349030543,1,0,0,0,0,0,0,1,0,0,0,0,0,0
Data Engineer,2,1,0,8,0,0,0,0.8229838658936564,0.5680647467311559,4846.0,4988.0,5617.0,5850.0,4917.0,5325.25,-456.5,-745.5,100.40916292848975,484.38922022137024,3405.6757939000004,5066.8984375,4866.7176731,5005.625,1616.662075963045,6059.0,1145.0,-142.0,-629.0,-233.0,-0.02846832397754606,-0.11198148477835146,-0.03982905982905982,1,0,0,0,0,0,0,1,0,0,0,0,0,0
Data Engineer,3,1,0,9,0,0,0,0.8854560256532099,0.4647231720437686,4628.0,4846.0,4988.0,5617.0,4737.0,5019.75,-289.0,-456.5,154.14927829866735,424.8029935550522,3527.9082145100006,4847.44921875,4651.87176731,4963.666666666667,1517.478583044914,6059.0,1145.0,-218.0,-142.0,-629.0,-0.044985555096987206,-0.02846832397754606,-0.11198148477835146,0,0,0,0,1,0,0,1,0,0,0,0,0,0
Data Engineer,3,1,0,10,0,0,0,0.9350162426854148,0.35460488704253557,4667.0,4628.0,4846.0,4988.0,4647.5,4782.25,-70.0,-289.0,27.577164466275352,166.80602507104012,3641.817393059001,4757.224609375,4665.487176731,4934.0,1433.7650512626615,6059.0,1145.0,39.0,-218.0,-142.0,0.008426966292134797,-0.044985555096987206,-0.02846832397754606,0,0,0,0,1,0,0,1,0,0,0,0,0,0
Data Engineer,3,1,0,11,0,0,0,0.970941817426052,0.23931566428755804,4550.0,4667.0,4628.0,4846.0,4608.5,4672.75,-97.5,-70.0,82.73149339882606,125.32457859494481,3732.635653753101,4653.6123046875,4561.5487176731,4899.090909090909,1365.1077213572162,6059.0,1145.0,-117.0,39.0,-218.0,-0.02506963788300831,0.008426966292134797,-0.044985555096987206,0,0,0,0,1,0,0,1,0,0,0,0,1,0
Data Engineer,3,1,0,12,0,0,0,0.992708874098054,0.120536680255323,4452.0,4550.0,4667.0,4628.0,4501.0,4574.25,-156.5,-97.5,69.29646455628166,94.9118011629771,3804.5720883777913,4552.80615234375,4462.954871767311,4861.833333333333,1307.9624566014072,6059.0,1145.0,-98.0,-117.0,39.0,-0.021538461538461506,-0.02506963788300831,0.008426966292134797,0,0,0,0,1,0,0,1,0,0,0,0,1,0
Data Engineer,4,2,0,13,0,0,0,1.0,-1.6081226496766366e-16,4068.0,4452.0,4550.0,4667.0,4260.0,4434.25,-433.0,-156.5,271.5290039756342,259.5025690303158,3830.9148795400124,4310.403076171875,4107.495487176731,4800.7692307692305,1271.486017346511,6059.0,1145.0,-384.0,-98.0,-117.0,-0.08625336927223715,-0.021538461538461506,-0.02506963788300831,0,0,0,0,1,0,0,0,1,0,0,0,0,0
Data Engineer,4,2,0,14,0,0,0,0.992708874098054,-0.12053668025532288,4363.0,4068.0,4452.0,4550.0,4215.5,4358.25,103.0,-433.0,208.59650045003153,208.0262403320003,3884.1233915860116,4336.7015380859375,4337.449548717674,4769.5,1227.1942200997175,6059.0,1145.0,295.0,-384.0,-98.0,0.07251720747295964,-0.08625336927223715,-0.021538461538461506,0,0,0,0,1,0,0,0,1,0,0,0,0,0
Data Engineer,4,2,0,15,0,0,0,0.9709418174260521,-0.2393156642875575,3941.0,4363.0,4068.0,4452.0,4152.0,4206.0,-274.5,103.0,298.3990616607231,241.1320523420043,3889.8110524274102,4138.850769042969,3980.6449548717674,4714.266666666666,1201.7464949377793,6059.0,1145.0,-422.0,295.0,-384.0,-0.09672243868897545,0.07251720747295964,-0.08625336927223715,0,0,0,0,1,0,0,0,1,0,0,0,0,0
Data Engineer,4,2,0,16,0,0,0,0.9350162426854148,-0.35460488704253545,4285.0,3941.0,4363.0,4068.0,4113.0,4164.25,133.0,-274.5,243.24473272817235,194.23932832119016,3929.3299471846694,4211.925384521484,4254.564495487177,4687.4375,1165.9467665807047,6059.0,1145.0,344.0,-422.0,295.0,0.08728749048464857,-0.09672243868897545,0.07251720747295964,0,0,0,0,1,0,0,0,1,0,0,0,0,0
Data Engineer,4,2,0,17,1,0,0,0.8854560256532099,-0.4647231720437685,4327.0,4285.0,3941.0,4363.0,4306.0,4229.0,214.0,133.0,29.698484809834994,194.627850011247,3969.0969524662023,4269.462692260742,4319.756449548718,4666.235294117647,1132.3027162276308,6059.0,1145.0,42.0,344.0,-422.0,0.009801633605600824,0.08728749048464857,-0.09672243868897545,0,0,0,0,1,0,0,0,1,0,0,0,0,0
Data Engineer,5,2,0,18,0,0,0,0.8229838658936565,-0.5680647467311557,5050.0,4327.0,4285.0,3941.0,4688.5,4400.75,744.0,214.0,511.23820279787384,466.0946792230099,4077.187257219582,4659.731346130371,4976.975644954872,4687.555555555556,1102.2128662896198,6059.0,1145.0,723.0,42.0,344.0,0.16709036283799406,0.009801633605600824,0.08728749048464857,0,0,1,0,0,0,0,0,1,0,0,1,0,0
Data Engineer,5,2,0,19,0,0,0,0.7485107481711013,-0.663122658240795,4759.0,5050.0,4327.0,4285.0,4904.5,4605.25,70.5,744.0,205.76807332528534,365.7981000497412,4145.368531497624,4709.365673065186,4780.797564495487,4691.315789473684,1071.2837601386675,6059.0,1145.0,-291.0,723.0,42.0,-0.057623762376237675,0.16709036283799406,0.009801633605600824,0,0,1,0,0,0,0,0,1,0,0,1,0,0
Data Engineer,5,2,0,20,0,0,0,0.6631226582407952,-0.7485107481711012,4695.0,4759.0,5050.0,4327.0,4727.0,4707.75,-209.5,70.5,45.254833995939045,297.15021453803547,4200.331678347861,4702.182836532593,4703.579756449549,4691.5,1042.7113694594493,6059.0,1145.0,-64.0,-291.0,723.0,-0.013448203404076486,-0.057623762376237675,0.16709036283799406,0,0,1,0,0,0,0,0,1,0,0,0,0,0
Data Engineer,5,2,0,21,0,0,0,0.5680647467311558,-0.8229838658936564,2487.0,4695.0,4759.0,5050.0,3591.0,4247.75,-2240.0,-209.5,1561.291772859897,1183.9559043027464,4028.998510513075,3594.5914182662964,2708.657975644955,4586.523809523809,1124.4130299426283,6059.0,1145.0,-2208.0,-64.0,-291.0,-0.4702875399361023,-0.013448203404076486,-0.057623762376237675,0,0,1,0,0,0,0,0,1,0,0,0,0,0
Data Engineer,6,2,0,22,0,0,0,0.46472317204376906,-0.8854560256532096,2882.0,2487.0,4695.0,4759.0,2684.5,3705.75,-709.0,-2240.0,279.30717856868625,1190.4994400110684,3914.2986594617673,3238.295709133148,2864.6657975644953,4509.045454545455,1155.9253344346591,6059.0,1145.0,395.0,-2208.0,-64.0,0.15882589465219143,-0.4702875399361023,-0.013448203404076486,0,0,0,0,0,1,0,0,1,0,0,0,0,1
Data Engineer,6,2,0,23,0,0,0,0.35460488704253584,-0.9350162426854147,4215.0,2882.0,2487.0,4695.0,3548.5,3569.75,1530.5,-709.0,942.5733393216678,1053.2303879019066,3944.368793515591,3726.647854566574,4079.9665797564494,4496.260869565217,1131.0119048240629,6059.0,1145.0,1333.0,395.0,-2208.0,0.46252602359472594,0.15882589465219143,-0.4702875399361023,0,0,0,0,0,1,0,0,1,0,0,0,0,1
Data Engineer,6,2,0,24,0,0,0,0.23931566428755768,-0.970941817426052,4626.0,4215.0,2882.0,2487.0,4420.5,3552.5,1077.5,1530.5,290.62088706767105,1028.9426611818565,4012.5319141640316,4176.323927283287,4571.396657975645,4501.666666666667,1106.468438680969,6059.0,1145.0,411.0,1333.0,395.0,0.09750889679715313,0.46252602359472594,0.15882589465219143,0,0,0,0,0,1,0,0,1,0,0,0,0,1
Data Engineer,6,2,0,25,0,0,0,0.12053668025532308,-0.992708874098054,4489.0,4626.0,4215.0,2882.0,4557.5,4053.0,68.5,1077.5,96.87362902255701,799.1474624039466,4060.1787227476284,4332.6619636416435,4497.239665797564,4501.16,1083.174719670531,6059.0,1145.0,-137.0,411.0,1333.0,-0.029615218331171644,0.09750889679715313,0.46252602359472594,0,0,0,0,0,1,0,0,1,0,0,0,0,1
Data Engineer,7,3,0,26,0,0,0,-3.216245299353273e-16,-1.0,4628.0,4489.0,4626.0,4215.0,4558.5,4489.5,70.5,68.5,98.2878425849301,194.22066488061324,4116.960850472866,4480.330981820822,4614.923966579757,4506.038461538462,1061.5816306161003,6059.0,1145.0,139.0,-137.0,411.0,0.030964580084651416,-0.029615218331171644,0.09750889679715313,0,0,0,0,0,1,0,0,0,1,0,0,0,1
Data Engineer,7,3,0,27,0,0,0,-0.12053668025532283,-0.992708874098054,4378.0,4628.0,4489.0,4626.0,4503.0,4530.25,-180.5,70.5,176.7766952966369,120.56084217799526,4143.064765425579,4429.165490910411,4401.692396657976,4501.2962962962965,1041.2580340373338,6059.0,1145.0,-250.0,139.0,-137.0,-0.05401901469317205,0.030964580084651416,-0.029615218331171644,0,0,0,0,0,1,0,0,0,1,0,0,0,1
Data Engineer,7,3,0,28,0,0,0,-0.23931566428755743,-0.9709418174260521,3994.0,4378.0,4628.0,4489.0,4186.0,4372.25,-509.0,-180.5,271.5290039756342,272.11808098691415,4128.158288883021,4211.582745455205,4034.7692396657976,4483.178571428572,1026.2812066287509,6059.0,1145.0,-384.0,-250.0,139.0,-0.0877112836911832,-0.05401901469317205,0.030964580084651416,0,0,0,0,0,1,0,0,0,1,0,0,0,1
Data Engineer,7,3,0,29,0,0,0,-0.3546048870425356,-0.9350162426854148,4196.0,3994.0,4378.0,4628.0,4095.0,4299.0,10.0,-509.0,142.8355697996826,269.6392651920971,4134.942459994719,4203.791372727603,4179.87692396658,4473.275862068966,1009.1980867625161,6059.0,1145.0,202.0,-384.0,-250.0,0.050575863795693454,-0.0877112836911832,-0.05401901469317205,0,0,0,0,0,1,0,0,0,1,0,0,0,1
Data Engineer,7,3,0,30,0,0,0,-0.46472317204376806,-0.8854560256532101,4507.0,4196.0,3994.0,4378.0,4351.5,4268.75,412.0,10.0,219.9102089490163,223.21794282718568,4172.148213995247,4355.395686363801,4474.287692396658,4474.4,991.664591517195,6059.0,1145.0,311.0,202.0,-384.0,0.07411820781696865,0.050575863795693454,-0.0877112836911832,0,0,0,0,0,1,0,0,0,1,0,0,0,1
Data Engineer,8,3,0,31,0,0,0,-0.5680647467311556,-0.8229838658936566,4167.0,4507.0,4196.0,3994.0,4337.0,4216.0,-184.5,412.0,240.41630560342617,213.51502679358984,4171.633392595722,4261.197843181901,4197.728769239666,4464.4838709677415,976.5587154550323,6059.0,1145.0,-340.0,311.0,202.0,-0.07543820723319283,0.07411820781696865,0.050575863795693454,0,1,0,0,0,0,0,0,0,1,0,0,0,0
Data Engineer,8,3,0,32,0,0,0,-0.663122658240795,-0.7485107481711013,3809.0,4167.0,4507.0,4196.0,3988.0,4169.75,-528.0,-184.5,253.144227664784,285.52568477576125,4135.37005333615,4035.0989215909503,3847.8728769239665,4444.0,967.6416292102388,6059.0,1145.0,-358.0,-340.0,311.0,-0.08591312694984399,-0.07543820723319283,0.07411820781696865,0,1,0,0,0,0,0,0,0,1,0,0,0,0
Data Engineer,8,3,0,33,0,0,0,-0.7485107481711011,-0.6631226582407952,3881.0,3809.0,4167.0,4507.0,3845.0,4091.0,-107.0,-528.0,50.91168824543142,317.51955320368444,4109.933048002535,3958.049460795475,3877.6872876923967,4426.939393939394,957.4315229885221,6059.0,1145.0,72.0,-358.0,-340.0,0.018902599107377238,-0.08591312694984399,-0.07543820723319283,0,1,0,0,0,0,0,0,0,1,0,0,0,0
Data Engineer,8,3,0,34,0,0,0,-0.8229838658936564,-0.5680647467311559,4414.0,3881.0,3809.0,4167.0,4147.5,4067.75,569.0,-107.0,376.8879143724298,277.82893417833105,4140.339743202281,4186.024730397738,4360.368728769239,4426.558823529412,942.8160009177043,6059.0,1145.0,533.0,72.0,-358.0,0.137335738211801,0.018902599107377238,-0.08591312694984399,0,1,0,0,0,0,0,0,0,1,0,0,0,0
Data Engineer,9,3,0,35,0,0,0,-0.8854560256532096,-0.4647231720437691,4873.0,4414.0,3881.0,3809.0,4643.5,4244.25,725.5,569.0,324.5620125646253,498.50936132968866,4213.605768882053,4529.512365198869,4821.736872876924,4439.314285714286,931.9079344652708,6059.0,1145.0,459.0,533.0,72.0,0.10398731309469866,0.137335738211801,0.018902599107377238,0,0,0,0,0,0,1,0,0,1,0,0,0,0
Data Engineer,9,3,0,36,0,0,0,-0.9350162426854147,-0.3546048870425359,5368.0,4873.0,4414.0,3881.0,5120.5,4634.0,724.5,725.5,350.017856687341,635.4226939604855,4329.045191993848,4948.756182599434,5313.3736872876925,4465.111111111111,931.4486651839788,6059.0,1145.0,495.0,459.0,533.0,0.10158013544018063,0.10398731309469866,0.137335738211801,0,0,0,0,0,0,1,0,0,1,0,0,0,0
Data Engineer,9,3,0,37,0,0,0,-0.970941817426052,-0.23931566428755774,4580.0,5368.0,4873.0,4414.0,4974.0,4808.75,-540.5,724.5,557.2001435749994,418.3470449280129,4354.140672794463,4764.378091299717,4653.337368728769,4468.216216216216,918.6149639277339,6059.0,1145.0,-788.0,495.0,459.0,-0.146795827123696,0.10158013544018063,0.10398731309469866,0,0,0,0,0,0,1,0,0,1,0,0,0,0
Data Engineer,9,3,0,38,0,0,0,-0.992708874098054,-0.12053668025532357,3821.0,4580.0,5368.0,4873.0,4200.5,4660.5,-1153.0,-540.5,536.6940469205896,647.2899916832749,4300.826605515017,4292.689045649859,3904.2337368728768,4451.184210526316,912.1787062721793,6059.0,1145.0,-759.0,-788.0,495.0,-0.16572052401746729,-0.146795827123696,0.10158013544018063,0,0,0,0,0,0,1,0,0,1,0,0,0,0
Data Engineer,10,4,1,39,0,1,0,-1.0,-1.8369701987210297e-16,4012.0,3821.0,4580.0,5368.0,3916.5,4445.25,-188.5,-1153.0,135.0573952066306,694.5067194299377,4271.943944963516,4152.344522824929,4001.2233736872877,4439.923076923077,902.8394793683276,6059.0,1145.0,191.0,-759.0,-788.0,0.04998691442030889,-0.16572052401746729,-0.146795827123696,0,0,0,0,0,0,1,0,0,0,0,0,0,0
Data Engineer,10,4,0,40,0,0,0,-0.992708874098054,0.1205366802553232,4239.0,4012.0,3821.0,4580.0,4125.5,4163.0,322.5,-188.5,160.51323932934628,326.3076258175215,4268.649550467164,4195.672261412465,4215.222337368728,4434.9,891.755508634226,6059.0,1145.0,227.0,191.0,-759.0,0.05658025922233301,0.04998691442030889,-0.16572052401746729,0,0,0,0,0,0,1,0,0,0,0,0,0,0
Data Engineer,10,4,0,41,0,0,0,-0.9709418174260521,0.23931566428755738,4345.0,4239.0,4012.0,3821.0,4292.0,4104.25,219.5,322.5,74.95331880577403,234.42038449475254,4276.284595420448,4270.336130706232,4332.022233736872,4432.707317073171,880.6499373730301,6059.0,1145.0,106.0,227.0,191.0,0.025005897617362605,0.05658025922233301,0.04998691442030889,0,0,0,0,0,0,1,0,0,0,0,0,0,0
Data Engineer,10,4,0,42,0,0,0,-0.9350162426854148,0.35460488704253557,4427.0,4345.0,4239.0,4012.0,4386.0,4255.75,135.0,219.5,57.982756057296896,179.8024378774314,4291.356135878403,4348.668065353117,4417.502223373687,4432.571428571428,869.8444532341972,6059.0,1145.0,82.0,106.0,227.0,0.018872266973532836,0.025005897617362605,0.05658025922233301,0,0,0,0,0,0,1,0,0,0,0,0,0,0
Data Engineer,10,4,0,43,0,0,0,-0.8854560256532101,0.464723172043768,4466.0,4427.0,4345.0,4239.0,4446.5,4369.25,80.0,135.0,27.577164466275352,100.41372748119439,4308.820522290563,4407.334032676558,4461.150222337369,4433.3488372093025,859.4418976378114,6059.0,1145.0,39.0,82.0,106.0,0.0088095775920487,0.018872266973532836,0.025005897617362605,0,0,0,0,0,0,1,0,0,0,0,0,0,0
Data Engineer,11,4,0,44,0,0,0,-0.822983865893657,0.5680647467311548,4183.0,4466.0,4427.0,4345.0,4324.5,4355.25,-263.5,80.0,200.11121907579295,125.41763565517509,4296.238470061507,4295.167016338279,4210.815022233737,4427.659090909091,850.2276834097813,6059.0,1145.0,-283.0,39.0,82.0,-0.06336766681594264,0.0088095775920487,0.018872266973532836,0,0,0,0,0,0,1,0,0,0,0,0,0,0
Data Scientist,1,1,0,4,0,0,0,0.4647231720437685,0.8854560256532099,5811.0,5803.0,5754.0,1018.0,5807.0,4596.5,32.5,2417.0,5.656854249492381,2385.7997261575274,2311.5660000000003,5202.75,5804.974,4596.5,2385.7997261575274,5811.0,1018.0,8.0,49.0,4736.0,0.0013785972772704103,0.008515815085158085,4.652259332023576,1,0,0,0,0,0,0,1,0,0,0,0,0,0
Data Scientist,2,1,0,5,0,0,0,0.5680647467311558,0.8229838658936564,5525.0,5811.0,5803.0,5754.0,5668.0,5723.25,-282.0,32.5,202.2325394193526,134.54707974039073,2632.9094000000005,5363.875,5552.997399999999,4782.2,2107.4754328342715,5811.0,1018.0,-286.0,8.0,49.0,-0.04921700223713643,0.0013785972772704103,0.008515815085158085,1,0,0,0,0,0,0,1,0,0,0,0,0,0
Data Scientist,2,1,0,6,0,0,0,0.6631226582407952,0.7485107481711011,4840.0,5525.0,5811.0,5803.0,5182.5,5494.75,-828.0,-282.0,484.36814511278504,456.30572719029846,2853.6184600000006,5101.9375,4911.29974,4791.833333333333,1885.1310210875708,5811.0,1018.0,-685.0,-286.0,8.0,-0.12398190045248869,-0.04921700223713643,0.0013785972772704103,1,0,0,0,0,0,0,1,0,0,0,0,0,0
Data Scientist,2,1,0,7,0,0,0,0.7485107481711011,0.6631226582407953,4446.0,4840.0,5525.0,5811.0,4643.0,5155.5,-736.5,-828.0,278.6000717874997,624.2705076060113,3012.8566140000007,4773.96875,4492.529974,4742.428571428572,1725.8384297825467,5811.0,1018.0,-394.0,-685.0,-286.0,-0.08140495867768593,-0.12398190045248869,-0.04921700223713643,1,0,0,0,0,0,0,1,0,0,0,0,0,0
Data Scientist,2,1,0,8,0,0,0,0.8229838658936564,0.5680647467311559,3992.0,4446.0,4840.0,5525.0,4219.0,4700.75,-651.0,-736.5,321.02647865869255,649.6159763018971,3110.770952600001,4382.984375,4042.0529974,4648.625,1619.693969110038,5811.0,1018.0,-454.0,-394.0,-685.0,-0.10211426000899682,-0.08140495867768593,-0.12398190045248869,1,0,0,0,0,0,0,1,0,0,0,0,0,0
Data Scientist,3,1,0,9,0,0,0,0.8854560256532099,0.4647231720437686,4090.0,3992.0,4446.0,4840.0,4041.0,4342.0,-129.0,-651.0,69.29646455628166,385.06449676212304,3208.6938573400007,4236.4921875,4085.20529974,4586.555555555556,1526.4848599897014,5811.0,1018.0,98.0,-454.0,-394.0,0.024549098196392727,-0.10211426000899682,-0.08140495867768593,0,0,0,0,1,0,0,1,0,0,0,0,0,0
Data Scientist,3,1,0,10,0,0,0,0.9350162426854148,0.35460488704253557,3901.0,4090.0,3992.0,4446.0,3995.5,4107.25,-140.0,-129.0,133.64318164425748,238.65648255739265,3277.9244716060007,4068.74609375,3919.420529974,4518.0,1455.4203669196213,5811.0,1018.0,-189.0,98.0,-454.0,-0.04621026894865521,0.024549098196392727,-0.10211426000899682,0,0,0,0,1,0,0,1,0,0,0,0,0,0
Data Scientist,3,1,0,11,0,0,0,0.970941817426052,0.23931566428755804,3842.0,3901.0,4090.0,3992.0,3871.5,3956.25,-153.5,-140.0,41.71930009000631,108.43239060969624,3334.3320244454007,3955.373046875,3849.7420529974,4456.545454545455,1395.695838185123,5811.0,1018.0,-59.0,-189.0,98.0,-0.015124327095616508,-0.04621026894865521,0.024549098196392727,0,0,0,0,1,0,0,1,0,0,0,0,1,0
Data Scientist,3,1,0,12,0,0,0,0.992708874098054,0.120536680255323,3460.0,3842.0,3901.0,4090.0,3651.0,3823.25,-411.5,-153.5,270.1147904132612,264.26170740385453,3346.898822000861,3707.6865234375,3498.97420529974,4373.5,1361.483582513776,5811.0,1018.0,-382.0,-59.0,-189.0,-0.09942738157209785,-0.015124327095616508,-0.04621026894865521,0,0,0,0,1,0,0,1,0,0,0,0,1,0
Data Scientist,4,2,0,13,0,0,0,1.0,-1.6081226496766366e-16,3497.0,3460.0,3842.0,3901.0,3478.5,3675.0,-154.0,-411.5,26.16295090390226,228.6729833918598,3361.9089398007745,3602.34326171875,3497.197420529974,4306.076923076923,1325.9955041111857,5811.0,1018.0,37.0,-382.0,-59.0,0.010693641618497063,-0.09942738157209785,-0.015124327095616508,0,0,0,0,1,0,0,0,1,0,0,0,0,0
Data Scientist,4,2,0,14,0,0,0,0.992708874098054,-0.12053668025532288,3694.0,3497.0,3460.0,3842.0,3595.5,3623.25,215.5,-154.0,139.30003589374985,178.36923314667746,3395.1180458206973,3648.171630859375,3674.3197420529973,4262.357142857143,1284.4348417250924,5811.0,1018.0,197.0,37.0,-382.0,0.05633400057191884,0.010693641618497063,-0.09942738157209785,0,0,0,0,1,0,0,0,1,0,0,0,0,0
Data Scientist,4,2,0,15,0,0,0,0.9709418174260521,-0.2393156642875575,3411.0,3694.0,3497.0,3460.0,3552.5,3515.5,-184.5,215.5,200.11121907579295,124.10345146959907,3396.7062412386276,3529.5858154296875,3437.3319742052995,4205.6,1257.0809611385987,5811.0,1018.0,-283.0,197.0,37.0,-0.07661072008662695,0.05633400057191884,0.010693641618497063,0,0,0,0,1,0,0,0,1,0,0,0,0,0
Data Scientist,4,2,0,16,0,0,0,0.9350162426854148,-0.35460488704253545,3839.0,3411.0,3694.0,3497.0,3625.0,3610.25,286.5,-184.5,302.64170234784234,193.1033833641118,3440.935617114765,3684.2929077148438,3798.83319742053,4182.6875,1217.9089029288411,5811.0,1018.0,428.0,-283.0,197.0,0.1254763998827324,-0.07661072008662695,0.05633400057191884,0,0,0,0,1,0,0,0,1,0,0,0,0,0
Data Scientist,4,2,0,17,1,0,0,0.8854560256532099,-0.4647231720437685,3896.0,3839.0,3411.0,3694.0,3867.5,3710.0,271.0,286.5,40.30508652763321,216.71332830877554,3486.4420554032886,3790.146453857422,3886.283319742053,4165.823529411765,1181.2833717663875,5811.0,1018.0,57.0,428.0,-283.0,0.014847616566814326,0.1254763998827324,-0.07661072008662695,0,0,0,0,1,0,0,0,1,0,0,0,0,0
Data Scientist,5,2,0,18,0,0,0,0.8229838658936565,-0.5680647467311557,4365.0,3896.0,3839.0,3411.0,4130.5,3877.75,497.5,271.0,331.6330803764908,390.34290480721404,3574.29784986296,4077.573226928711,4317.128331974205,4176.888888888889,1146.974377317219,5811.0,1018.0,469.0,57.0,428.0,0.12037987679671458,0.014847616566814326,0.1254763998827324,0,0,1,0,0,0,0,0,1,0,0,1,0,0
Data Scientist,5,2,0,19,0,0,0,0.7485107481711013,-0.663122658240795,4014.0,4365.0,3896.0,3839.0,4189.5,4028.5,-116.5,497.5,248.19448019647817,235.8735536963263,3618.268064876664,4045.7866134643555,4044.3128331974203,4168.315789473684,1115.2849686979148,5811.0,1018.0,-351.0,469.0,57.0,-0.08041237113402067,0.12037987679671458,0.014847616566814326,0,0,1,0,0,0,0,0,1,0,0,1,0,0
Data Scientist,5,2,0,20,0,0,0,0.6631226582407952,-0.7485107481711012,3840.0,4014.0,4365.0,3896.0,3927.0,4028.75,-349.5,-116.5,123.03657992645927,235.60613319691063,3640.4412583889975,3942.8933067321777,3860.431283319742,4151.9,1088.0182806126784,5811.0,1018.0,-174.0,-351.0,469.0,-0.0433482810164425,-0.08041237113402067,0.12037987679671458,0,0,1,0,0,0,0,0,1,0,0,0,0,0
Data Scientist,5,2,0,21,0,0,0,0.5680647467311558,-0.8229838658936564,1919.0,3840.0,4014.0,4365.0,2879.5,3534.5,-2008.0,-349.5,1358.3521266593577,1098.911734399083,3468.297132550098,2930.946653366089,2113.1431283319744,4045.5714285714284,1167.0542648664018,5811.0,1018.0,-1921.0,-174.0,-351.0,-0.5002604166666667,-0.0433482810164425,-0.08041237113402067,0,0,1,0,0,0,0,0,1,0,0,0,0,0
Data Scientist,6,2,0,22,0,0,0,0.46472317204376906,-0.8854560256532096,2747.0,1919.0,3840.0,4014.0,2333.0,3130.0,-132.5,-2008.0,585.4844148224613,982.9828754018728,3396.167419295088,2838.9733266830444,2683.6143128331973,3986.5454545454545,1172.095223145804,5811.0,1018.0,828.0,-1921.0,-174.0,0.4314747264200105,-0.5002604166666667,-0.0433482810164425,0,0,0,0,0,1,0,0,1,0,0,0,0,1
Data Scientist,6,2,0,23,0,0,0,0.35460488704253584,-0.9350162426854147,3369.0,2747.0,1919.0,3840.0,3058.0,2968.75,1036.0,-132.5,439.8204178980326,830.747605072283,3393.4506773655794,3103.986663341522,3300.46143128332,3959.695652173913,1152.3638328071804,5811.0,1018.0,622.0,828.0,-1921.0,0.2264288314524936,0.4314747264200105,-0.5002604166666667,0,0,0,0,0,1,0,0,1,0,0,0,0,1
Data Scientist,6,2,0,24,0,0,0,0.23931566428755768,-0.970941817426052,3741.0,3369.0,2747.0,1919.0,3555.0,2944.0,683.0,1036.0,263.0437226013957,796.9249232727848,3428.2056096290216,3422.493331670761,3696.946143128332,3950.5833333333335,1127.9178167975163,5811.0,1018.0,372.0,622.0,828.0,0.11041852181656275,0.2264288314524936,0.4314747264200105,0,0,0,0,0,1,0,0,1,0,0,0,0,1
Data Scientist,6,2,0,25,0,0,0,0.12053668025532308,-0.992708874098054,3914.0,3741.0,3369.0,2747.0,3827.5,3442.75,359.0,683.0,122.32947314527271,516.5709857641386,3476.7850486661196,3668.2466658353806,3892.294614312833,3949.12,1104.1937601707411,5811.0,1018.0,173.0,372.0,622.0,0.04624431970061482,0.11041852181656275,0.2264288314524936,0,0,0,0,0,1,0,0,1,0,0,0,0,1
Data Scientist,7,3,0,26,0,0,0,-3.216245299353273e-16,-1.0,3985.0,3914.0,3741.0,3369.0,3949.5,3752.25,157.5,359.0,50.204581464244875,275.2833388831719,3527.6065437995076,3826.6233329176903,3975.729461431283,3950.5,1081.9073989949418,5811.0,1018.0,71.0,173.0,372.0,0.018140010219724,0.04624431970061482,0.11041852181656275,0,0,0,0,0,1,0,0,0,1,0,0,0,1
Data Scientist,7,3,0,27,0,0,0,-0.12053668025532283,-0.992708874098054,4146.0,3985.0,3914.0,3741.0,4065.5,3946.5,196.5,157.5,113.84419177103415,167.8977863661914,3589.445889419557,3986.311666458845,4128.972946143128,3957.740740740741,1061.564433081688,5811.0,1018.0,161.0,71.0,173.0,0.040401505646173064,0.018140010219724,0.04624431970061482,0,0,0,0,0,1,0,0,0,1,0,0,0,1
Data Scientist,7,3,0,28,0,0,0,-0.23931566428755743,-0.9709418174260521,3811.0,4146.0,3985.0,3914.0,3978.5,3964.0,-254.5,196.5,236.88077169749343,140.80009469693994,3611.601300477601,3898.6558332294226,3842.7972946143127,3952.5,1042.0894075526023,5811.0,1018.0,-335.0,161.0,71.0,-0.08080077182826817,0.040401505646173064,0.018140010219724,0,0,0,0,0,1,0,0,0,1,0,0,0,1
Data Scientist,7,3,0,29,0,0,0,-0.3546048870425356,-0.9350162426854148,3869.0,3811.0,4146.0,3985.0,3840.0,3952.75,-109.5,-254.5,41.012193308819754,147.75289055266313,3637.341170429841,3883.8279166147113,3866.379729461431,3949.6206896551726,1023.4289497913063,5811.0,1018.0,58.0,-335.0,161.0,0.015219102597743284,-0.08080077182826817,0.040401505646173064,0,0,0,0,0,1,0,0,0,1,0,0,0,1
Data Scientist,7,3,0,30,0,0,0,-0.46472317204376806,-0.8854560256532101,4081.0,3869.0,3811.0,4146.0,3975.0,3976.75,241.0,-109.5,149.90663761154806,161.86079409995259,3681.707053386857,3982.4139583073556,4059.537972946143,3954.0,1005.9148520899632,5811.0,1018.0,212.0,58.0,-335.0,0.0547945205479452,0.015219102597743284,-0.08080077182826817,0,0,0,0,0,1,0,0,0,1,0,0,0,1
Data Scientist,8,3,0,31,0,0,0,-0.5680647467311556,-0.8229838658936566,4048.0,4081.0,3869.0,3811.0,4064.5,3952.25,73.0,241.0,23.33452377915607,132.4471592749372,3718.336348048171,4015.206979153678,4049.1537972946144,3957.032258064516,989.1516056321858,5811.0,1018.0,-33.0,212.0,58.0,-0.008086253369272267,0.0547945205479452,0.015219102597743284,0,1,0,0,0,0,0,0,0,1,0,0,0,0
Data Scientist,8,3,0,32,0,0,0,-0.663122658240795,-0.7485107481711013,4334.0,4048.0,4081.0,3869.0,4191.0,4083.0,269.5,73.0,202.2325394193526,191.50805030946847,3779.9027132433544,4174.603489576839,4305.5153797294615,3968.8125,975.3459415228842,5811.0,1018.0,286.0,-33.0,212.0,0.07065217391304346,-0.008086253369272267,0.0547945205479452,0,1,0,0,0,0,0,0,0,1,0,0,0,0
Data Scientist,8,3,0,33,0,0,0,-0.7485107481711011,-0.6631226582407952,4127.0,4334.0,4048.0,4081.0,4230.5,4147.5,-64.0,269.5,146.37110370561533,128.48475914805584,3814.612441919019,4150.8017447884195,4144.851537972946,3973.6060606060605,960.380066021844,5811.0,1018.0,-207.0,286.0,-33.0,-0.047761882787263454,0.07065217391304346,-0.008086253369272267,0,1,0,0,0,0,0,0,0,1,0,0,0,0
Data Scientist,8,3,0,34,0,0,0,-0.8229838658936564,-0.5680647467311559,4577.0,4127.0,4334.0,4048.0,4352.0,4271.5,346.5,-64.0,318.1980515339464,236.6917827048513,3890.8511977271173,4363.90087239421,4533.785153797295,3991.3529411764707,951.3615723554972,5811.0,1018.0,450.0,-207.0,286.0,0.10903804216137636,-0.047761882787263454,0.07065217391304346,0,1,0,0,0,0,0,0,0,1,0,0,0,0
Data Scientist,9,3,0,35,0,0,0,-0.8854560256532096,-0.4647231720437691,5193.0,4577.0,4127.0,4334.0,4885.0,4557.75,841.0,346.5,435.57777721091327,461.70797047484524,4021.066077954406,4778.450436197105,5127.07851537973,4025.6857142857143,959.022657262516,5811.0,1018.0,616.0,450.0,-207.0,0.1345859733449859,0.10903804216137636,-0.047761882787263454,0,0,0,0,0,0,1,0,0,1,0,0,0,0
Data Scientist,9,3,0,36,0,0,0,-0.9350162426854147,-0.3546048870425359,5733.0,5193.0,4577.0,4127.0,5463.0,4907.5,848.0,841.0,381.8376618407357,702.7021654537106,4192.259470158965,5255.725218098552,5672.407851537973,4073.1111111111113,987.1254596128464,5811.0,1018.0,540.0,616.0,450.0,0.10398613518197575,0.1345859733449859,0.10903804216137636,0,0,0,0,0,0,1,0,0,1,0,0,0,0
Data Scientist,9,3,0,37,0,0,0,-0.970941817426052,-0.23931566428755774,4060.0,5733.0,5193.0,4577.0,4896.5,4890.75,-1403.0,848.0,1182.989644925094,727.8563846437478,4179.033523143069,4657.862609049276,4221.240785153797,4072.7567567567567,973.3212158322602,5811.0,1018.0,-1673.0,540.0,616.0,-0.2918192918192918,0.10398613518197575,0.1345859733449859,0,0,0,0,0,0,1,0,0,1,0,0,0,0
Data Scientist,9,3,0,38,0,0,0,-0.992708874098054,-0.12053668025532357,3120.0,4060.0,5733.0,5193.0,3590.0,4526.5,-1776.5,-1403.0,664.6803743153547,1168.4361343265625,4073.1301708287624,3888.931304524638,3230.1240785153796,4047.684210526316,972.439231902927,5811.0,1018.0,-940.0,-1673.0,540.0,-0.23152709359605916,-0.2918192918192918,0.10398613518197575,0,0,0,0,0,0,1,0,0,1,0,0,0,0
Data Scientist,10,4,1,39,0,1,0,-1.0,-1.8369701987210297e-16,3521.0,3120.0,4060.0,5733.0,3320.5,4108.5,-69.0,-1776.5,283.5498192558056,1149.4405885763158,4017.917153745886,3704.965652262319,3491.912407851538,4034.1794871794873,963.2577911440583,5811.0,1018.0,401.0,-940.0,-1673.0,0.128525641025641,-0.23152709359605916,-0.2918192918192918,0,0,0,0,0,0,1,0,0,0,0,0,0,0
Data Scientist,10,4,0,40,0,0,0,-0.992708874098054,0.1205366802553232,3839.0,3521.0,3120.0,4060.0,3680.0,3635.0,518.5,-69.0,224.8599564173221,408.43685762510114,4000.0254383712977,3771.9828261311595,3804.2912407851536,4029.3,951.3288196396254,5811.0,1018.0,318.0,401.0,-940.0,0.09031525134904861,0.128525641025641,-0.23152709359605916,0,0,0,0,0,0,1,0,0,0,0,0,0,0
Data Scientist,10,4,0,41,0,0,0,-0.9709418174260521,0.23931566428755738,3782.0,3839.0,3521.0,3120.0,3810.5,3565.5,102.0,518.5,40.30508652763321,327.6812475562196,3978.2228945341676,3776.9914130655798,3784.2291240785153,4023.268292682927,940.1555728811653,5811.0,1018.0,-57.0,318.0,401.0,-0.014847616566814326,0.09031525134904861,0.128525641025641,0,0,0,0,0,0,1,0,0,0,0,0,0,0
Data Scientist,10,4,0,42,0,0,0,-0.9350162426854148,0.35460488704253557,4168.0,3782.0,3839.0,3521.0,3975.0,3827.5,357.5,102.0,272.94321753800733,265.8853136222467,3997.2006050807513,3972.49570653279,4129.622912407852,4026.714285714286,928.8879867810018,5811.0,1018.0,386.0,-57.0,318.0,0.10206240084611307,-0.014847616566814326,0.09031525134904861,0,0,0,0,0,0,1,0,0,0,0,0,0,0
Data Scientist,10,4,0,43,0,0,0,-0.8854560256532101,0.464723172043768,3923.0,4168.0,3782.0,3839.0,4045.5,3928.0,-52.0,357.5,173.24116139070415,170.15874940772366,3989.7805445726763,3947.747853266395,3943.662291240785,4024.3023255813955,917.8994533297393,5811.0,1018.0,-245.0,386.0,-57.0,-0.05878119001919391,0.10206240084611307,-0.014847616566814326,0,0,0,0,0,0,1,0,0,0,0,0,0,0
Data Scientist,11,4,0,44,0,0,0,-0.822983865893657,0.5680647467311548,3734.0,3923.0,4168.0,3782.0,3828.5,3901.75,-311.5,-52.0,133.64318164425748,194.78257108889517,3964.2024901154086,3840.8739266331977,3754.9662291240784,4017.7045454545455,908.2184856372814,5811.0,1018.0,-189.0,-245.0,386.0,-0.048177415243436106,-0.05878119001919391,0.10206240084611307,0,0,0,0,0,0,1,0,0,0,0,0,0,0
Machine Learning Engineer,1,1,0,4,0,0,0,0.4647231720437685,0.8854560256532099,298.0,316.0,305.0,51.0,307.0,242.5,-12.5,138.0,12.727922061357855,127.88145552294385,120.12400000000001,272.5,299.43600000000004,242.5,127.88145552294385,316.0,51.0,-18.0,11.0,254.0,-0.05696202531645567,0.0360655737704918,4.980392156862745,1,0,0,0,0,0,0,1,0,0,0,0,0,0
Machine Learning Engineer,2,1,0,5,0,0,0,0.5680647467311558,0.8229838658936564,333.0,298.0,316.0,305.0,315.5,313.0,26.0,-12.5,24.748737341529164,15.25341491819679,141.41160000000002,302.75,329.6436,260.6,117.9122555123088,333.0,51.0,35.0,-18.0,11.0,0.1174496644295302,-0.05696202531645567,0.0360655737704918,1,0,0,0,0,0,0,1,0,0,0,0,0,0
Machine Learning Engineer,2,1,0,6,0,0,0,0.6631226582407952,0.7485107481711011,297.0,333.0,298.0,316.0,315.0,311.0,-18.5,26.0,25.45584412271571,17.06848948598953,156.97044000000002,299.875,300.26436,266.6666666666667,106.50571189690562,333.0,51.0,-36.0,35.0,-18.0,-0.10810810810810811,0.1174496644295302,-0.05696202531645567,1,0,0,0,0,0,0,1,0,0,0,0,0,0
Machine Learning Engineer,2,1,0,7,0,0,0,0.7485107481711011,0.6631226582407953,267.0,297.0,333.0,298.0,282.0,298.75,-48.0,-18.5,21.213203435596427,26.986107537027298,167.97339600000004,283.4375,270.326436,266.7142857142857,97.2260498112762,333.0,51.0,-30.0,-36.0,35.0,-0.101010101010101,-0.10810810810810811,0.1174496644295302,1,0,0,0,0,0,0,1,0,0,0,0,0,0
Machine Learning Engineer,2,1,0,8,0,0,0,0.8229838658936564,0.5680647467311559,254.0,267.0,297.0,333.0,260.5,287.75,-28.0,-48.0,9.192388155425117,35.13189434118237,176.57605640000006,268.71875,255.6326436,265.125,90.12600306554944,333.0,51.0,-13.0,-30.0,-36.0,-0.048689138576779034,-0.101010101010101,-0.10810810810810811,1,0,0,0,0,0,0,1,0,0,0,0,0,0
Machine Learning Engineer,3,1,0,9,0,0,0,0.8854560256532099,0.4647231720437686,226.0,254.0,267.0,297.0,240.0,261.0,-34.5,-28.0,19.79898987322333,29.47315162426083,181.51845076000004,247.359375,228.96326436,260.77777777777777,85.30793892976457,333.0,51.0,-28.0,-13.0,-30.0,-0.11023622047244097,-0.048689138576779034,-0.101010101010101,0,0,0,0,1,0,0,1,0,0,0,0,0,0
Machine Learning Engineer,3,1,0,10,0,0,0,0.9350162426854148,0.35460488704253557,278.0,226.0,254.0,267.0,252.0,256.25,38.0,-34.5,36.76955262170047,22.425803590209842,191.16660568400005,262.6796875,273.096326436,262.5,80.61327434114061,333.0,51.0,52.0,-28.0,-13.0,0.23008849557522115,-0.11023622047244097,-0.048689138576779034,0,0,0,0,1,0,0,1,0,0,0,0,0,0
Machine Learning Engineer,3,1,0,11,0,0,0,0.970941817426052,0.23931566428755804,246.0,278.0,226.0,254.0,262.0,251.0,-6.0,38.0,22.627416997969522,21.509687739868948,196.64994511560005,254.33984375,248.7096326436,261.0,76.6381106238926,333.0,51.0,-32.0,52.0,-28.0,-0.1151079136690647,0.23008849557522115,-0.11023622047244097,0,0,0,0,1,0,0,1,0,0,0,0,1,0
Machine Learning Engineer,3,1,0,12,0,0,0,0.992708874098054,0.120536680255323,213.0,246.0,278.0,226.0,229.5,240.75,-49.0,-6.0,23.33452377915607,28.300471138598883,198.28495060404006,233.669921875,216.57096326436002,257.0,74.37374903455213,333.0,51.0,-33.0,-32.0,52.0,-0.13414634146341464,-0.1151079136690647,0.23008849557522115,0,0,0,0,1,0,0,1,0,0,0,0,1,0
Machine Learning Engineer,4,2,0,13,0,0,0,1.0,-1.6081226496766366e-16,213.0,213.0,246.0,278.0,213.0,237.5,-16.5,-49.0,0.0,31.160872901765796,199.75645554363606,223.3349609375,213.35709632643602,253.6153846153846,72.24557479128445,333.0,51.0,0.0,-33.0,-32.0,0.0,-0.13414634146341464,-0.1151079136690647,0,0,0,0,1,0,0,0,1,0,0,0,0,0
Machine Learning Engineer,4,2,0,14,0,0,0,0.992708874098054,-0.12053668025532288,248.0,213.0,213.0,246.0,230.5,230.0,35.0,-16.5,24.748737341529164,19.646882704388545,204.58080998927247,235.66748046875,244.5357096326436,253.21428571428572,69.42752565576076,333.0,51.0,35.0,0.0,-33.0,0.164319248826291,0.0,-0.13414634146341464,0,0,0,0,1,0,0,0,1,0,0,0,0,0
Machine Learning Engineer,4,2,0,15,0,0,0,0.9709418174260521,-0.2393156642875575,218.0,248.0,213.0,213.0,233.0,223.0,-12.5,35.0,21.213203435596427,16.832508230603516,205.92272899034523,226.833740234375,220.65357096326437,250.86666666666667,67.51705251973297,333.0,51.0,-30.0,35.0,0.0,-0.12096774193548387,0.164319248826291,0.0,0,0,0,0,1,0,0,0,1,0,0,0,0,0
Machine Learning Engineer,4,2,0,16,0,0,0,0.9350162426854148,-0.35460488704253545,247.0,218.0,248.0,213.0,232.5,231.5,14.0,-12.5,20.506096654409877,18.592113023179166,210.03045609131073,236.9168701171875,244.36535709632645,250.625,65.23483220897661,333.0,51.0,29.0,-30.0,35.0,0.1330275229357798,-0.12096774193548387,0.164319248826291,0,0,0,0,1,0,0,0,1,0,0,0,0,0
Machine Learning Engineer,4,2,0,17,1,0,0,0.8854560256532099,-0.4647231720437685,235.0,247.0,218.0,248.0,241.0,237.0,2.5,14.0,8.48528137423857,13.976170195491148,212.52741048217965,235.95843505859375,235.93653570963264,249.7058823529412,63.276935673555606,333.0,51.0,-12.0,29.0,-30.0,-0.04858299595141702,0.1330275229357798,-0.12096774193548387,0,0,0,0,1,0,0,0,1,0,0,0,0,0
Machine Learning Engineer,5,2,0,18,0,0,0,0.8229838658936565,-0.5680647467311557,242.0,235.0,247.0,218.0,238.5,235.5,1.0,2.5,4.949747468305833,12.662279942148455,215.4746694339617,238.97921752929688,241.39365357096327,249.27777777777777,61.41450830272404,333.0,51.0,7.0,-12.0,29.0,0.029787234042553123,-0.04858299595141702,0.1330275229357798,0,0,1,0,0,0,0,0,1,0,0,1,0,0
Machine Learning Engineer,5,2,0,19,0,0,0,0.7485107481711013,-0.663122658240795,227.0,242.0,235.0,247.0,234.5,237.75,-11.5,1.0,10.606601717798213,8.69386757049675,216.62720249056554,232.98960876464844,228.43936535709634,248.10526315789474,59.902601257598995,333.0,51.0,-15.0,7.0,-12.0,-0.06198347107438018,0.029787234042553123,-0.04858299595141702,0,0,1,0,0,0,0,0,1,0,0,1,0,0
Machine Learning Engineer,5,2,0,20,0,0,0,0.6631226582407952,-0.7485107481711012,205.0,227.0,242.0,235.0,216.0,227.25,-29.5,-11.5,15.556349186104045,16.049402896473595,215.464482241509,218.99480438232422,207.34393653570962,245.95,59.096241754223975,333.0,51.0,-22.0,-15.0,7.0,-0.09691629955947134,-0.06198347107438018,0.029787234042553123,0,0,1,0,0,0,0,0,1,0,0,0,0,0
Machine Learning Engineer,5,2,0,21,0,0,0,0.5680647467311558,-0.8229838658936564,124.0,205.0,227.0,242.0,164.5,199.5,-92.0,-29.5,57.27564927611035,52.576927766210666,206.3180340173581,171.4974021911621,132.33439365357097,240.14285714285714,63.450205448277096,333.0,51.0,-81.0,-22.0,-15.0,-0.3951219512195122,-0.09691629955947134,-0.06198347107438018,0,0,1,0,0,0,0,0,1,0,0,0,0,0
Machine Learning Engineer,6,2,0,22,0,0,0,0.46472317204376906,-0.8854560256532096,142.0,124.0,205.0,227.0,133.0,174.5,-22.5,-92.0,12.727922061357855,49.30517214248422,199.88623061562228,156.74870109558105,141.03343936535708,235.6818181818182,65.36082004180179,333.0,51.0,18.0,-81.0,-22.0,0.14516129032258074,-0.3951219512195122,-0.09691629955947134,0,0,0,0,0,1,0,0,1,0,0,0,0,1
Machine Learning Engineer,6,2,0,23,0,0,0,0.35460488704253584,-0.9350162426854147,219.0,142.0,124.0,205.0,180.5,172.5,86.0,-22.5,54.44722215136416,46.55104724922954,201.79760755406005,187.87435054779053,211.2033439365357,234.95652173913044,63.952736995143226,333.0,51.0,77.0,18.0,-81.0,0.5422535211267605,0.14516129032258074,-0.3951219512195122,0,0,0,0,0,1,0,0,1,0,0,0,0,1
Machine Learning Engineer,6,2,0,24,0,0,0,0.23931566428755768,-0.970941817426052,264.0,219.0,142.0,124.0,241.5,187.25,83.5,86.0,31.81980515339464,65.69309958689219,208.01784679865406,225.93717527389526,258.72033439365356,236.16666666666666,62.827345657116865,333.0,51.0,45.0,77.0,18.0,0.20547945205479445,0.5422535211267605,0.14516129032258074,0,0,0,0,0,1,0,0,1,0,0,0,0,1
Machine Learning Engineer,6,2,0,25,0,0,0,0.12053668025532308,-0.992708874098054,227.0,264.0,219.0,142.0,245.5,213.0,-14.5,83.5,26.16295090390226,51.23150072627843,209.91606211878866,226.46858763694763,230.17203343936535,235.8,61.531834579075145,333.0,51.0,-37.0,45.0,77.0,-0.14015151515151514,0.20547945205479445,0.5422535211267605,0,0,0,0,0,1,0,0,1,0,0,0,0,1
Machine Learning Engineer,7,3,0,26,0,0,0,-3.216245299353273e-16,-1.0,254.0,227.0,264.0,219.0,240.5,241.0,8.5,-14.5,19.091883092036785,21.43206320757137,214.3244559069098,240.23429381847382,251.61720334393652,236.5,60.394205020018276,333.0,51.0,27.0,-37.0,45.0,0.11894273127753308,-0.14015151515151514,0.20547945205479445,0,0,0,0,0,1,0,0,0,1,0,0,0,1
Machine Learning Engineer,7,3,0,27,0,0,0,-0.12053668025532283,-0.992708874098054,261.0,254.0,227.0,264.0,257.5,251.5,20.5,8.5,4.949747468305833,16.86218649325568,218.99201031621882,250.6171469092369,260.06172033439367,237.40740740740742,59.40879192850633,333.0,51.0,7.0,27.0,-37.0,0.027559055118110187,0.11894273127753308,-0.14015151515151514,0,0,0,0,0,1,0,0,0,1,0,0,0,1
Machine Learning Engineer,7,3,0,28,0,0,0,-0.23931566428755743,-0.9709418174260521,278.0,261.0,254.0,227.0,269.5,255.0,20.5,20.5,12.020815280171307,21.213203435596448,224.89280928459695,264.30857345461845,276.2061720334394,238.85714285714286,58.800802643623776,333.0,51.0,17.0,7.0,27.0,0.06513409961685834,0.027559055118110187,0.11894273127753308,0,0,0,0,0,1,0,0,0,1,0,0,0,1
Machine Learning Engineer,7,3,0,29,0,0,0,-0.3546048870425356,-0.9350162426854148,234.0,278.0,261.0,254.0,256.0,256.75,-35.5,20.5,31.11269837220809,18.209429791548505,225.80352835613726,249.15428672730923,238.22061720334392,238.68965517241378,57.74828596607613,333.0,51.0,-44.0,17.0,7.0,-0.15827338129496404,0.06513409961685834,0.027559055118110187,0,0,0,0,0,1,0,0,0,1,0,0,0,1
Machine Learning Engineer,7,3,0,30,0,0,0,-0.46472317204376806,-0.8854560256532101,271.0,234.0,278.0,261.0,252.5,261.0,15.0,-35.5,26.16295090390226,19.3045763140937,230.32317552052353,260.0771433636546,267.7220617203344,239.76666666666668,57.04969602103025,333.0,51.0,37.0,-44.0,17.0,0.15811965811965822,-0.15827338129496404,0.06513409961685834,0,0,0,0,0,1,0,0,0,1,0,0,0,1
Machine Learning Engineer,8,3,0,31,0,0,0,-0.5680647467311556,-0.8229838658936566,295.0,271.0,234.0,278.0,283.0,269.5,42.5,15.0,16.97056274847714,25.722882160960648,236.7908579684712,277.5385716818273,292.27220617203346,241.5483870967742,56.96129604663002,333.0,51.0,24.0,37.0,-44.0,0.088560885608856,0.15811965811965822,-0.15827338129496404,0,1,0,0,0,0,0,0,0,1,0,0,0,0
Machine Learning Engineer,8,3,0,32,0,0,0,-0.663122658240795,-0.7485107481711013,266.0,295.0,271.0,234.0,280.5,266.5,-17.0,42.5,20.506096654409877,25.093159758521196,239.71177217162406,271.76928584091365,268.62722061720336,242.3125,56.20150239066339,333.0,51.0,-29.0,24.0,37.0,-0.09830508474576272,0.088560885608856,0.15811965811965822,0,1,0,0,0,0,0,0,0,1,0,0,0,0
Machine Learning Engineer,8,3,0,33,0,0,0,-0.7485107481711011,-0.6631226582407952,282.0,266.0,295.0,271.0,274.0,278.5,1.5,-17.0,11.313708498984761,12.871156384205257,243.9405949544617,276.8846429204568,280.66272206172033,243.5151515151515,55.74614404384914,333.0,51.0,16.0,-29.0,24.0,0.06015037593984962,-0.09830508474576272,0.088560885608856,0,1,0,0,0,0,0,0,0,1,0,0,0,0
Machine Learning Engineer,8,3,0,34,0,0,0,-0.8229838658936564,-0.5680647467311559,300.0,282.0,266.0,295.0,291.0,285.75,26.0,1.5,12.727922061357855,15.19594244088427,249.54653545901553,288.4423214602284,298.0662722061721,245.1764705882353,55.74317220765102,333.0,51.0,18.0,16.0,-29.0,0.06382978723404253,0.06015037593984962,-0.09830508474576272,0,1,0,0,0,0,0,0,0,1,0,0,0,0
Machine Learning Engineer,9,3,0,35,0,0,0,-0.8854560256532096,-0.4647231720437691,327.0,300.0,282.0,266.0,313.5,293.75,36.0,26.0,19.091883092036785,26.158172719056676,257.29188191311397,307.7211607301142,324.1066272206172,247.5142857142857,56.63213150966271,333.0,51.0,27.0,18.0,16.0,0.09000000000000008,0.06382978723404253,0.06015037593984962,0,0,0,0,0,0,1,0,0,1,0,0,0,0
Machine Learning Engineer,9,3,0,36,0,0,0,-0.9350162426854147,-0.3546048870425359,367.0,327.0,300.0,282.0,347.0,319.0,53.5,36.0,28.284271247461902,36.95943722515267,268.2626937218026,337.3605803650571,362.7106627220617,250.83333333333334,59.26333484662214,367.0,51.0,40.0,27.0,18.0,0.12232415902140681,0.09000000000000008,0.06382978723404253,0,0,0,0,0,0,1,0,0,1,0,0,0,0
Machine Learning Engineer,9,3,0,37,0,0,0,-0.970941817426052,-0.23931566428755774,280.0,367.0,327.0,300.0,323.5,318.5,-67.0,53.5,61.518289963229634,37.63420430052074,269.4364243496223,308.68029018252855,288.27106627220616,251.6216216216216,58.630837236688656,367.0,51.0,-87.0,40.0,27.0,-0.23705722070844681,0.12232415902140681,0.09000000000000008,0,0,0,0,0,0,1,0,0,1,0,0,0,0
Machine Learning Engineer,9,3,0,38,0,0,0,-0.992708874098054,-0.12053668025532357,249.0,280.0,367.0,327.0,264.5,305.75,-74.5,-67.0,21.920310216782973,51.919007437867435,267.3927819146601,278.8401450912643,252.9271066272206,251.55263157894737,57.834665265748185,367.0,51.0,-31.0,-87.0,40.0,-0.11071428571428577,-0.23705722070844681,0.12232415902140681,0,0,0,0,0,0,1,0,0,1,0,0,0,0
Machine Learning Engineer,10,4,1,39,0,1,0,-1.0,-1.8369701987210297e-16,286.0,249.0,280.0,367.0,267.5,295.5,21.5,-74.5,26.16295090390226,50.348783500696435,269.25350372319406,282.42007254563214,282.69271066272205,252.43589743589743,57.33456515639947,367.0,51.0,37.0,-31.0,-87.0,0.14859437751004023,-0.11071428571428577,-0.23705722070844681,0,0,0,0,0,0,1,0,0,0,0,0,0,0
Machine Learning Engineer,10,4,0,40,0,0,0,-0.992708874098054,0.1205366802553232,324.0,286.0,249.0,280.0,305.0,284.75,56.5,21.5,26.870057685088806,30.782841540919105,274.72815335087466,303.21003627281607,319.8692710662722,254.225,57.71481056864313,367.0,51.0,38.0,37.0,-31.0,0.13286713286713292,0.14859437751004023,-0.11071428571428577,0,0,0,0,0,0,1,0,0,0,0,0,0,0
Machine Learning Engineer,10,4,0,41,0,0,0,-0.9709418174260521,0.23931566428755738,343.0,324.0,286.0,249.0,333.5,300.5,38.0,56.5,13.435028842544403,41.71730256540246,281.5553380157872,323.10501813640803,340.68692710662725,256.390243902439,58.651034964773004,367.0,51.0,19.0,38.0,37.0,0.058641975308642014,0.13286713286713292,0.14859437751004023,0,0,0,0,0,0,1,0,0,0,0,0,0,0
Machine Learning Engineer,10,4,0,42,0,0,0,-0.9350162426854148,0.35460488704253557,322.0,343.0,324.0,286.0,332.5,318.75,-11.5,38.0,14.849242404917497,23.796008068581617,285.59980421420846,322.552509068204,323.8686927106627,257.95238095238096,58.809304216981545,367.0,51.0,-21.0,19.0,38.0,-0.061224489795918324,0.058641975308642014,0.13286713286713292,0,0,0,0,0,0,1,0,0,0,0,0,0,0
Machine Learning Engineer,10,4,0,43,0,0,0,-0.8854560256532101,0.464723172043768,302.0,322.0,343.0,324.0,312.0,322.75,-30.5,-11.5,14.142135623730951,16.760568804985947,287.2398237927876,312.276254534102,304.18686927106626,258.9767441860465,58.49195645641945,367.0,51.0,-20.0,-21.0,19.0,-0.06211180124223603,-0.061224489795918324,0.058641975308642014,0,0,0,0,0,0,1,0,0,0,0,0,0,0
Machine Learning Engineer,11,4,0,44,0,0,0,-0.822983865893657,0.5680647467311548,287.0,302.0,322.0,343.0,294.5,313.5,-25.0,-30.5,10.606601717798213,24.337899115029106,287.2158414135088,299.638127267051,288.7186869271066,259.6136363636364,57.96198269238326,367.0,51.0,-15.0,-20.0,-21.0,-0.04966887417218546,-0.06211180124223603,-0.061224489795918324,0,0,0,0,0,0,1,0,0,0,0,0,0,0
Software Engineer,1,1,0,4,0,0,0,0.4647231720437685,0.8854560256532099,1225.0,1193.0,1134.0,160.0,1209.0,928.0,61.5,546.0,22.627416997969522,513.3854951853107,438.36400000000003,1072.5,1220.236,928.0,513.3854951853107,1225.0,160.0,32.0,59.0,974.0,0.026823134953897654,0.052028218694885275,6.0875,1,0,0,0,0,0,0,1,0,0,0,0,0,0
Software Engineer,2,1,0,5,0,0,0,0.5680647467311558,0.8229838658936564,1106.0,1225.0,1193.0,1134.0,1165.5,1164.5,-103.0,61.5,84.14570696119915,54.23713365090993,505.1276000000001,1089.25,1117.4236,963.6,451.67499377317756,1225.0,160.0,-119.0,32.0,59.0,-0.0971428571428572,0.026823134953897654,0.052028218694885275,1,0,0,0,0,0,0,1,0,0,0,0,0,0
Software Engineer,2,1,0,6,0,0,0,0.6631226582407952,0.7485107481711011,1008.0,1106.0,1225.0,1193.0,1057.0,1133.0,-157.5,-103.0,69.29646455628166,97.32762540341088,555.4148400000001,1048.625,1018.94236,971.0,404.396834804626,1225.0,160.0,-98.0,-119.0,32.0,-0.08860759493670889,-0.0971428571428572,0.026823134953897654,1,0,0,0,0,0,0,1,0,0,0,0,0,0
Software Engineer,2,1,0,7,0,0,0,0.7485107481711011,0.6631226582407953,857.0,1008.0,1106.0,1225.0,932.5,1049.0,-200.0,-157.5,106.77312395916867,155.74551892965226,585.5733560000001,952.8125,873.194236,954.7142857142857,371.6681827857183,1225.0,160.0,-151.0,-98.0,-119.0,-0.14980158730158732,-0.08860759493670889,-0.0971428571428572,1,0,0,0,0,0,0,1,0,0,0,0,0,0
Software Engineer,2,1,0,8,0,0,0,0.8229838658936564,0.5680647467311559,825.0,857.0,1008.0,1106.0,841.0,949.0,-107.5,-200.0,22.627416997969522,131.61813451547374,609.5160204000001,888.90625,829.8194235999999,938.5,347.14056436632615,1225.0,160.0,-32.0,-151.0,-98.0,-0.037339556592765444,-0.14980158730158732,-0.08860759493670889,1,0,0,0,0,0,0,1,0,0,0,0,0,0
Software Engineer,3,1,0,9,0,0,0,0.8854560256532099,0.4647231720437686,748.0,825.0,857.0,1008.0,786.5,859.5,-93.0,-107.5,54.44722215136416,109.05808849721633,623.3644183600001,818.453125,756.18194236,917.3333333333334,330.8708207140666,1225.0,160.0,-77.0,-32.0,-151.0,-0.09333333333333338,-0.037339556592765444,-0.14980158730158732,0,0,0,0,1,0,0,1,0,0,0,0,0,0
Software Engineer,3,1,0,10,0,0,0,0.9350162426854148,0.35460488704253557,1119.0,748.0,825.0,857.0,933.5,887.25,332.5,-93.0,262.33661582020915,161.13012339927835,672.9279765240001,968.7265625,1082.718194236,937.5,318.3999057788805,1225.0,160.0,371.0,-77.0,-32.0,0.4959893048128343,-0.09333333333333338,-0.037339556592765444,0,0,0,0,1,0,0,1,0,0,0,0,0,0
Software Engineer,3,1,0,11,0,0,0,0.970941817426052,0.23931566428755804,904.0,1119.0,748.0,825.0,1011.5,899.0,-29.5,332.5,152.02795795510772,159.89788408022582,696.0351788716001,936.36328125,921.8718194236001,934.4545454545455,302.2295034030806,1225.0,160.0,-215.0,371.0,-77.0,-0.19213583556747094,0.4959893048128343,-0.09333333333333338,0,0,0,0,1,0,0,1,0,0,0,0,1,0
Software Engineer,3,1,0,12,0,0,0,0.992708874098054,0.120536680255323,589.0,904.0,1119.0,748.0,746.5,840.0,-422.5,-29.5,222.73863607376248,226.12828217629036,685.3316609844401,762.681640625,622.28718194236,905.6666666666666,304.93228259680376,1225.0,160.0,-315.0,-215.0,371.0,-0.3484513274336283,-0.19213583556747094,0.4959893048128343,0,0,0,0,1,0,0,1,0,0,0,0,1,0
Software Engineer,4,2,0,13,0,0,0,1.0,-1.6081226496766366e-16,657.0,589.0,904.0,1119.0,623.0,817.25,-89.5,-422.5,48.08326112068523,242.45738457166723,682.4984948859961,709.8408203125,653.528718194236,886.5384615384615,299.9860039470218,1225.0,160.0,68.0,-315.0,-215.0,0.11544991511035652,-0.3484513274336283,-0.19213583556747094,0,0,0,0,1,0,0,0,1,0,0,0,0,0
Software Engineer,4,2,0,14,0,0,0,0.992708874098054,-0.12053668025532288,844.0,657.0,589.0,904.0,750.5,748.5,221.0,-89.5,132.22896808188437,149.56938189348782,698.6486453973965,776.92041015625,824.9528718194235,883.5,288.44136852560365,1225.0,160.0,187.0,68.0,-315.0,0.28462709284627086,0.11544991511035652,-0.3484513274336283,0,0,0,0,1,0,0,0,1,0,0,0,0,0
Software Engineer,4,2,0,15,0,0,0,0.9709418174260521,-0.2393156642875575,874.0,844.0,657.0,589.0,859.0,741.0,123.5,221.0,21.213203435596427,139.59226339593465,716.1837808576569,825.460205078125,869.0952871819424,882.8666666666667,277.9598806268546,1225.0,160.0,30.0,187.0,68.0,0.035545023696682554,0.28462709284627086,0.11544991511035652,0,0,0,0,1,0,0,0,1,0,0,0,0,0
Software Engineer,4,2,0,16,0,0,0,0.9350162426854148,-0.35460488704253545,1096.0,874.0,844.0,657.0,985.0,867.75,237.0,123.5,156.97770542341354,179.92290015448285,754.1654027718912,960.7301025390625,1073.309528718194,896.1875,273.77002970863464,1225.0,160.0,222.0,30.0,187.0,0.25400457665903886,0.035545023696682554,0.28462709284627086,0,0,0,0,1,0,0,0,1,0,0,0,0,0
Software Engineer,4,2,0,17,1,0,0,0.8854560256532099,-0.4647231720437685,961.0,1096.0,874.0,844.0,1028.5,943.75,-24.0,237.0,95.45941546018392,112.97898034590331,774.8488624947021,960.8650512695312,972.2309528718193,900.0,265.5423695006129,1225.0,160.0,-135.0,222.0,30.0,-0.12317518248175185,0.25400457665903886,0.035545023696682554,0,0,0,0,1,0,0,0,1,0,0,0,0,0
Software Engineer,5,2,0,18,0,0,0,0.8229838658936565,-0.5680647467311557,903.0,961.0,1096.0,874.0,932.0,958.5,-125.5,-24.0,41.012193308819754,98.54440623394107,787.6639762452319,931.9325256347656,909.9230952871819,900.1666666666666,257.6149086843978,1225.0,160.0,-58.0,-135.0,222.0,-0.060353798126951075,-0.12317518248175185,0.25400457665903886,0,0,1,0,0,0,0,0,1,0,0,1,0,0
Software Engineer,5,2,0,19,0,0,0,0.7485107481711013,-0.663122658240795,718.0,903.0,961.0,1096.0,810.5,919.5,-214.0,-125.5,130.8147545195113,156.78966802694623,780.6975786207087,824.9662628173828,737.1923095287182,890.578947368421,253.82087204900884,1225.0,160.0,-185.0,-58.0,-135.0,-0.2048726467331119,-0.060353798126951075,-0.12317518248175185,0,0,1,0,0,0,0,0,1,0,0,1,0,0
Software Engineer,5,2,0,20,0,0,0,0.6631226582407952,-0.7485107481711012,515.0,718.0,903.0,961.0,616.5,774.25,-295.5,-214.0,143.54267658086914,201.51654191819256,754.1278207586378,669.9831314086914,537.2192309528718,871.8,260.93528134890386,1225.0,160.0,-203.0,-185.0,-58.0,-0.2827298050139275,-0.2048726467331119,-0.060353798126951075,0,0,1,0,0,0,0,0,1,0,0,0,0,0
Software Engineer,5,2,0,21,0,0,0,0.5680647467311558,-0.8229838658936564,268.0,515.0,718.0,903.0,391.5,601.0,-348.5,-295.5,174.65537495307723,272.75019095624236,705.5150386827739,468.9915657043457,294.92192309528724,843.047619047619,286.43244861406265,1225.0,160.0,-247.0,-203.0,-185.0,-0.47961165048543686,-0.2827298050139275,-0.2048726467331119,0,0,1,0,0,0,0,0,1,0,0,0,0,0
Software Engineer,6,2,0,22,0,0,0,0.46472317204376906,-0.8854560256532096,302.0,268.0,515.0,718.0,285.0,450.75,-89.5,-348.5,24.041630560342615,209.02531744583797,665.1635348144966,385.49578285217285,301.29219230952873,818.4545454545455,302.39499984413754,1225.0,160.0,34.0,-247.0,-203.0,0.12686567164179108,-0.47961165048543686,-0.2827298050139275,0,0,0,0,0,1,0,0,1,0,0,0,0,1
Software Engineer,6,2,0,23,0,0,0,0.35460488704253584,-0.9350162426854147,378.0,302.0,268.0,515.0,340.0,365.75,93.0,-89.5,53.74011537017761,109.61257531262856,636.447181333047,381.7478914260864,370.3292192309529,799.304347826087,309.3881696602049,1225.0,160.0,76.0,34.0,-247.0,0.2516556291390728,0.12686567164179108,-0.47961165048543686,0,0,0,0,0,1,0,0,1,0,0,0,0,1
Software Engineer,6,2,0,24,0,0,0,0.23931566428755768,-0.970941817426052,476.0,378.0,302.0,268.0,427.0,356.0,136.0,93.0,69.29646455628166,92.27495145848991,620.4024631997423,428.8739457130432,465.4329219230953,785.8333333333334,309.7006502311921,1225.0,160.0,98.0,76.0,34.0,0.2592592592592593,0.2516556291390728,0.12686567164179108,0,0,0,0,0,1,0,0,1,0,0,0,0,1
Software Engineer,6,2,0,25,0,0,0,0.12053668025532308,-0.992708874098054,502.0,476.0,378.0,302.0,489.0,414.5,75.0,136.0,18.384776310850235,92.06338396271707,608.5622168797681,465.4369728565216,498.34329219230955,774.48,308.4485532467287,1225.0,160.0,26.0,98.0,76.0,0.054621848739495826,0.2592592592592593,0.2516556291390728,0,0,0,0,0,1,0,0,1,0,0,0,0,1
Software Engineer,7,3,0,26,0,0,0,-3.216245299353273e-16,-1.0,453.0,502.0,476.0,378.0,477.5,452.25,-36.0,75.0,34.64823227814083,53.39397593986301,593.0059951917913,459.2184864282608,457.5343292192309,762.1153846153846,308.72296019869685,1225.0,160.0,-49.0,26.0,98.0,-0.09760956175298807,0.054621848739495826,0.2592592592592593,0,0,0,0,0,1,0,0,0,1,0,0,0,1
Software Engineer,7,3,0,27,0,0,0,-0.12053668025532283,-0.992708874098054,808.0,453.0,502.0,476.0,630.5,559.75,330.5,-36.0,251.02290732122438,166.7060786734145,614.5053956726122,633.6092432141304,772.9534329219231,763.8148148148148,302.85653331582563,1225.0,160.0,355.0,-49.0,26.0,0.7836644591611479,-0.09760956175298807,0.054621848739495826,0,0,0,0,0,1,0,0,0,1,0,0,0,1
Software Engineer,7,3,0,28,0,0,0,-0.23931566428755743,-0.9709418174260521,777.0,808.0,453.0,502.0,792.5,635.0,146.5,330.5,21.920310216782973,183.39938204185242,630.754856105351,705.3046216070652,776.5953432921923,764.2857142857143,297.20560997931153,1225.0,160.0,-31.0,355.0,-49.0,-0.0383663366336634,0.7836644591611479,-0.09760956175298807,0,0,0,0,0,1,0,0,0,1,0,0,0,1
Software Engineer,7,3,0,29,0,0,0,-0.3546048870425356,-0.9350162426854148,840.0,777.0,808.0,453.0,808.5,719.5,47.5,146.5,44.54772721475249,179.51880124376947,651.6793704948159,772.6523108035326,833.6595343292192,766.8965517241379,292.18858206248365,1225.0,160.0,63.0,-31.0,355.0,0.08108108108108114,-0.0383663366336634,0.7836644591611479,0,0,0,0,0,1,0,0,0,1,0,0,0,1
Software Engineer,7,3,0,30,0,0,0,-0.46472317204376806,-0.8854560256532101,761.0,840.0,777.0,808.0,800.5,796.5,-47.5,47.5,55.86143571373726,34.952348514322594,662.6114334453343,766.8261554017663,768.265953432922,766.7,287.10867220474626,1225.0,160.0,-79.0,63.0,-31.0,-0.09404761904761905,0.08108108108108114,-0.0383663366336634,0,0,0,0,0,1,0,0,0,1,0,0,0,1
Software Engineer,8,3,0,31,0,0,0,-0.5680647467311556,-0.8229838658936566,914.0,761.0,840.0,777.0,837.5,823.0,113.5,-47.5,108.18733752154178,69.59406104929742,687.750290100801,840.4130777008832,899.4265953432922,771.4516129032259,283.5199979671837,1225.0,160.0,153.0,-79.0,63.0,0.2010512483574245,-0.09404761904761905,0.08108108108108114,0,1,0,0,0,0,0,0,0,1,0,0,0,0
Software Engineer,8,3,0,32,0,0,0,-0.663122658240795,-0.7485107481711013,1069.0,914.0,761.0,840.0,991.5,896.0,231.5,113.5,109.60155108391487,131.16656077928806,725.8752610907209,954.7065388504416,1052.0426595343292,780.75,283.8261621531403,1225.0,160.0,155.0,153.0,-79.0,0.16958424507658654,0.2010512483574245,-0.09404761904761905,0,1,0,0,0,0,0,0,0,1,0,0,0,0
Software Engineer,8,3,0,33,0,0,0,-0.7485107481711011,-0.6631226582407952,940.0,1069.0,914.0,761.0,1004.5,921.0,-51.5,231.5,91.21677477306463,126.37774065607177,747.2877349816488,947.3532694252208,951.2042659534329,785.5757575757576,280.72829728037647,1225.0,160.0,-129.0,155.0,153.0,-0.1206735266604303,0.16958424507658654,0.2010512483574245,0,1,0,0,0,0,0,0,0,1,0,0,0,0
Software Engineer,8,3,0,34,0,0,0,-0.8229838658936564,-0.5680647467311559,1120.0,940.0,1069.0,914.0,1030.0,1010.75,115.5,-51.5,127.27922061357856,99.4899492411168,784.5589614834839,1033.6766347126104,1103.1204265953434,795.4117647058823,282.32896325698,1225.0,160.0,180.0,-129.0,155.0,0.1914893617021276,-0.1206735266604303,0.16958424507658654,0,1,0,0,0,0,0,0,0,1,0,0,0,0
Software Engineer,9,3,0,35,0,0,0,-0.8854560256532096,-0.4647231720437691,1182.0,1120.0,940.0,1069.0,1151.0,1077.75,152.0,115.5,43.840620433565945,102.80199414408263,824.3030653351356,1107.8383173563052,1174.1120426595344,806.4571428571429,285.71883987967067,1225.0,160.0,62.0,180.0,-129.0,0.05535714285714288,0.1914893617021276,-0.1206735266604303,0,0,0,0,0,0,1,0,0,1,0,0,0,0
Software Engineer,9,3,0,36,0,0,0,-0.9350162426854147,-0.3546048870425359,1248.0,1182.0,1120.0,940.0,1215.0,1122.5,97.0,152.0,46.66904755831214,132.4172697699712,866.672758801622,1177.9191586781526,1240.6112042659533,818.7222222222222,291.0642159005085,1248.0,160.0,66.0,62.0,180.0,0.055837563451776706,0.05535714285714288,0.1914893617021276,0,0,0,0,0,0,1,0,0,1,0,0,0,0
Software Engineer,9,3,0,37,0,0,0,-0.970941817426052,-0.23931566428755774,826.0,1248.0,1182.0,1120.0,1037.0,1094.0,-389.0,97.0,298.3990616607231,186.15405806302832,862.6054829214598,1001.9595793390763,867.4611204265955,818.918918918919,286.995681188796,1248.0,160.0,-422.0,66.0,62.0,-0.33814102564102566,0.055837563451776706,0.05535714285714288,0,0,0,0,0,0,1,0,0,1,0,0,0,0
Software Engineer,9,3,0,38,0,0,0,-0.992708874098054,-0.12053668025532357,685.0,826.0,1248.0,1182.0,755.5,985.25,-352.0,-389.0,99.7020561473032,272.7995295694868,844.8449346293139,843.4797896695381,703.2461120426595,815.3947368421053,283.92314714560354,1248.0,160.0,-141.0,-422.0,66.0,-0.17070217917675545,-0.33814102564102566,0.055837563451776706,0,0,0,0,0,0,1,0,0,1,0,0,0,0
Software Engineer,10,4,1,39,0,1,0,-1.0,-1.8369701987210297e-16,732.0,685.0,826.0,1248.0,708.5,872.75,-23.5,-352.0,33.23401871576773,256.94276275725946,833.5604411663826,787.7398948347691,729.124611204266,813.2564102564103,280.48048228828577,1248.0,160.0,47.0,-141.0,-422.0,0.06861313868613128,-0.17070217917675545,-0.33814102564102566,0,0,0,0,0,0,1,0,0,0,0,0,0,0
Software Engineer,10,4,0,40,0,0,0,-0.992708874098054,0.1205366802553232,966.0,732.0,685.0,826.0,849.0,802.25,257.5,-23.5,165.46298679765212,123.90957724620529,846.8043970497444,876.8699474173845,942.3124611204265,817.075,277.91258425479674,1248.0,160.0,234.0,47.0,-141.0,0.319672131147541,0.06861313868613128,-0.17070217917675545,0,0,0,0,0,0,1,0,0,0,0,0,0,0
Software Engineer,10,4,0,41,0,0,0,-0.9709418174260521,0.23931566428755738,1004.0,966.0,732.0,685.0,985.0,846.75,155.0,257.5,26.870057685088806,161.53302036013147,862.5239573447699,940.4349737086923,997.8312461120427,821.6341463414634,275.96510251275987,1248.0,160.0,38.0,234.0,47.0,0.039337474120082705,0.319672131147541,0.06861313868613128,0,0,0,0,0,0,1,0,0,0,0,0,0,0
Software Engineer,10,4,0,42,0,0,0,-0.9350162426854148,0.35460488704253557,981.0,1004.0,966.0,732.0,992.5,920.75,-4.0,155.0,16.263455967290593,126.80003943217046,874.3715616102929,960.7174868543461,982.6831246112042,825.4285714285714,273.6858750249149,1248.0,160.0,-23.0,38.0,234.0,-0.02290836653386452,0.039337474120082705,0.319672131147541,0,0,0,0,0,0,1,0,0,0,0,0,0,0
Software Engineer,10,4,0,43,0,0,0,-0.8854560256532101,0.464723172043768,954.0,981.0,1004.0,966.0,967.5,976.25,-38.5,-4.0,19.091883092036785,21.54646142641488,882.3344054492636,957.3587434271731,956.8683124611205,828.4186046511628,271.11798807004584,1248.0,160.0,-27.0,-23.0,38.0,-0.02752293577981646,-0.02290836653386452,0.039337474120082705,0,0,0,0,0,0,1,0,0,0,0,0,0,0
Software Engineer,11,4,0,44,0,0,0,-0.822983865893657,0.5680647467311548,996.0,954.0,981.0,1004.0,975.0,983.75,28.5,-38.5,29.698484809834994,22.00568108466504,893.7009649043373,976.6793717135865,992.086831246112,832.2272727272727,269.1352961077266,1248.0,160.0,42.0,-27.0,-23.0,0.04402515723270439,-0.02752293577981646,-0.02290836653386452,0,0,0,0,0,0,1,0,0,0,0,0,0,0
